"Line","BEHT_16_17","BLHT_16_17","B5IR_16_17","F5IR_16_17","DRT_16_17","B2IR_16_17"
"7460951",7.06,3.45,6.48,6.99,4.33,4.57
"7461098",7.24,3.67,6.76,7.01,4.08,4.56
"7461113",6.28,3.25,6.57,7.2,3.9,4.6
"7461202",7.42,3.13,6.47,7.95,4.53,5.02
"7461385",7.29,3.66,7.22,6.7,4.45,5.07
"7461607",6.75,3.51,6.55,6.1,4.2,4.77
"7461738",7.61,3.34,7.09,6.89,4.46,4.74
"7461788",6.79,3.6,6.58,7.71,4.47,4.47
"7461841",5.81,2.04,6.17,6.53,4.71,4.68
"7461855",5.96,2.99,6.04,7.05,4.91,5.22
"7461908",6.91,3.65,5.9,6.83,4.53,4.8
"7462007",6.27,2.9,6.2,6.63,4.69,4.97
"7462209",6.92,2.63,6.47,6.76,4.68,5.04
"7462234",6.24,3.29,6.11,6.6,4.84,5.03
"7462304",7.66,2.43,6.6,6.86,4.78,4.63
"7462369",7.58,3.29,6.79,5.17,4.4,4.3
"7462656",7.58,2.9,6.6,7.68,4.56,5.21
"7624681",5.7,3.24,6.36,7.22,4.83,5.4
"7624687",6.18,2.64,6.85,7.13,4.46,5.06
"7624695",5.69,2.92,7.5,6.43,4.26,4.31
"7624712",5.92,2.97,6.85,6.53,4.55,4.13
"7624733",6.92,2.38,7.25,6.08,4.49,4.68
"7624738",6.13,2.08,6.79,5.93,3.58,4.32
"7624753",5.86,2.88,7.04,6.68,4.74,5.25
"7624785",6.18,2.64,7.24,6.48,3.74,4.58
"7624831",6.07,3.27,6.97,6.86,4.08,4.96
"7624838",5.74,2.54,7.04,6.51,3.79,4.73
"7624891",5.5,1.96,6.87,6.22,3.9,4.51
"7624964",6.37,2.93,6.51,5.49,4.18,5.41
"7625055",6.61,2.77,6.2,6.67,4.31,4.93
"7625112",5.08,3.05,6.95,6.03,4.47,4.9
"7625147",6.19,2.65,7.08,5.7,3.86,4.5
"7625157",5.9,2.56,6.52,6.49,4,5.23
"7625163",5.97,1.66,6.47,5.91,4.43,5.57
"7625211",5.63,2.77,5.99,6.8,4.18,5.12
"7625240",5.4,3.05,6.06,6.26,4.03,4.67
"7625264",6.43,2.97,6.43,6.58,4.6,5.39
"7625273",6.81,3.15,6.42,6.43,4.29,5.42
"7625276",5.5,2.92,6.41,6.41,4.49,5.12
"7625281",6.27,3.15,6.5,6.37,4.39,5.29
"7625285",5.62,2.78,6.25,5.69,3.89,4.86
"7625361",6.21,2.31,5.97,6.56,3.95,5.07
"7625362",6.17,1.79,6.26,6.05,4.05,4.88
"7625368",5.93,1.62,6.87,5.67,3.52,4.56
"7625495",5.01,2.01,5.6,6.87,4.46,5.3
"7625592",5.43,2.51,5.96,6.31,3.91,4.96
"7625597",6.25,2.49,7.17,5.34,3.89,4.72
"7625639",6.52,2.5,6.97,6.1,4.09,5.19
"7625650",5.62,2.28,5.9,6.67,4.2,5.25
"7625651",6.2,2.22,6.54,6.38,4.11,5.38
"7625762",4.49,2.21,6.69,6.02,3.65,4.33
"7625802",6.86,2.39,6.76,7.21,4.08,4.94
"7625823",7.2,3.06,6.67,6.52,4.31,4.44
"7625967",5.74,1.83,6,5.92,3.97,5.1
"7626017",5.76,2.36,6.53,5.95,4.56,5.21
"7626030",6.12,2.52,6.55,6.42,4.66,5.2
"7626073",6.73,3.21,7.39,7.28,4.37,5.19
"7626077",6.61,3.18,7.09,7.34,4.79,5.1
"7626085",6.65,2.57,7.02,7.56,4.46,5.38
"7626087",6.37,3.03,6.65,7.14,4.32,5.22
"7626092",7.05,2.15,7.04,6.73,3.78,4.08
"7626095",6.34,2.94,6.84,7.06,4.67,5.56
"7626097",6.85,2.82,7.53,6.84,3.85,5
"7626098",6.58,2.6,7.28,7.28,4.09,5
"7626100",7.49,2.42,6.98,7.05,3.58,4.73
"7626101",6.75,2.95,7.19,6.69,4.04,5.26
"7626177",5.12,2.41,5.87,6.08,3.97,4.65
"7626200",5.27,1.36,6.91,5.8,4.2,4.52
"7626202",6.21,1.39,6.94,5.9,4.25,4.32
"7626305",6.61,3.28,7.61,6.64,4.16,5.14
"7626306",7.75,2.41,7.13,7.04,3.95,4.5
"7626308",7.73,2.64,7.51,7.19,4.25,5.05
"7626320",8.03,2.95,7.78,7.05,4.42,5.12
"7626327",7.33,3.01,7.52,6.84,4.44,5.04
"7626333",7.83,2.71,7.41,6.85,4.16,5.24
"7626339",6.46,3.18,7.1,6.86,4.51,5.21
"7626354",7.21,3.27,7.67,7,4.25,4.83
"7626361",6.52,3.52,7.11,6.8,3.85,5.38
"7626362",7.46,2.94,7.26,6.61,3.87,5.07
"7626366",7.78,3.23,7.59,6.83,3.71,5.06
"7626377",6.7,3,7.04,6.69,4.07,4.64
"7626378",6.8,3.13,6.77,6.64,3.89,5.11
"7626381",6.88,3.17,6.95,7.2,3.93,5.04
"7626382",6.57,3.05,7.17,6.36,3.72,4.72
"7626383",6.92,3.04,7.05,6.55,4.07,5.05
"7626390",7.27,3.68,7.19,6.69,4.12,5.36
"7626392",7.37,3.23,7.68,7.19,4.14,5.13
"7626396",6.61,3.31,7.33,7.01,3.91,5.29
"7626401",6.86,2.97,7.62,5.84,3.88,4.94
"7626402",6.9,3.83,7.41,6.95,4.19,5.59
"7626403",7.46,3.02,7.37,6.81,3.95,5.08
"7626414",6.97,3.09,6.78,6.88,4.41,5.31
"7626418",7.28,2.84,6.41,6.47,4.19,5.44
"7626419",7.25,2.97,6.97,7.55,3.91,5.21
"7626425",6.76,2.78,5.95,7.2,4.41,5.38
"7626433",6.7,2.85,6.82,6.34,3.93,5.37
"7626446",7.28,2.81,7.35,6.19,3.85,5.42
"7626450",6.92,2.79,6.61,6.86,3.92,5.23
"7626460",7.05,3.2,6.67,6.08,4.13,5.47
"7626476",6.54,3.15,5.96,6.33,3.81,5.47
"7626528",6.46,2.68,6.09,5.85,4.25,4.7
"7626570",7.79,2.64,7.51,7.03,4.68,5.33
"7626611",6.7,2.75,6.06,6.79,4.62,5.12
"7626687",7.82,1.99,7.29,5.91,3.57,4.23
"7626725",5.49,2.53,6.91,5.8,4.31,5.03
"7626817",7.45,3.18,6.81,7.5,4.97,6.12
"7626876",5.89,2.71,6.93,6.39,4.06,5.13
"7626893",7.08,2.46,6.53,5.9,4.35,5.43
"7626952",6.13,2.48,6.39,6.94,4.26,5.72
"7627005",6.92,2.79,6.04,6.27,4.29,5.4
"7627125",6.23,2.72,5.85,6.23,4.22,5.14
"7627240",6.61,2.86,6.73,6.47,3.94,5.53
"7627251",6.43,2.95,6.44,6.94,4.26,5.48
"7627261",6.08,2.44,5.89,6.06,3.96,5.46
"7627359",5.7,2.39,5.87,6.81,4.06,5.3
"7627366",5.42,2.4,5.17,5.17,4.22,5.51
"7627433",6.58,3.2,5.87,6.1,3.88,5.08
"7627435",6.63,3.32,6,6.59,3.9,5.14
"7627438",7.05,2.92,5.9,6.87,3.32,5.17
"7627439",7.22,3.11,6.01,7.04,4.07,4.97
"7627446",6.35,3.15,5.96,6.78,3.38,4.92
"7627560",6.79,2.48,7.79,6.43,3.43,4.38
"7627584",5.37,2.56,7.03,6.8,3.42,4.31
"7627605",5.32,2.6,6.65,6.58,3.59,4.73
"7627648",5.82,3.23,6.68,6.41,3.92,4.72
"7627678",6.96,2.31,7.04,6.93,4.05,5.19
"7627696",7.32,2.4,7.05,6.79,3.82,4.8
"7627721",6.89,2.99,7.09,6.33,3.97,4.83
"7627730",6.15,3.39,6.28,6.95,4.28,5.13
"7627768",5.63,2.96,5.72,6.88,4.6,5.28
"7627795",6.13,1.38,7.32,6.21,3.54,3.97
"7627834",5.95,3.42,6.64,6.54,3.94,5.05
"7627903",5.83,3.46,5.72,6.58,3.93,5.09
"7627997",5.98,2.46,6.99,5.89,4.19,5.02
"7628001",6.59,2.92,6.63,6.64,4.27,4.91
"7628071",6.88,2.79,6.81,6.58,4.12,4.83
"7628084",6.46,2.74,6.85,7.26,4.41,5.57
"7628180",6.04,2.78,5.5,6.74,4.13,5.19
"7628201",7.05,3.9,7.23,5.77,3.3,4.16
"7628213",6.4,3.36,6.72,6.34,3.78,4.92
"7628437",6.53,2.4,7.27,6.58,4.08,3.9
"7628442",6.54,2.83,7.07,4.13,4.3,4.46
"7628467",6.34,3.45,5.67,6.89,4.2,5.53
"7628468",7.36,3.46,7.42,6.56,4.34,4.84
"7628473",7.26,3.01,6.97,6.43,4.19,5.08
"7628492",7.25,3.94,6.48,7.3,3.92,5.09
"7628540",5.02,3,6.08,6.58,4.24,5.03
"7628581",7.1,3.5,6.81,5.67,4.12,4.7
"7628593",6.07,3.02,6.09,6.86,4.27,5.15
"7628597",6.71,3.27,6.38,6.41,4.17,4.66
"7628724",7.13,2.93,5.98,5.97,4.08,4.66
"7628728",7.44,2.84,6.85,5.07,4.01,4.86
"7628787",5.72,2.6,5.5,6.87,4.49,5.02
"7628810",7.57,3.15,6.21,5.77,4.25,5.1
"7628841",7.71,2.64,6.84,6.21,3.59,3.68
"7628988",7.13,3.34,6.63,6.3,3.85,4.74
"7629060",6.14,2.73,5.84,6.81,4.1,4.8
"7629076",5.54,2.99,5.79,5.89,4.15,4.62
"7629231",6.1,2.09,6.97,6.39,3.36,4.62
"7629289",6.78,2.79,6.75,6.53,3.57,4.5
"7629318",6.51,2.15,5.88,5.59,4.46,5.02
"7629453",5.84,3.31,6.52,6.33,4.07,4.77
"7629455",6.7,3.03,6.82,7.65,4.28,5.18
"7629511",6.48,2.59,6.58,6.4,4.37,5.02
"7629558",6.37,3.11,6.53,6.77,4.42,4.79
"7629585",7.25,2.81,7.11,5.97,3.79,4.32
"7629600",6.2,2.35,7.01,5.82,3.73,4.54
"7629692",6.92,3.51,6.66,7.55,3.72,4.96
"7629693",6.4,3.5,6.81,7.13,4.15,5.53
"7629729",6.12,2.87,6.61,4.65,3.87,4.34
"7629733",6.07,3.63,6.3,5.05,3.71,4.4
"7629755",5.38,2.74,6.71,5.41,4.09,4.52
"7629758",5.38,2.56,6.44,5.74,3.9,4.13
"7629772",5.52,3.3,6.09,6.1,4.03,4.18
"7629785",6.47,3.58,6.72,4.85,4.12,4.7
"7629799",6.41,3.31,6.51,5.56,4.32,4.62
"7629802",6.05,3.06,6.68,4.9,3.84,4.29
"7629904",5.64,2.7,7.39,4.21,3.93,4.75
"7629913",6.97,3.06,6.17,6.53,4.85,5.25
"7629982",7.41,3.21,7.64,6.59,4.4,5.05
"7630037",6.5,3.08,6.97,6.27,4.84,4.97
"7630047",5.87,3.01,7.38,5.77,4.11,4.66
"7630056",6.31,3.44,6.76,6.01,4.12,5
"7630179",7.06,3.05,7.04,6.19,4.66,5.24
"7630252",6.18,3.02,7.9,5.18,4,4.5
"7630341",5.2,3.12,6.01,6.16,4.35,4.91
"7630348",5.94,3.4,6.42,6.25,4.43,5.27
"7630418",6.72,3.07,7.15,5.81,3.71,4.99
"7630425",6.64,3.65,7,5.37,4,4.9
"7630458",6.2,3.17,7.27,5.17,3.84,4.95
"7630467",6.89,3.52,7.17,7.09,3.96,4.69
"7630468",6.18,3.13,7.33,5.08,3.86,4.86
"7630522",5.95,2.5,6.34,7.42,4.66,5.32
"7630530",5.63,2.64,6.22,7.48,4.58,5.21
"7630543",6.36,3.37,6.55,6.94,4.47,5.34
"7630553",5.82,3.12,6.86,7.71,4.31,5.34
"7630830",5.32,3.46,7.2,7.45,5.1,5.39
"7630850",6.56,2.3,7.12,6.89,5.05,5.09
"7630949",6.59,2.62,6.85,6.84,4.47,5.28
"7631006",5.73,2.22,6.25,7.57,4.08,5.24
"7631063",5.98,2.2,6.53,5.92,4.24,5.34
"7631090",6.63,1.72,6.37,5.83,3.67,4.9
"7631094",5.95,1.91,6.21,5.82,3.81,5.14
"7631140",6.4,2.46,6.51,6.04,3.99,5.28
"7631147",5.81,2.26,7.23,5.9,3.6,4.49
"7631173",6.25,1.52,7.12,5.39,3.55,4.21
"7631187",6.5,2.59,6.28,6.66,4.15,5.52
"7631240",7.27,3.05,6.74,6.55,3.91,5.45
"7631329",6.1,2.61,6.04,6.58,4.32,5.22
"7631370",4.42,2.56,6.35,5.13,3.98,5.09
"7631382",5.71,2.66,5.42,6.38,3.95,5.09
"7631398",5.99,3.12,6.42,6.15,3.17,4.76
"7631433",7,2.65,6.22,7.62,4.16,5.84
"7631434",7.29,2.95,6.77,7.05,4.33,5.53
"7631435",6.52,3.54,6.31,6.64,4.19,5.73
"7631438",6.54,2.71,6.41,6.41,4.52,5.6
"7631519",6.21,2,6.96,6.85,3.87,4.74
"7631531",6.13,2.77,6.48,6.17,3.8,4.7
"7631563",7.36,2.63,6.5,6.34,4.32,4.76
"7631619",7.24,3.41,6.55,6.31,4.77,4.76
"7631628",6.62,3.17,5.88,6.65,4.16,4.55
"7631640",7.17,3.43,6.08,5.85,3.48,4.2
"7631723",6.98,3.35,6.59,5.7,3.61,4.35
"7631725",6.82,2.82,6.77,5.23,3.58,4.6
"7631811",7.07,2.28,6.02,6.25,4.08,4.68
"7631846",6.45,3.3,6.17,7.25,3.86,4.55
"7631994",7.23,3.05,6.69,6.79,3.93,4.48
"7632194",7.09,3.69,7.32,6.44,4.11,4.63
"7632196",7.06,3.33,6.97,6.7,4.4,4.8
"7632200",6.44,3.19,6.66,6.24,4.91,5
"7632217",6.13,3.57,6.8,6.35,4.28,5.01
"7632219",7.22,3.22,7.1,5.51,4.62,4.66
"7632233",7.04,3.74,7.15,6.44,4.71,4.94
"7632372",5.66,3.42,7.06,6.26,4.08,4.97
"7632416",6.15,2.88,6.61,7.28,4.26,4.96
"7632444",6.51,2.82,7.16,6.23,3.99,5.5
"7632448",5.63,2.72,7,6.43,4.29,5.44
"7632459",6.54,3.39,7.39,7.78,4.8,5.65
"7632463",6.53,3.57,7.45,7.49,4.46,6.01
"7632468",6.27,3,7,6.69,4.5,6
"7632474",6.13,3.1,7.04,6.19,4.24,5.27
"7632477",4.23,3.13,7.16,5.51,3.95,4.61
"7632650",6.89,2.24,6.73,6.75,4.39,4.87
"7632664",5.68,3.06,7.02,7.03,4.74,4.91
"7632678",6.05,2.39,6.94,7.14,4.18,4.58
"7460318",6.33,3.04,6.4,5.86,3.63,4.03
"7460639",7.45,2.68,6.45,6.56,3.71,4.78
"7461071",6.8,2.44,6.24,5.58,3.52,4.58
"7461204",7.44,2.88,6.87,7.59,4.09,4.63
"7461428",6.52,3.2,6.79,6.55,4.51,4.78
"7461477",7.11,3.03,6.41,7.13,4.44,5.27
"7461720",6.79,2.79,6.13,6.82,4.63,4.98
"7461790",6.18,3.08,5.98,6.66,4.22,5.04
"7461850",6.31,2.69,6.11,7.71,4.8,4.73
"7461942",6.43,3.02,5.96,7.77,4.64,4.75
"7462124",5.95,3.08,6.14,6.93,5.08,5.41
"7462232",6.32,3.12,5.9,7.25,5.06,4.66
"7462243",5.52,2.9,6.78,6.22,3.62,4.14
"7462246",6.49,2.6,6.36,5.43,3.77,4.14
"7462271",6.79,2.78,5.91,6.76,4.05,4.48
"7462344",6.77,2.89,6.28,7.3,4.43,4.8
"7462403",7.52,2.78,6.82,6.18,3.68,4.13
"7462655",7.96,3.28,6.99,7.07,4.16,4.83
"7624745",6.09,2.89,6.99,6.93,3.88,4.33
"7624770",4.7,2.47,5.53,6.66,4.47,4.55
"7624855",4.94,1.93,6.78,6.08,3.53,4.06
"7624880",5.44,2.2,6.13,5.35,3.8,4.31
"7624986",6.14,2.84,6.28,6.38,3.98,4.76
"7625125",5.65,2.85,6.31,6.52,4.08,5.13
"7625129",5.62,1.86,5.34,6.2,4.13,4.93
"7625159",5.65,1.74,5.87,5.47,4.42,5.2
"7625162",5.45,2.64,6.57,5.84,4.06,4.93
"7625257",5.68,1.68,6.19,7.04,4.2,4.99
"7625266",5.98,2.64,6.37,5.67,3.63,4.68
"7625274",5.56,2.73,6.15,6.47,4.19,5.12
"7625294",5.65,2.3,5.85,6.51,3.98,5.1
"7625603",4.26,1.29,6.49,5.79,3.04,3.7
"7625653",5.45,2.1,6.2,6.62,4.09,5.05
"7625654",6.93,1.57,6.68,7.1,4.07,5.16
"7625744",5.15,2.15,5.19,6.18,4.05,4.79
"7625795",6.08,2.42,6.23,7.77,4.28,5.19
"7625818",7.07,1.91,7.54,6.13,3.93,4.66
"7625826",7.52,2.15,7.13,6.8,3.66,5.05
"7625959",7.39,2.12,6.39,6.53,3.93,4.79
"7625973",6.16,2.46,5.93,6.7,4.59,4.9
"7625979",6.33,2.14,5.91,7.06,4.42,5.06
"7626003",6.35,2.65,6.51,7.07,4.23,5.18
"7626019",6.81,2.07,6.57,5.99,3.98,5.15
"7626021",6.19,2.71,6.67,6.79,4.43,4.41
"7626034",5.95,1.88,6.29,6.85,4.76,5.43
"7626056",7.16,2.27,6.84,6.63,4.16,4.24
"7626068",7.59,2.68,6.77,7.33,4.01,4.45
"7626072",6.01,2.67,6.3,6.35,4.48,5.29
"7626075",6.47,2.71,6.83,7.05,4.35,5.12
"7626082",7.23,1.86,7.23,6.92,4.12,4.66
"7626090",6.62,2.75,6.67,6.97,4.43,5.1
"7626091",6.6,2.62,6.91,6.93,4.6,5.14
"7626094",6.26,2.27,5.91,7.51,4.49,5.38
"7626096",7.14,2.4,6.52,6.7,3.91,5.04
"7626106",6.75,2.1,6.58,6.59,4.08,5.11
"7626107",7.13,2.39,6.64,7.26,3.95,4.84
"7626114",6.15,2.37,6.08,6.6,4.25,4.94
"7626117",6.64,2.14,6.12,6.73,4.03,4.85
"7626121",6.18,2.17,6.61,6.47,4.04,5.08
"7626167",5.28,2.49,6.18,6.04,4.24,4.52
"7626175",6.34,2.63,6.18,6.47,3.73,4.99
"7626183",6.99,2.31,6.77,6.27,4.23,5.04
"7626186",5.61,2.29,6.43,5.47,4.18,4.14
"7626204",6.03,2.08,7.4,6.44,4.56,4.17
"7626298",7.04,2.91,7.08,6.67,4.4,5.05
"7626301",6.9,2.66,7.02,6.47,4.37,4.69
"7626310",6.74,2.4,7.13,7.03,4.02,4.82
"7626319",7.17,2.4,7.28,7.36,4.55,5.25
"7626330",6.66,2.07,6.82,7,4.43,5.39
"7626332",6.71,2.21,6.8,6.49,4.48,4.77
"7626335",6.24,3.2,7.35,6.54,4.26,4.85
"7626336",6.54,2.31,7.18,6.88,4.24,5.41
"7626343",6.31,2.65,6.99,7.12,4.64,5.48
"7626346",7.14,2.3,7.34,6.73,4.24,5.06
"7626349",6.34,3.05,7.08,7.01,4.58,4.85
"7626356",7.23,2.84,7.11,7.05,4.29,4.81
"7626357",7.34,2.71,7.17,6.81,4.42,5.09
"7626359",6.34,3.37,7.23,6.85,4.32,5.18
"7626360",7.26,2.66,7.02,5.77,3.99,5.06
"7626365",7.38,2.54,7.19,6.54,3.98,4.77
"7626368",6.82,2.62,7.08,6.66,3.55,4.91
"7626370",7.66,3.17,6.87,6.36,3.82,5.03
"7626376",7.23,2.77,6.59,6.93,4,4.98
"7626380",7.47,2.56,7.35,5.55,3.8,4.85
"7626389",6.96,2.49,7.24,6.92,3.97,5.29
"7626391",6.5,2.47,6.87,6.53,4.01,4.72
"7626397",6.24,2.98,7.48,6.58,4.35,4.76
"7626408",6.21,2.5,6.48,6.83,4.09,5.31
"7626409",6.99,2.42,6.59,6.63,4.05,5.44
"7626416",7.18,2.47,6.39,6.37,4.1,5.31
"7626421",7.12,2.59,6.27,7.07,4.33,5.65
"7626423",7.59,2.64,7.31,6.9,4.15,5.39
"7626441",7.11,2.57,6.78,6.13,3.94,5.35
"7626451",7.61,2.54,7.32,6.34,4.1,5.43
"7626461",7.13,2.71,6.92,6.21,3.78,5.16
"7626498",7.75,2.08,7.36,5.84,4.19,4.88
"7626517",7.37,2.22,7.05,6.6,4.33,5.06
"7626569",8.19,2.52,6.63,6.72,4.7,5.21
"7626572",6.74,2.35,6.68,6.59,4.6,5.2
"7626584",5.54,2.59,5.45,7.08,4.59,5.36
"7626590",5.92,2.69,6.48,5.41,3.58,4.81
"7626657",6.17,2.2,7.19,4.33,3.7,4.71
"7626688",6.78,2.43,6.45,5.66,4.49,4.92
"7626689",5.97,2.5,6.95,5.55,4.18,5
"7626747",6.61,2.74,6.17,6.44,4.39,4.87
"7626780",6.69,2.24,6.14,6.09,4.4,5.21
"7626824",7.36,2.7,6.04,6.6,4.49,5.66
"7626826",6.15,2.84,5.74,6.26,4.55,5.8
"7626864",6.33,2.62,5.8,6.59,4.29,5.5
"7626865",6.71,2.74,6.19,7.24,4.5,5.62
"7626971",5.51,2.74,6.23,6.23,4.31,4.99
"7626976",5.48,2.37,5.6,6.22,4.45,5.18
"7627256",7.36,2.32,6.04,5.87,4.31,5.49
"7627324",6.4,2.66,6.52,5.85,4.23,5.41
"7627350",5.57,2.27,5.71,6.14,4.32,5.23
"7627400",6.15,2.86,5.86,5.67,4.44,5.46
"7627422",6.57,3.11,6.11,6.02,4.31,5.14
"7627423",6.92,2.92,5.46,6.45,4.25,5
"7627430",7.08,2.57,6.37,6.55,3.61,4.88
"7627441",7.42,2.67,5.91,7.15,3.33,4.55
"7627458",6.04,3.14,5.92,6.68,3.71,4.74
"7627532",6.83,2.42,6.77,6.79,4.11,5.44
"7627533",7.43,2.7,7,6.61,3.88,5.34
"7627534",7.6,2.21,6.68,6.95,3.55,5.07
"7627536",6.71,3.09,6.38,7.31,3.66,4.43
"7627538",7.63,2.59,6.2,7.23,3.68,4.75
"7627541",7.46,2.41,6.7,6.8,3.73,4.74
"7627556",6.36,2.43,6.74,7.11,3.83,4.87
"7627602",5.37,2.8,7.04,6.18,3.33,4.19
"7627645",5.86,2.85,6.61,6.12,3.14,4
"7627651",6.51,1.96,6.75,5.49,3.49,4.54
"7627655",6.32,2.18,6.24,5.67,3.56,4.67
"7627659",5.96,1.77,6.7,5.69,3.11,4.16
"7627677",6.26,0.58,6.54,6.36,1.97,4.21
"7627695",6.57,2.29,6.64,7.21,3.85,5.41
"7627699",6.92,1.79,6.67,7.17,3.84,5.29
"7627718",6.63,2.22,6.89,6.96,3.55,4.83
"7627739",5.78,2.47,6.15,7.27,3.96,4.89
"7627773",6.29,1.75,5.84,6.87,4.24,5.21
"7627777",6.43,2.69,6.36,6.38,4.31,5.3
"7627893",6.25,3.21,5.89,6.3,4.07,4.92
"7627899",5.24,2.82,5.55,6.27,4.4,5.34
"7627913",6.82,2.06,6.89,6.45,4.05,4.47
"7627914",6.08,2.87,5.89,6.81,4.33,5.32
"7627915",6.34,2.84,5.49,6.22,4.47,5.12
"7627998",6.57,2.19,6.73,6.75,3.98,4.22
"7628008",6.56,2.82,6.11,7.01,4.09,5.11
"7628065",7.18,3.17,6.65,6.56,3.62,4.15
"7628072",6.2,2.71,6.76,6.66,4.15,5.33
"7628074",6.79,2.88,6.51,6.82,4.29,5.48
"7628080",6.73,2.85,6.72,7.17,4.49,5.43
"7628212",6.04,3.63,6.92,6.89,3.96,5.15
"7628253",5.45,2.59,7.04,7.02,3.63,4.87
"7628335",6.2,3.29,7.13,6.2,3.85,4.59
"7628427",7.63,3.65,6.55,6.85,4.37,4.48
"7628466",7.87,3.05,7.01,7.49,4.72,4.75
"7628586",6.76,2.94,6.17,5.89,4.27,5.4
"7628632",6.1,2.12,6.84,4.15,2.55,4.03
"7628680",7.14,2.5,6.16,7.07,3.79,4.5
"7628772",6.93,2.03,6.51,4.72,3.77,4.19
"7628792",5.91,3.08,5.29,6.32,4.46,4.94
"7628807",6.42,2.84,6.16,6.74,4.14,4.75
"7628813",7.3,2.65,6.35,6.31,4.3,4.29
"7628850",6.67,3.04,6.27,6.75,4.53,5.21
"7628853",7.05,2.68,6.5,5.71,3.89,4.04
"7628883",5.92,3.48,5.17,6.48,4.17,4.68
"7628912",4.79,2.56,5.2,6.32,4.23,4.58
"7628927",7,2.89,6.78,6.17,3.28,4.23
"7628930",6.07,2.54,5.6,5.47,4.03,4.58
"7629062",6.25,2.76,5.83,6.46,3.94,4.59
"7629065",5.75,2.62,5.23,5.98,3.98,4.56
"7629079",6.31,3.05,5.99,6.42,3.95,4.55
"7629157",7.82,1.61,6.93,5.31,2.81,3.67
"7629253",6.83,2.47,6.88,4.54,3.8,4.77
"7629366",5.95,2.45,6.4,7.28,4.3,4.84
"7629380",5.85,2.8,5.81,6.73,3.95,4.89
"7629400",6.35,2.75,6.62,6.65,3.9,5.07
"7629449",6.56,2.35,6.54,6.83,4.26,5.07
"7629454",6.48,2.73,6.38,7.28,4.11,5.06
"7629477",6.16,2.4,6.12,6.51,4.33,5.12
"7629489",6.63,2.16,6.48,7.11,3.97,4.91
"7629509",6.24,2.33,6.6,7.31,4.37,4.88
"7629518",6.91,2.66,6.45,6.24,4.06,5.17
"7629559",7.08,2.72,6.53,6.49,3.97,4.67
"7629587",6.82,2.57,6.55,6.85,3.85,4.22
"7629588",6.55,3.39,6.41,6.79,4.25,4.63
"7629688",6.63,3.57,6.6,7.2,3.97,5.08
"7629715",7.36,3.27,6.58,6.69,3.97,4
"7629731",6.12,3.09,5.66,6.65,4.15,4.32
"7629741",6,3.02,5.61,6.33,4.14,4.1
"7629752",6.15,2.71,6.38,5.26,3.89,4.3
"7629766",5.65,2.4,5.9,5.4,3.94,4.41
"7629777",6.23,2.5,6.56,4.51,3.9,4.7
"7629784",6.14,2.56,7.19,5.02,3.79,4.72
"7629792",5.88,2.8,5.94,6.32,4.16,4.45
"7629801",6.33,2.28,6.62,5.84,4.36,4.27
"7629897",5.68,2.04,6.13,6.8,4.91,4.98
"7630045",6.14,2.56,6.77,5.97,4.29,4.55
"7630057",6.56,3.36,7.04,5.93,4.48,5.32
"7630077",7.04,3.32,7.38,5.48,4.35,5.02
"7630307",6.62,2.88,7.5,5.06,4.12,4.61
"7630339",6,3.36,6.48,6.28,3.97,4.84
"7630526",5.15,2.32,5.86,7.09,4.53,5.36
"7630552",6.57,3.11,7.05,7.42,4.25,4.96
"7630565",6.47,2.37,6.24,6.34,4.35,5
"7630704",6.68,2.72,6.63,6.84,4.64,5.08
"7630774",6.24,2.48,6.74,7.3,4.43,5.11
"7630834",6.25,3.12,7.66,7.75,4.83,5.07
"7630852",5.91,2.08,6.54,5.93,3.79,4.08
"7630870",5.99,2.01,7.17,6.84,4.22,4.5
"7630971",6.34,2.11,6.57,5.22,3.17,4.19
"7631158",5.92,2.18,6.33,6.5,4.11,4.68
"7631181",5.85,2.49,5.98,6.57,4.12,5.09
"7631182",6.48,2.6,6.23,6.61,4.35,5.16
"7631185",6.69,2.39,6.29,7.14,4.37,5.68
"7631193",7,2.63,6.6,7.04,4.28,4.77
"7631195",7.34,2.19,6.45,6.72,4.21,5.27
"7631237",6.86,2.38,6.98,5.82,3.04,4.91
"7631248",6.62,3.1,6.64,6.61,3.9,5.37
"7631314",6.41,2.66,6.16,5.96,4.34,5.34
"7631415",6.72,2.63,6.28,6.36,4.18,5.39
"7631416",7.14,2.5,6.4,6.52,4.07,5.04
"7631432",7.16,2.51,7.04,7.04,4.17,5.47
"7631439",7.13,2.59,5.92,6.24,4.23,5.43
"7631483",6.33,3.35,5.63,6.88,4.09,4.79
"7631533",6.33,3.26,6.03,6.55,3.68,4.61
"7631535",6.43,3.37,6.38,6.67,3.5,4.69
"7631539",6.08,2.99,6.1,6.5,4.01,5
"7631541",6.33,3.13,6.46,6.33,3.64,5.09
"7631544",5.98,2.5,7.03,6.64,3.66,4.95
"7631566",6.37,2.85,6.11,6.41,4.03,4.82
"7631568",6.94,2.75,6.25,6.45,4.43,4.84
"7631608",7.38,2.78,6.63,7.28,4.82,5.06
"7631614",7.34,2.79,6.61,6.96,4.83,4.99
"7631716",6.09,3.5,6.54,5.09,3.56,4.25
"7631718",7.26,3.25,6.16,4.92,3.73,4.5
"7631722",6.28,2.99,6.06,5.46,3.84,4.76
"7631905",6.02,2.22,5.66,5.81,3.77,4.2
"7631944",6.6,3.3,6.04,6.84,3.97,5.13
"7631949",6.64,3.28,6.32,6.44,4.26,4.72
"7631953",7.28,2.9,6.6,6.36,3.5,4.56
"7631988",7.16,3.11,6.53,7.01,3.76,4.45
"7632042",6.84,2.36,6.66,5.34,4.01,4.83
"7632179",7.13,3.54,6.72,6.14,4.57,5.1
"7632187",6.66,3.64,6.47,7.13,4.26,4.94
"7632189",6.67,3.87,7,7.03,4.45,4.95
"7632195",6.6,3.4,6.66,5.97,4.33,4.68
"7632203",7,3.15,6.69,5.91,3.85,4.79
"7632405",5.6,2.58,6.42,5.83,3.97,4.75
"7632443",6.17,2.74,6.83,6.32,3.98,5.32
"7632450",6.05,2.83,7.17,6.24,4.19,5.54
"7632451",5.82,2.9,6.5,6.14,4.43,5.53
"7632462",6.95,3.29,7.05,7.62,4.48,5.77
"7632527",5.84,3.01,6.67,5.93,4.37,4.8
"7632590",6.27,2.83,7.32,6.78,4.85,5.23
"7632666",5.86,3.01,6.46,7.16,4.43,4.94
"7632737",6.23,2.23,6.49,6.17,3.66,4.47
"7624667",6.29,3.15,5.88,7.61,4.58,4.59
"7625306",5.95,2.55,5.79,5.59,3.6,4.7
"7625432",6.49,2.26,6.68,6.07,3.9,4.66
"7625833",5.84,3.03,5.56,6,4.02,4.58
"7625899",7.31,2.43,7.1,7.5,4.46,5.25
"7626302",7.49,2.47,7.1,6.97,4.03,4.9
"7626303",7.23,2.27,7.42,7.09,4.8,4.95
"7628658",7.01,2.24,6.21,6.96,3.81,4.66
"7629111",5.63,3.19,6.03,6.95,4.04,5.12
"7630005",6,2.65,6.66,6.84,4.62,4.57
"7630020",6.59,3.26,7.11,6.59,4.4,4.72
"7630065",5.86,3.16,7.27,6.05,4.22,4.75
"7630084",6.4,2.99,7.65,5.45,4.47,4.91
"7630551",6.51,2.9,7.11,6.53,4.25,4.77
"7631053",5.48,2.47,6.44,4.9,3.73,4.76
"7631061",6.06,2.3,6.5,6.74,4.24,5.1
"7730237",5.92,2.62,6.9,5.58,4.31,5.33
"7459918",5.22,2.62,6.14,6.4,3.56,3.8
"7460296",6.5,3.13,5.97,6.64,4,4.39
"7460796",6.99,2.49,6.02,6.12,4.31,4.69
"7460821",7.28,2.99,6.21,7.5,4.32,4.81
"7460824",6.52,3.5,5.69,6.67,3.98,4.59
"7461103",6.69,3.1,5.55,6.97,3.95,4.84
"7461383",7.37,3.35,6.68,7.18,4.06,4.56
"7461541",6.36,2.68,5.25,7.15,4.37,4.45
"7461686",6.15,3.29,6.21,6.42,4.41,4.43
"7461901",7.43,2.84,7.02,6.39,4.11,4.33
"7462030",6.27,2.61,6.24,5.4,4.1,4.38
"7462066",5.85,2.76,5.52,6.85,4.35,4.59
"7462096",6.85,2.28,6.07,6.03,4.15,4.32
"7462103",5.14,2.15,5.1,5.99,3.97,4.38
"7462104",5.64,2.89,5.28,6.96,4.25,4.72
"7462108",5.86,2.78,5.41,6.96,4.53,4.67
"7462109",5.66,2.68,5.53,7.04,4.61,4.66
"7462116",6.55,3.25,5.99,6.75,4.52,4.42
"7462121",6.28,3.07,5.53,6.58,4.56,4.51
"7462211",7.61,1.79,6.13,6.76,4.5,4.55
"7462298",5.63,2.2,6.26,5.37,4.14,4.04
"7462301",7.53,2.9,6.18,5.67,4.57,3.98
"7462382",6.9,2.82,6.41,6.5,4.54,4.49
"7462383",5.03,2.64,6.44,4.29,4.69,4.44
"7462388",7.28,1.94,6.55,6.4,4.43,4.75
"7462406",6.06,2.31,6.29,5.94,3.81,4.02
"7462461",7,3.14,5.83,6.5,3.49,3.52
"7462462",6.69,3.51,6.22,5.89,3.85,3.97
"7462588",6.62,3.01,6.72,5.03,3.87,3.99
"7462653",8.15,2.54,6.84,7.08,3.71,4.28
"7462657",8.14,3.01,6.9,6.71,3.88,4.39
"7462660",7.99,2.68,6.88,6.95,3.9,4.13
"7462714",6.28,2.23,6.49,6.86,3.83,5
"7462717",5.97,1.53,6.78,5.78,3.09,4.32
"7462755",6.03,3.16,7.12,5.97,3.15,4.51
"7624680",5.73,2.31,6.79,5.26,4.34,4.96
"7624686",5.89,2.93,6.53,6.14,4.55,4.7
"7624688",6.31,2.28,5.95,6.98,4.39,4.85
"7624690",6.01,3.08,6.75,5.28,4.18,4
"7624696",6.21,2.89,6.86,7.02,4.1,4.35
"7624701",5.48,2.26,6.88,5.55,4.03,4.3
"7624708",5.38,2.5,6.86,6.64,4.36,4.35
"7624709",5.64,2.69,5.94,5.67,4.15,4.03
"7624727",5.6,2.42,6.65,6.18,4.29,4.61
"7624728",5.72,2.07,6.82,6.03,4.28,4.45
"7624749",5.71,2.55,6.86,5.79,4.28,5.1
"7624883",4.51,1.84,6.58,5.14,3.72,4.08
"7624890",5.63,1.96,5.59,6.12,3.51,4.35
"7624895",5.67,2.09,6.43,5.6,3.92,4.88
"7624898",5.09,2.59,6,6.85,4.34,5.27
"7624976",4.31,1.11,5.71,6.92,4.54,4.93
"7625126",5.26,2.39,5.26,5.19,4.08,4.36
"7625141",5.73,2.02,5.89,5.53,3.55,4.5
"7625143",6.22,2.13,5.76,5.35,3.67,4.9
"7625149",6.07,1.91,6.09,6.53,3.78,4.88
"7625161",4.84,2.02,6.82,6.26,3.93,4.88
"7625179",4.81,2.24,5.41,5.61,3.87,4.75
"7625207",5.68,2.54,5.58,5.56,4.28,4.8
"7625351",6.8,2.06,6.18,6.16,3.81,5.06
"7625358",6.27,2.19,6.17,6.3,4,5.22
"7625406",5.45,2.08,5.89,6.75,4,5.45
"7625589",5.2,2.25,5.75,6.55,3.28,4.61
"7625619",5.81,2.21,5.62,6.56,3.91,4.95
"7625655",6.16,2.14,5.81,6.4,3.84,4.76
"7625718",5.71,2.51,6.09,6.02,3.13,3.34
"7625742",6.59,1.96,5.59,5.82,3.39,4.23
"7625746",6.24,1.72,5.85,5.86,3.55,4.5
"7625747",5.83,1.9,5.86,5.64,3.11,3.93
"7625757",7.04,2,6.56,5.66,3.21,4.05
"7625764",6.79,2.3,6.23,6.47,3.71,3.96
"7625767",6.44,1.82,6.19,6.46,3.63,4.08
"7625768",6.15,2.23,6.07,5.93,3.69,3.63
"7625772",5.9,1.79,6.68,5.57,3.25,3.76
"7625790",5.83,1.87,6.48,5.73,3.1,4.17
"7625804",5.91,2.54,6.79,6.22,3.83,4.93
"7625806",4.77,2.41,6.03,5.76,3.18,4.04
"7625807",6.69,2.3,6.48,6.43,3.71,4.4
"7625812",6.57,1.87,6.25,6,3.58,4.57
"7625813",5.82,2.63,6.71,5.69,3.58,4.31
"7625822",6.36,3.05,5.97,6.69,3.65,5.38
"7625828",7.31,1.87,6.72,6.15,3.06,4.09
"7625834",6.65,2.09,6.29,6.25,3.72,4.32
"7625835",6.49,2.7,6.6,6.12,3.96,4.68
"7625836",6.66,2.33,6.02,6.4,3.87,5.09
"7625952",7.24,2.51,6.64,6.3,4.05,5.04
"7625954",6.51,1.51,6.47,6.06,3.32,4.65
"7625970",6.03,2.44,6.33,5.38,3.9,4.47
"7625980",6.4,1.82,5.72,6.7,3.87,4.27
"7625985",6.44,1.77,5.74,7.1,3.95,4.94
"7625987",6.58,1.92,6.51,6.27,4.22,5.28
"7626008",6.15,2.62,6.68,6.48,3.81,5.08
"7626023",5.99,2.51,6.01,6.01,3.83,4.65
"7626027",6.19,2.18,5.94,5.61,3.98,4.74
"7626067",6.78,1.27,7.12,6.98,4.1,4.56
"7626083",7.25,2.54,6.89,7.4,4.39,5.21
"7626084",6.67,2.48,6.76,7.31,4.12,4.68
"7626088",6.99,1.71,6.54,6.66,3.87,4.73
"7626089",7.16,1.6,6.92,6.06,4.06,4.29
"7626103",6.96,2.03,6.87,6.11,3.53,4.76
"7626180",6.43,1.57,6.63,5.57,3.99,4.28
"7626207",5.66,2.14,6.33,6.93,3.67,4.76
"7626220",6.82,2.06,6.62,5.83,4.58,4.51
"7626235",5.79,2.06,6,5.99,4.54,4.51
"7626255",4.93,1.97,6.4,5.4,3.91,3.83
"7626304",6.94,2.18,7.41,7.14,4.33,4.86
"7626307",7.67,2.25,7.17,6.39,4.03,4.48
"7626321",6.84,2.96,7,6.73,3.88,4.44
"7626326",7.27,2.62,7.19,6.3,4.31,4.65
"7626329",7.14,2.99,7.38,6.79,4.2,4.75
"7626341",6.83,2.03,7.41,6.62,4.29,5.01
"7626344",6.22,3.26,6.89,6.82,4.48,4.63
"7626345",6.49,2.73,6.81,6.78,4.44,4.89
"7626371",7.05,3.15,6.7,6.35,3.54,4.73
"7626385",5.26,1,7.21,5.84,3.5,4.68
"7626388",6.72,3.39,7.07,6.57,3.87,4.89
"7626398",6.46,3.23,6.91,6.78,3.81,5.08
"7626405",6.03,3.11,6.93,6.11,4.05,4.73
"7626417",6.74,2.53,6.6,6.97,4.39,5.44
"7626434",7.1,3,6.48,5.88,3.74,5.23
"7626435",6.74,2.47,6.25,6.12,3.3,5.23
"7626442",7.04,2.81,6.76,6.52,4.02,5.45
"7626480",7.12,2.37,6.89,6.45,3.15,4.79
"7626484",7.24,2.08,6.72,5.69,3.55,4.85
"7626486",5.69,1.59,6.64,5.77,2.06,4.13
"7626520",6.38,2.29,6.08,5.96,3.97,4.39
"7626549",7.53,2.41,6.78,6.19,4.27,4.73
"7626551",5.95,1.97,6.13,5.92,3.39,4.57
"7626563",6.18,2.27,6.71,5.74,4.11,4.26
"7626565",6.96,2.33,5.84,6.28,4.1,4.88
"7626568",5.11,1.79,6.9,5.47,3.58,4.38
"7626571",7.47,2.49,6.92,6.67,4.52,4.87
"7626576",7.15,1.73,6.1,5.47,3.8,4.85
"7626651",3.72,2.38,6.88,5.73,4.14,4.9
"7626664",5.02,2.05,6.86,5.25,4.05,4.7
"7626670",3.79,2.3,5.97,4.14,3.79,4.71
"7626674",3.38,2.24,6.67,4.76,4.27,4.85
"7626686",6.68,1.76,6.3,5.93,3.72,4.85
"7626690",5.16,1.81,6.66,5.36,4.35,4.55
"7626691",7.04,2.13,7.12,5.64,3.71,4.35
"7626726",5.15,2.03,5.48,6.14,4.32,5.47
"7626732",6.24,2.18,6.66,5.5,3.51,4.24
"7626736",5.98,2.42,6.84,5.98,3.66,4.54
"7626741",6.18,2.66,6.62,5.74,3.87,4.69
"7626758",6.5,2.32,6.38,5.61,3.93,4.24
"7626772",4.5,2.33,5.62,5.73,3.82,4.55
"7626778",5.35,2.54,6.56,5.5,4.33,5.14
"7626877",6.91,2.2,6.19,6.3,4.21,5.13
"7626881",6.23,2.07,5.94,6.4,4.55,5.28
"7626892",6.45,2.08,6.3,5.25,4.01,5.2
"7627041",5.9,2.27,5.89,6.16,4.26,5.1
"7627048",5.55,1.55,5.82,5.52,4.01,5.1
"7627062",6.16,2.26,5.8,5.77,4.17,4.82
"7627064",6.03,2.53,5.63,6.54,4.27,4.97
"7627065",5.86,2.24,5.03,6.63,4.39,5
"7627074",5.35,1.55,5.77,4.56,3.24,4.39
"7627127",4.5,2.19,5.84,4.99,3.14,4.43
"7627129",5.23,1.85,5.76,4.99,3.45,4.14
"7627134",5.81,1.87,5.01,5.35,2.7,4.28
"7627138",4.01,1.35,4.31,4.09,3.35,4.6
"7627139",4.61,1.83,5.3,4.91,3.27,4.66
"7627144",5.24,2.79,6.11,4.39,4.1,5.01
"7627147",6.34,1.96,5.83,4.63,3.41,4.51
"7627153",6.07,1.97,5.89,5.33,3.7,4.74
"7627159",7.44,2.8,6.27,6.16,3.97,4.81
"7627160",5.54,1.02,5.57,4.17,3.08,4.19
"7627188",5.44,2.11,4.42,5.11,3.74,5.09
"7627201",6.44,1.68,6,6.15,3.98,5.48
"7627209",5.92,2.38,4.27,5.54,3.95,4.87
"7627210",6.25,2.15,5.51,5.97,3.91,4.94
"7627220",6.68,2.28,6.79,6.99,3.6,4.95
"7627233",6.6,2.49,6.52,5.29,4.02,5.43
"7627238",5.94,2.52,6.8,6.38,3.73,4.84
"7627297",4.74,2.44,4.88,4.08,4.1,4.97
"7627313",6.56,2.85,5.84,5.43,4.08,5.06
"7627315",6.15,2.57,5.14,6.46,4.16,5.21
"7627323",5.78,2.03,5.87,5.38,3.92,5.06
"7627341",6.71,2.8,5.68,6.91,3.93,5.23
"7627395",5.9,2.65,5.97,6.14,3.81,5.12
"7627402",6.25,2.89,5.61,6.12,3.7,5.22
"7627407",5.55,3.22,5.96,5.34,3.99,5.3
"7627412",6.02,2.88,5.17,6.3,3.92,4.91
"7627428",7.39,2.61,6.33,5.45,3.34,4.79
"7627436",6.52,2.85,5.56,6.66,3.42,4.88
"7627440",6.15,2.67,5.81,7,3.81,5.04
"7627494",6.72,2.74,5.78,6.67,3.79,5.12
"7627562",6.43,2.17,6,6.88,3.5,5
"7627563",6.52,2.09,6.43,6.49,3.77,4.52
"7627585",5.21,1.15,6.16,5.49,2.22,3.27
"7627596",6.75,2.22,5.92,5.88,3.64,4.31
"7627624",6.41,2.4,6.34,5.67,3.38,4.28
"7627652",6.56,2.14,6.86,5.88,2.95,4.46
"7627661",5.67,1.89,5.6,6.83,3.73,4.81
"7627691",7.18,2.33,6.55,7.14,3.89,5.18
"7627698",5.83,1.72,6.41,6.5,3.98,5.11
"7627728",4.94,2.71,5.43,6.24,4.15,5.1
"7627757",6.15,1.93,5.97,6.68,4.06,4.88
"7627769",6.24,2.61,5.56,6.7,4.11,4.61
"7627774",6.55,2.62,6.35,6.61,4.34,4.55
"7627794",6.52,2.05,6.25,6.31,4.19,4.78
"7627796",6.65,1.78,5.97,5.85,3.94,4.41
"7627825",6.05,2.94,5.6,6.25,4.17,5.15
"7627894",6.09,2.52,6.63,6.46,3.78,4.64
"7627900",5.32,1.53,5.92,6.48,3.83,4.33
"7627901",5.13,1.9,5.46,6.57,4.3,4.84
"7627930",5.65,2.55,5.84,6.08,3.92,4.08
"7627999",5.85,1.91,6.36,6.6,4,4.54
"7628010",6.35,2.09,6.15,6.73,3.91,4.35
"7628040",5.7,2.47,6.73,6.13,3.53,4.25
"7628051",6.59,2.43,6.32,6.01,3.85,4.98
"7628122",5.47,2.62,5.93,6.33,4.09,4.98
"7628142",6.03,1.71,5.83,5.8,2.84,4.25
"7628145",5.78,1.73,6.52,6.6,3.53,4.48
"7628147",5.97,0.5,6.16,5.35,2.69,4.18
"7628158",6.16,1.51,6,6.33,3.28,4.49
"7628193",6.05,2.07,6.48,5.61,3.38,4.42
"7628218",6,3.19,5.93,6.12,3.48,4.38
"7628220",6.01,3.45,5.9,6.7,3.5,5.11
"7628222",6.01,2.8,6.18,6.56,3.53,5.06
"7628250",5.62,2.04,6.39,6.36,3.04,4.08
"7628308",6.16,3.01,6.33,6.38,3.46,4.62
"7628342",5.78,2.87,5.64,5.72,3.45,4.47
"7628355",5.8,2.45,6.63,5.58,2.85,4.01
"7628425",7.76,3.51,6.99,5.85,4.22,3.76
"7628434",7.7,3.1,6.44,6.35,4.32,3.48
"7628439",5.63,2.65,6.64,6.27,4.07,4.15
"7628477",7.4,3.35,6.19,5.84,4.09,4.68
"7628588",6.18,2.52,6.44,6.11,4.27,4.86
"7628590",6.59,3.13,6.28,5.95,3.91,4.54
"7628598",6.7,3.11,6.14,6.63,3.85,4.71
"7628683",6.92,3.25,6.01,6.4,3.84,4.66
"7628703",6.25,2.99,5.14,6.45,3.62,4.01
"7628704",6.44,2.68,5.26,5.63,4.05,4.29
"7628745",7.18,3.04,6.13,5.55,4.04,4.96
"7628764",6.47,2.84,5.52,6.09,4.13,4.74
"7628843",6.7,2.99,5.91,6.3,4.09,4.17
"7628902",6.23,2.8,5.73,6.04,3.84,3.94
"7628904",6.89,1.95,6.06,4.87,3.22,3.44
"7628953",6.53,3.11,6.25,4.27,3.46,3.95
"7628955",6.6,2.98,5.9,3.39,3.29,4.33
"7628971",7.24,3.45,6.65,3.56,3.51,3.91
"7628975",6.89,3.49,5.93,6.18,3.77,4.57
"7628979",7.69,3.03,6.56,5.2,3.54,3.39
"7628989",7.29,3.64,6.22,4.69,3.57,4.25
"7629049",5.88,3.1,5.87,7.1,3.75,4.86
"7629055",6.8,3.13,6,5.8,3.62,4.71
"7629059",6.91,2.37,5.99,4.69,3.87,4.04
"7629066",6.82,2.68,5.86,4.5,3.72,3.93
"7629071",6.86,2.25,6.06,3.71,3.49,4.41
"7629225",5.91,2.05,6.85,6.83,3.39,4.54
"7629252",6.39,2.68,6.46,6.61,3.85,4.75
"7629254",6.23,2.54,6.39,3.15,3.53,4.58
"7629270",6.45,2.83,6.52,4.08,3.8,4.3
"7629291",6.85,2.83,7.01,5.86,3.71,4.42
"7629299",6.32,2.34,5.78,6.36,4.22,4.82
"7629403",5.06,2.38,6.33,6.46,3.3,3.82
"7629447",5.68,2.3,5.97,6.38,4.29,4.4
"7629456",6.52,2.55,6.02,6.35,4.06,4.92
"7629459",6.58,2.08,6.16,6.19,3.77,4.43
"7629492",6.16,2.93,6.38,6.64,4.12,4.7
"7629496",6.11,2.7,7.01,4.81,3.81,4.81
"7629528",6.17,2.26,6.12,6.52,3.72,4.95
"7629541",6.05,2.63,5.99,6.91,4.12,4.23
"7629543",5.95,2.61,5.57,6.17,3.75,4.29
"7629546",5.97,2.39,5.25,6.22,3.83,4.27
"7629551",5.69,2.97,4.82,5.51,3.86,4.1
"7629552",5.92,3.07,5.55,5.94,3.71,4.13
"7629557",5.96,2.69,5.94,6.29,3.61,4.16
"7629571",6.05,2.73,5.36,6.26,3.47,4.58
"7629576",7.39,2.13,6.94,6.69,4.07,4.5
"7629578",6.13,2.2,5.72,7.29,3.84,4.8
"7629581",7.07,2.64,6.65,6.13,3.78,4.61
"7629625",6.48,2.18,6.66,5.91,3.63,4.36
"7629675",5.83,2.82,6.33,5.42,3.54,4.31
"7629716",6.39,3.35,6.24,5.54,3.87,4.8
"7629734",5.75,2.95,5.94,6.21,3.93,4.26
"7629768",5.09,1.85,5.84,5.78,1.24,3.82
"7629778",6.09,2.9,6.58,5.32,3.85,4.47
"7629780",6.66,2.97,6.81,5,3.89,4.58
"7629788",6.01,2.28,6.22,5.58,3.87,4.1
"7629893",4.92,2.45,7.16,4.96,3.81,4.64
"7629902",5.91,2.51,6.95,5.19,4.18,4.57
"7630004",6.03,2.19,7.05,5.87,4.17,4.81
"7630014",5.77,2.35,5.91,4.59,4.16,3.99
"7630025",6.1,2.91,6.84,5.46,4.37,4.56
"7630059",6.62,2.53,6.78,6.45,4.64,5.04
"7630060",5.54,3.03,6.7,4.87,3.73,4.5
"7630061",6.83,3.24,6.9,4.57,4.05,4.91
"7630063",6.44,2.86,6.91,5.5,4.13,4.66
"7630064",6.05,2.87,7.39,5.03,4.35,4.77
"7630066",6.8,3.07,7.21,6.25,4.23,5.09
"7630069",6.67,3.07,6.72,5.68,4.39,4.93
"7630082",5.26,2.77,6.39,5.49,4.08,4.86
"7630249",5.33,3.26,7,3.7,3.94,4.16
"7630251",5.85,2.73,7.51,4.07,3.8,4.43
"7630321",6.58,2.54,6.24,5.74,4.04,4.93
"7630343",6.73,3.34,6.61,5.84,3.81,4.79
"7630399",6.92,3.52,6.32,5.25,3.34,5.14
"7630420",6.06,2.51,5.99,6.27,3.73,4.58
"7630428",5.8,3.44,6.42,4.45,3.67,4.47
"7630430",6.38,3.41,6.82,4.9,3.74,4.46
"7630431",6.13,3,7.22,5.17,3.67,4.89
"7630517",5.19,2.59,5.92,6.51,4.01,4.78
"7630538",6.25,2.87,6.79,6.53,4.3,4.79
"7630550",6.5,3.03,6.99,6.8,4.45,5.12
"7630604",5.29,2.84,6.28,7.11,4.64,5.1
"7630628",5.59,2.41,6.43,5.8,4.7,5.09
"7630630",5.63,3.01,6.16,6.57,4.65,4.96
"7630631",5.89,2.46,7.11,6.42,4.2,4.66
"7630666",5.62,2.5,6.47,6.47,4.57,4.82
"7630670",5.84,2.79,6.29,6.17,4.5,5.24
"7630671",5.71,2.64,6.43,7.03,4.52,4.86
"7630701",4.42,2.54,7.03,5.65,4.05,4.04
"7630716",6.6,2.82,6.38,6.46,4.36,4.88
"7630737",6.19,2.32,7.11,6.99,4.48,4.85
"7630743",6.1,2.53,7.01,6.53,4.33,5.01
"7630749",5.73,2.96,6.93,6.84,4.55,5.09
"7630775",5.43,1.56,7.28,5.47,3.42,4.01
"7630784",5.94,2.87,6.85,6.61,4.41,4.48
"7630785",5.97,2.29,6.8,6.73,3.89,4.69
"7630804",6.44,2.33,6.97,6.74,4.74,5.01
"7630995",6.07,2.52,6.44,7.32,4.58,5.04
"7630998",6.05,2.81,6.3,6.64,3.97,4.93
"7631163",6.46,1.72,6.21,6.35,3.46,4.7
"7631174",6.6,2.29,6.29,6.62,3.69,4.79
"7631184",6.47,2.36,6.27,6.46,3.97,5.39
"7631188",6.99,2.49,6.34,6.03,3.96,4.22
"7631201",7.07,2.29,7.2,6.18,3.98,4.66
"7631238",7.23,2.76,7.02,6.09,3.78,5.24
"7631294",6.92,2.19,6.3,5.32,3.51,4.62
"7631322",6.56,2.5,6.41,6.47,3.88,5.16
"7631331",6.11,2.56,5.75,5.76,4.26,4.96
"7631332",5.75,2.65,6.2,5.93,3.74,4.72
"7631340",6.64,2.05,5.88,5.62,3.32,4.29
"7631346",6.16,2.22,6.19,5.95,4.37,5.44
"7631349",6.56,2.92,6.19,4.78,3.92,5
"7631355",6.72,2.67,5.77,6.03,3.77,4.98
"7631393",6.09,2.87,5.69,6.13,3.8,5.04
"7631400",5.85,2.78,5.69,5.75,3.78,4.7
"7631402",5.47,3.3,5.68,5.43,3.41,4.61
"7631404",6.16,2.45,5.14,5.92,2.75,4.86
"7631442",3.7,1.95,6.4,5.22,3.73,5.28
"7631447",5.34,2.22,6.01,5.84,3.6,5.26
"7631465",6.14,2.79,6.15,6.56,4.26,4.58
"7631484",6.48,3.24,5.9,7.16,3.83,4.89
"7631486",6.13,3.26,5.86,6.99,3.84,4.73
"7631501",5.19,1.72,5.34,6,3.43,5.03
"7631505",5.65,2.54,6.06,6.19,3.7,4.02
"7631512",5.67,1.84,6.47,6.55,3.82,5.02
"7631515",6.86,2.14,6.39,6.53,3.77,4.58
"7631529",5.74,3.01,5.99,5.79,3.49,4.42
"7631543",4.93,3.2,6.34,5.68,3.31,4.25
"7631604",6.54,2.37,6.26,6.83,4.62,5.09
"7631642",6,3.16,5.98,6.82,3.9,4.53
"7631727",6.16,3.34,5.74,6,3.86,4.12
"7631729",7.69,3.3,6.32,5.94,3.9,4.58
"7631966",6.74,3.42,5.85,6.08,3.9,4.33
"7631999",7.07,2.87,5.64,5.73,3.38,3.94
"7632191",7.06,3.64,6.45,6.7,4.41,4.52
"7632202",5.69,2.89,5.81,6.58,4.37,4.64
"7632310",6.02,3.35,7.04,3.68,3.85,4.56
"7632312",6.59,3.07,6.22,6.12,4.01,4.73
"7632324",6.81,3.04,6.5,5.13,4.02,4.53
"7632386",6.18,2.83,6.85,5.28,4.3,4.97
"7632393",5.59,2.75,6.13,6.87,4.23,4.92
"7632410",4.91,2.73,6.15,4.63,3.84,5.25
"7632490",6.61,1.98,7.09,4.24,3.67,4.85
"7632512",5.06,3.14,6.56,6.58,4.1,4.59
"7632516",6.35,2.33,6.86,5.96,3.98,4.75
"7632523",6.04,2.32,6.49,6.36,4.04,4.56
"7632537",6.24,2.66,7.18,6.45,4.64,5.15
"7633500",5.78,2.17,7.1,5.86,3.23,5.19
"7633525",5.27,2.21,7.16,6.33,3.35,5.03
"7633586",5.93,2.67,7.65,6.72,3.65,5.42
"7633613",4.73,2.05,6.93,6.83,3.82,5.22
"7633735",4.91,2.89,7.18,6.75,3.59,5.28
"7634235",6.62,2.33,6.67,6.47,3.65,5.43
"7634260",5.69,2.63,7.76,6.76,2.8,5.13
"7634308",6.09,2.36,7.52,6.37,3.51,5.24
"7634321",6.67,2.18,7.44,6.83,3.28,5.1
"7634325",6.31,3.09,7.18,7.03,3.78,5.65
"7634327",6.78,2.81,7.31,6.43,3.63,5.18
"7634328",6.75,2.21,6.78,6.81,3.54,5.09
"7634329",6.78,2.64,7.46,6.89,3.37,5.35
"7634359",5.73,2.66,6.67,6.41,2.34,4.43
"7634362",6.66,2.48,7.34,6.65,3.21,5.07
"7634368",6.46,2.88,7.89,6.06,3.18,5.47
"7634408",6.13,0.87,7.32,6.87,2.97,4.84
"7634437",5.18,1.91,6.99,6.23,3.29,4.78
"7634468",4.79,2.14,7.57,6.66,3.58,5.49
"7634476",6.53,2.14,7.01,6.66,3.68,5.53
"7634493",5.42,1.99,7.28,6.66,3.91,5.49
"7634498",5.63,1.46,7.55,7.08,3.78,5.88
"7634572",6.16,3.02,7.24,7.08,3.74,5.29
"7634620",5.23,3.13,7.14,6.52,3.37,5.25
"7634648",5.54,2.59,7,5.51,3.78,4.88
"7634652",5.29,3.26,6.9,5.44,4.04,4.91
"7634659",5.46,2.15,7.3,6.14,3.75,4.92
"7634673",6.08,3.32,6.04,6.28,3.84,5.28
"7634684",4.94,2.23,6.33,6.38,2.56,3.37
"7634685",5.89,2.23,6.55,5.86,2.9,3.93
"7634730",6.97,2.51,7.24,5.99,3.73,4.94
"7634731",7.03,2.17,7.28,6.57,3.77,5.05
"7634733",5.59,2.73,6.33,6.16,4.13,4.9
"7634734",6.25,2.82,6.68,6.71,3.76,5.32
"7634745",5.95,2.11,7.11,6.05,3.29,5
"7634746",6.1,2.02,6.36,6.03,3.4,4.76
"7634751",6.69,2.22,6.79,6.14,3.24,4.8
"7634752",6.49,2.49,6.83,6.22,3.29,5.37
"7634753",6.24,2.59,6.93,6.36,3.25,5.07
"7634754",6.53,2.87,6.6,6.58,3.31,4.68
"7634757",6.81,3.1,7.22,6.67,3.2,4.66
"7634763",6.53,1.79,6.79,5.65,2.77,4.04
"7634793",5.95,2.71,6.19,6.22,3.24,4.84
"7634797",6.05,2.83,6.87,6.48,3.53,5.23
"7634825",6.36,2.7,6.49,6.31,3.4,4.86
"7634829",6.28,2.32,7.33,6.72,3.01,5.21
"7634830",6.58,2.74,7.81,6.92,3.19,5.17
"7634832",5.85,2.26,7.71,6.42,3.38,5.25
"7634833",6.31,2.86,7.44,6.67,3.49,5.48
"7634840",6.62,1.93,7.59,6.34,3.13,5.22
"7634842",5.87,2.47,7.26,6.64,3.47,5.46
"7634851",5.21,1.75,6.87,5.5,2.93,4.98
"7634854",5.39,2.73,7.48,6.11,3.7,5.51
"7634872",5.14,3.05,7.29,6.31,4.02,5.38
"7634878",5.95,3.21,6.85,6.19,3.9,5.7
"7634919",5.42,2.35,6.85,6.96,3.95,5.21
"7634948",6.09,2.86,6.17,6.56,3.49,4.49
"7634968",6.08,3.15,7.06,6.2,3.76,4.94
"7729439",5.46,2.73,6.25,6.43,3.34,5.01
"7729456",4.63,2.56,6.09,6.06,3.29,4.64
"7729459",5.51,2.31,6.16,5.69,3.43,4.74
"7729464",5.23,1.9,6.19,6.22,3.34,4.64
"7729466",6.1,2.52,6.29,6.79,3.57,4.82
"7729512",6.33,3.56,7.42,6.98,3.25,5.66
"7729618",5.27,2.24,6.78,5.76,3.04,5.47
"7729640",5.53,1.92,6.81,6.24,2.82,4.96
"7729654",5.96,3.07,6.64,6.4,3.18,5.71
"7729657",6.45,2.66,7.32,7.05,2.98,5.25
"7729659",5.41,2.1,6.76,6.02,2.73,4.94
"7729660",5.73,2.15,7.01,7.07,3.17,5.62
"7729677",3.77,2.9,7.42,6.27,3.45,5.06
"7729679",3.24,2.37,7,4.92,3.42,4.86
"7729686",6.06,2.62,7.41,6.64,3.54,5.4
"7729687",5.49,2.29,7.22,6.26,3.49,5.48
"7729698",5.97,2.81,7.02,6.8,3.54,5.63
"7729702",3.76,2.24,6.72,5.81,2.69,4.24
"7729713",5.9,1.63,6.78,5.96,3.31,5.08
"7729715",6.25,2.35,7.11,6.68,3.73,5.61
"7729730",5.82,2.7,7.3,6.27,3.3,4.91
"7729734",6.01,2.85,7.12,6.02,3.32,5.08
"7729735",5.93,2.08,7.35,6.13,3.44,5.13
"7729736",6.1,2.64,7.03,6.26,3.46,5.31
"7729743",4.81,2.54,7,6.4,3.73,5.23
"7729752",4.89,2.86,6.83,6.59,3.78,5.14
"7729775",5.74,2.62,7.34,7.18,2.77,5.05
"7729784",4.76,2.89,7.18,6.08,3.44,4.98
"7729795",5.23,3.17,7.24,6.89,3.43,5.36
"7729800",6,3.12,7.23,6.28,3.76,5.44
"7729803",4.47,2.4,7.05,5.74,3.35,4.96
"7729805",5.31,2.82,7.17,6.15,3.63,5.46
"7729813",5.53,2.31,6.78,7.07,3.54,5.39
"7729817",5.74,2.24,7.26,6.84,3.43,5.88
"7729821",5.27,2.67,6.21,6.64,3.62,5.57
"7729823",5.99,2.61,6.71,6.34,3.25,4.99
"7729825",4.41,1.75,6.6,6.24,3.55,5.32
"7729827",4.43,1.91,6.43,6.14,3.48,5.31
"7729829",5.33,1.42,7.5,6.88,3.81,5.18
"7729834",5.78,2.23,6.73,6.84,3.61,5.31
"7729835",6.03,1.57,6.71,6.39,3.51,5.17
"7729836",4.31,2.55,7.14,6.86,3.52,5.38
"7729838",5.54,2.62,6.99,6.62,3.64,5.29
"7729839",4.96,2.08,7.23,6.21,3.85,5.15
"7729840",4.14,2.13,6.97,6.34,3.71,5.39
"7729842",5.96,2.23,7.22,5.9,3.86,5.27
"7729855",6.09,2.65,7.55,7.03,3.55,5.3
"7729861",5.77,2.05,6.62,5.96,3.26,5.01
"7729876",5.34,3.09,6.34,6.09,3.63,5.36
"7729897",5.38,2.83,6.65,7.03,3.07,5.32
"7729924",5.22,2.91,6.61,5.96,3.54,5.64
"7729966",6,2.44,7.39,6.9,3.02,5.35
"7729971",5,2.52,6.28,6.82,3.99,4.53
"7729974",5.03,2.16,5.64,6.32,4.02,4.57
"7729978",5.62,2.67,6.26,6.54,3.71,4.26
"7729995",6.48,2.75,6.06,6.35,3.48,4.88
"7729997",5.69,2.77,5.66,6.01,3.62,5
"7730001",6.04,2.64,5.71,6.36,3.54,4.8
"7730025",5.79,2.49,6.09,5.44,3.59,4.48
"7730037",5.36,2.58,5.89,6.6,3.96,4.95
"7730040",5.18,2.92,6.08,6.14,3.86,5
"7730042",5.21,2.41,6.49,6.51,3.86,5.17
"7730168",6.46,2.67,6.44,6.27,3.69,4.86
"7730170",6.14,2.73,6.91,6.22,3.54,5.01
"7730183",5.64,2.86,6.9,6.32,4.04,5.2
"7730192",5.37,2.44,7.2,6.62,3.3,4.32
"7730209",5.45,3.29,5.99,6.41,3.58,4.24
"7730220",5.66,1.84,6.54,6.01,3.87,5.39
"7730240",5.52,2.44,6.97,6.71,5.04,5.22
"7730251",4.67,2.77,6.07,5.78,3.81,4.92
"7730259",5.86,2.69,6.73,5.7,3.85,5.13
"7730279",6.12,3.24,6.2,6.04,3.94,5.28
"7730295",6.22,3.14,6.06,6.49,3.38,4.79
"7730296",6.21,2.86,6.05,6.4,3.39,4.86
"7730299",6.15,3.04,6.52,6.7,3.38,5.14
"7730302",6.43,2.29,6.8,6.54,3.55,5.06
"7730303",6.23,2.75,6.74,7.31,3.51,5.12
"7730316",5.8,1.4,6.53,6.47,3.38,4.75
"7730318",6.18,1.64,6.35,6.26,3.33,4.76
"7730373",6.15,3.16,6.55,6.31,3.74,5.3
"7730499",6.06,2.55,6.31,6.81,3.84,4.92
