"Line","E2_599","E1_599","E4_599","E3_599"
"775",-1.72746986356294,1.67162948031973,0.0509158961321563,-1.89028478675435
"2166",0.409522430588093,-0.25270276005344,-1.73875882442463,0.309385526502546
"2167",-0.648626326740878,0.341815127367912,-1.0535690742686,-0.799559211203025
"2465",0.093949193694022,0.785439488513336,0.551757350017732,0.570467725013317
"3881",-0.28248061800298,0.998317612613427,-0.114284847303854,1.61868192220474
"3889",0.626475866613394,2.33609687644057,0.719585571944583,0.0735331088701851
"3895",-0.313592402708806,0.617410816550632,0.00335381542672266,0.0543257028716906
"4248",-0.424040504150233,0.647218151728196,0.964326539993999,-0.708083306645547
"5131",-1.78926308281999,-0.967639023959892,-1.50275776237319,-1.93603963209026
"6387",-1.6176229866022,-1.05082266371498,-0.562403663927137,-1.98720870224808
"12867",-0.269196721319189,1.68576760432745,0.347223096239814,-0.212643726061663
"13098",-0.18989837665605,0.891019350054848,0.692406116298324,-0.381945944985957
"13302",-0.207637663175665,1.17418089016105,-0.19163812874225,0.751603530482859
"13350",-0.653651297663665,0.316022823950605,0.00680729763474204,-0.430378339882779
"13396",-0.633823547158509,0.797614889084498,-0.236084995428605,-0.697905239702633
"13421",0.142933167173087,1.00136349877638,-0.634352521044554,-0.158493031313926
"13469",-0.19470817250154,2.33971284824899,0.435259359087071,-0.373009517744792
"13569",-0.359614554535648,1.81367039092954,-0.576453593821266,-0.52335772652809
"13728",-0.851409851058217,0.950023214361255,-1.03206937751572,-0.767698905386699
"13767",0.323091664980393,1.84236198705811,0.0981161085424456,-0.220684821272995
"13954",-0.488896803919414,0.665868096415797,0.266062331000322,-0.718396518045794
"14103",-0.862459724145355,-0.437956162590065,0.39725532139472,-0.928250520698661
"14431",0.221041720232341,1.65097609179233,0.695985465739438,-0.414963425218199
"15200",-1.95357456905216,-0.401527689844371,-0.961111724858915,-1.52838482307294
"15292",-0.236205319026375,-1.12723857245025,-1.33755701893717,0.600934353613396
"16004",-0.274386237889321,-0.485240694841686,-0.266851667218045,0.308836502144631
"16122",8.85592407896116e-05,0.858573332746812,-0.449972757965829,0.0654751206016875
"16262",0.0692673465921665,2.59396290204909,0.38525073403837,-0.987916798611315
"19627",1.31091614410531,0.967549275919211,-0.687248225752351,0.80312735484118
"19630",0.417907929923979,-0.519046773618208,-1.19238489896726,0.569944040241153
"20010",0.398352312604817,0.985775728413032,0.652278069047511,0.953940122696561
"20424",-0.273025571959347,3.27892080508434,0.973947516623629,-1.40883265750446
"20585",-2.87368218561558,-1.30511343791833,-1.22480357819106,-2.22834864677361
"20934",-0.381543426383834,0.434111993369914,-0.541336635788012,0.135682666186338
"27001",-0.362196655463227,0.26570869369733,0.0110946502620097,-0.07067447363303
"30709",-1.05942086401815,0.345105335950353,-0.836448097181274,0.233451234538397
"31089",-1.40643497691274,-1.40101813164811,-0.879321623453953,-1.76411054277655
"39359",-1.41373194350465,1.49504952367494,-0.0324711457926872,-1.23347427758592
"41263",-0.360525884274794,0.565606319538478,-0.414399531212608,-0.82474675943852
"41418",-0.382226923688194,0.12124899113459,-0.218518649709909,-0.629505251234815
"41471",1.42230089000086,0.748286192589826,-0.954055293103578,1.16798360352676
"41484",1.06162948837658,0.282216745174085,-1.6246916444331,1.18759644289726
"41542",-0.0595212658495608,1.1421909413694,0.181503150467289,0.401537153346691
"41660",-0.0351748387211427,-1.27526538233752,-1.25593998497772,0.807570228876012
"41669",-0.608920196300613,-0.280189032245867,-0.533186732445168,-1.45838844070287
"41686",-0.699363344232049,0.409679751421092,-0.0519097666036577,-0.614538002585153
"41709",-0.763377929728269,0.00451173910311468,-0.393127968819704,-0.750603131534037
"41761",-0.122630850285381,0.535644246828573,0.51088983277249,-0.498862793636429
"41800",-0.409668074722461,0.686040984184875,0.0784493533714916,-0.6977194160738
"41804",0.0687610522926424,-0.456435081584024,-0.434506821699391,0.498832716098086
"41948",0.439381136902592,0.5807135891435,-0.295824730935894,0.63251592398647
"42066",-0.483403510769565,0.139231121208924,-0.318819101081773,-0.516600503661426
"42076",-0.347343246450906,0.0253850178080586,-0.691559178485824,-0.336723230950801
"42083",-0.906349111235448,0.309238804769481,0.18436663002018,-0.597965913504657
"42174",0.105916725199048,-0.365522709292455,-1.01108888309934,1.68600920154247
"42237",-0.283486877923287,-1.09225974606019,-1.36509047617651,1.56323890858375
"42274",-0.134206003708276,0.449406576829877,-0.556566570992397,0.220908139592151
"43154",0.231060018684196,0.0307112465529028,-1.81480623331967,-0.177041608082922
"43789",-0.1226624936791,-0.670200910474924,-0.983555425860008,0.837893266490172
"60900",-2.37909594176688,0.257466884079927,0.613385094021433,-1.31310814906957
"62114",0.199353338176429,0.142285151452527,-0.765254443462422,3.0579703928044
"62150",1.04326999134004,1.12297091103632,-0.335858377761887,1.20779209274
"62221",0.921942891137569,1.08326037378884,-0.0755098728088023,0.216558177371735
"62256",-0.0993033404347555,0.502253516165182,0.0212977628447006,-0.640764473836397
"62526",-0.281411071295233,0.824197168324818,-1.29420362383832,-0.423714028830531
"62576",-0.956484904245933,1.23914622150297,-0.458563196624501,-0.955532808022822
"62587",-0.2819806523822,-0.879796970073224,-2.8990973795109,-0.609934644507237
"62603",0.561208202725849,0.702777069919819,-0.83802143759495,-0.731986982536374
"62627",-0.126193896418289,0.560687294826115,0.101066121818089,-0.405106326361452
"62633",-0.455272533752196,0.381183613228116,0.238403006527892,-0.590321805136742
"64869",1.25103418582896,0.525871350049044,-2.09014080571303,1.41300895120062
"64873",-0.27618991133138,0.160755926365836,-2.58180968498687,0.578939593182399
"65038",-0.254286354198171,0.334575039670411,-1.06143577633698,-0.946528808552991
"65315",-0.674903000886236,0.873330406883901,-0.059745001863766,0.358096656842618
"67055",-0.462949221068746,-0.934574056522484,-0.856209252777048,-0.202879539019333
"67929",-0.305187917336688,1.70620110267732,0.0666493002689197,-0.67961850531972
"68052",0.324477645625344,-0.150641141352559,-0.076807878650085,1.26417267103374
"68460",-0.613211040489088,1.04727168139822,-0.726314268223933,-0.650900308136393
"70761",0.175949884180875,-0.135403566457144,-0.984247695642026,1.15517866619443
"76718",-0.704198454792515,-0.40858860776758,-1.20642696215932,-0.712061621608296
"77128",0.24389457917716,1.30970653625117,-0.287069091533785,1.39877655053771
"77205",-0.404472229473584,-1.57563536485635,-1.20677309705033,-0.174786384951172
"77230",-0.823797825697861,-0.321023452622998,-0.274238500460255,-0.28504736907798
"77246",-0.60131945312899,0.938141000693478,0.0246961781382413,0.621146896513307
"77310",-1.15288912038925,-0.0753409716662881,0.082382704405683,0.227783613858983
"77331",-0.0823677961156372,0.929996920043869,0.625185147124005,1.1544860508506
"77534",-0.271449730952075,0.859933394215296,0.142405641187434,-0.052582009407535
"77587",-0.194784116646469,1.49285062189955,0.643726963899179,0.0205987142384485
"78690",-2.82463492534907,-0.722958264923082,-1.42802409272356,-1.31652054661724
"80506",-0.323319581938434,-0.60552876603639,-1.1133560099883,0.957048445215228
"80662",-2.28353289273149,0.145094859276641,-0.818354682423997,-0.549297015807501
"80836",-0.853498315043759,0.898780658913924,0.103363198822056,-0.996963030724062
"82710",-2.27878638367344,-0.0599079388352816,-1.10286969613115,-1.58339706373617
"83123",0.125795105134158,1.29932283342292,0.133948936463924,0.0450936471301094
"85244",-0.122776409896493,0.907828732515639,0.0115823857902498,0.184334670826326
"85331",-0.596522314640988,-0.016524421214821,-0.907948552280794,-0.392436533486455
"85465",-0.397833445471059,0.41013581993747,-0.400113600256427,-0.686857180315636
"85587",0.350412571118523,0.475850406699153,0.0246883114361726,-0.846437444840514
"85599",-0.188487081296124,0.529967822615795,-1.2921189477902,-0.698935716189799
"85637",-0.721330188152699,0.149215764085342,-0.646357108400904,-0.344924810205216
"85646",0.134471723692271,1.96339116959193,-0.240152080397958,0.100840735780096
"85676",-0.0789629669513297,1.25576829010882,-0.806554629321425,0.558397635667738
"85685",-0.0726089734922892,1.71138073797047,-0.117376461216728,-0.561367105153081
"85711",-0.539981898741509,0.512392896573941,-0.132637863229388,0.529442935684079
"85741",-0.0716596716806794,0.620521855358782,0.501937525818672,0.463070114076261
"85786",0.411269145921455,1.44805003424606,-0.206065660335661,0.00937327775120079
"85888",-0.904899843803057,0.103739217737934,-1.03586899461474,-0.141084735903681
"85899",0.224332633179254,0.852628153872598,-0.539086758996455,-0.227129522582077
"86162",0.0174228103207836,-0.760966689314801,-1.4948910603048,0.485478754407838
"86230",-0.516464528528562,0.268111197488963,-1.36476007468964,-0.0516528912633685
"86394",0.938777176596784,0.108348767385612,-1.36640421542193,1.25847971076857
"86490",-0.269576442043832,0.790757573177529,-0.00245967740181196,-0.144108593136513
"86783",-0.641728066909847,-1.08113493189282,-0.670201082370169,-1.54840309581543
"86954",0.289859772895306,-0.571950721518058,-2.14258810840292,0.480199674043256
"87107",-2.23923214152304,0.0043977219740216,-0.603326248086857,-2.16057370142095
"87507",1.18673480978926,-0.0755690059244772,-0.330619154184345,0.965917300227724
"88809",-0.443589792790651,-0.115605306397947,-0.0933122195895492,-0.0304436579906229
"89242",-0.312940548798167,-0.470361459494854,-0.430801605025183,0.633436595602054
"89491",-0.151331408389716,-1.06303878468939,-1.2844567799756,0.61737974476514
"89762",0.310769727465699,1.31910480532082,-0.550100141892188,-0.314728470519806
"92207",-0.0301245530833775,1.8092807314594,0.614801100393742,-0.545335593901919
"96413",0.853017250935956,0.107485494836752,-0.969135760968665,0.697165653763289
"96458",-2.26138251712726,-0.128994174985903,-1.20513682302011,-2.02542924408765
"96495",-0.67677628979448,1.10011862073352,-0.740993534283534,-0.0195814222324589
"96501",0.43950138179873,1.01414970539627,0.441631387762459,-0.348996036982382
"96619",-0.716438119483537,0.703550757581531,-0.11498498378794,-1.00762254979623
"96638",0.639171196173989,2.39853754278111,0.0503573602853014,0.183616715896743
"97120",-0.581630933556202,-0.430341447182682,-0.545970123306288,-1.12728452023628
"97127",-0.705502162613792,0.36759928670457,0.258077628400914,-1.00661741289481
"97487",-0.580934778894355,-0.677009361897995,-2.11767426295236,0.0620965091683553
"103122",-2.63002805396907,-0.561477433802664,-1.29691763605192,-0.939045184228159
"106657",-1.09690562821925,0.354935241294429,-0.691173710084473,0.635624246505137
"106844",-1.3169537881504,0.600617722251142,-0.599400763754735,-0.689272887490468
"106875",0.286360013549839,1.61799256516142,-0.380179377215149,-0.476901819319768
"107017",0.0133218264946294,1.73852495877561,0.340410532248595,-0.554609882286417
"107052",-0.595478082648216,1.20011164294941,-0.720020906569228,-0.123347025878685
"107059",-0.729842261063468,1.25938426191725,-0.313572010802162,-1.56650400656951
"107066",-0.504933675856876,0.640882056982801,-0.274246367162324,0.609085253696309
"107103",-0.467442582977032,0.29973466265139,0.268556075555999,0.621146896513307
"107131",-1.60873752164553,0.186100305347415,0.130896656061391,-1.25901658002192
"108014",0.0753618642227022,0.988813470495336,-0.088065129309939,-0.334915673833968
"126114",-0.137661462302535,1.67147474278739,-0.0151644012422478,-0.255602770436487
"126308",-2.721002810915,-0.72547478584381,-1.9721402746873,-2.10990297644955
"126309",-2.18622945704149,-0.85354045405889,-1.48047139541346,-2.16058214794954
"130562",-2.24951624448214,-0.781090712599981,-1.0307556382703,-1.19947700003801
"133128",-0.376005832482778,0.32484286329413,-0.222168799469638,-0.970956169215985
"143023",-2.28115963820247,-0.135460575021689,-0.899649181598651,-1.01908448908381
"143058",-0.784990367639252,0.638056060997389,-0.456840388871526,-0.110077529474271
"143067",-2.17594535408238,0.584313272790627,-0.630859705326193,-1.20893711205135
"143808",-2.25980034744125,0.0375359861372731,-0.687248225752351,-1.27228607642633
"143844",-2.06756673059027,-0.075365403908236,-0.826221384492378,-1.29340239788466
"143989",0.273468494948177,1.07711159289838,-0.397486121765587,0.148141295846752
"144880",-0.312149463955159,1.72531525996195,-0.0875380602713578,-0.909364082786333
"167864",-0.597465287773854,0.0653317333943847,-0.808891039835734,-0.928512363084745
"168060",-0.734367266365474,-0.434926564588412,-0.328825546112754,-0.160359714130842
"168154",-1.12854902193958,1.4005456118169,0.300030750531593,-0.193334961720168
"168524",0.017365852212088,0.867116473348251,-0.379133105840054,-0.872951098063591
"168614",-0.92648063832032,-0.438778714735675,-0.0942562238377549,-0.606412442087988
"168912",-2.34681968017215,-0.450848242258393,-1.77547272297777,-1.36068744457948
"168924",-2.01772838548075,0.175985357180603,-0.461733477558059,-1.2117498060696
"168928",0.175114498586659,0.952971371556413,0.406821231109871,-0.0576752661432838
"168939",-1.98133848270238,0.325942314181827,0.515051318166663,-1.27369664669975
"168945",0.644746762147511,0.926380948235444,0.22923043191616,-1.44543991238462
"168979",-0.979825071454046,0.200645633387613,-0.934569472080196,-0.772530319736365
"169164",-2.12101875126264,-0.143881554413385,-2.6764697109757,-0.356842862036297
"170744",-2.52718702437801,-2.22424623595239,-1.84281169268311,-2.2671688921426
"170862",-0.578928587732487,0.323262911648107,-0.413219525902351,-0.648248098161228
"214589",-0.398048620548357,0.623722479054078,0.394297441417008,-0.353337552674214
"217385",2.11173449502184,0.955186561493106,1.51412248085111,0.34394872146554
"217451",-2.33337123784101,-0.997039155104975,-0.957335707866093,-1.05026062608488
"217562",-2.07231323964831,-0.482284393565878,-0.122151549372235,-1.26161811082558
"217726",-0.766459996276629,-0.630873145017969,-0.418222748417841,-0.585498837315659
"217743",-0.251653623840638,-0.15331239980563,-0.176880195661966,-0.242189683046157
"217748",0.423875873979633,0.578498399206806,-0.0263193847752124,0.478907355170007
"217754",-0.909152715919069,-0.26662913796427,-0.116904459092625,-1.75889058811205
"217777",-1.06887591006179,0.0452402864318024,-0.627768091413318,-1.53814901011527
"218554",0.00270230356208855,1.05305397865944,-0.636106795605803,-0.319230470254722
"218794",-0.544956240234345,0.156537292589339,-0.684974748854589,-0.0670424663421977
"220384",-2.77400549539655,-0.76760411504423,-1.69680570229395,-2.2603272039901
"220399",-2.94962633054436,-0.881059302573914,-1.67844481966635,-2.30064248491834
"222490",-0.653898116134684,0.822315885694759,1.15487379749433,0.0612687493671887
"222693",-1.39163852600912,-0.973934398302038,-0.531220056928073,-1.86804507699444
"269000",-0.394137497084525,1.24462718778016,-0.52807337610072,0.447148407696681
"292703",-0.659587598325599,0.642038516435046,-0.0453174702703541,0.565433593977653
"292717",0.152173038139422,0.615765712259412,0.139022959298029,0.202435581580406
"292907",-0.705432547147608,-0.32430551712479,-0.460419738312639,-1.01043524381448
"294614",0.338122276997548,1.49951247987093,-1.29429015756108,-0.647707520331895
"294670",-0.0322636464988716,0.886857724842899,-0.539519427610215,-0.109030159929938
"294705",-0.418888959652564,0.782361026027785,-0.604647854034346,-1.2117498060696
"294724",0.667112312829037,0.965651705127852,-1.10680304716534,-1.55805747798618
"294745",-0.595629970938075,0.374236712434001,-1.02034799143383,-0.383990004903124
"294818",-0.567828085215396,0.514005424542565,-1.35591003486271,-1.65284442174832
"294834",-0.91608261914382,-0.157009812420551,-0.378181234889779,-1.20611597150451
"294881",-0.674573909591545,0.732445955726339,-0.886535389250659,-1.4886776922027
"294897",-0.341685407653711,0.50474560484396,-0.532533796173492,-1.16200819924236
"294910",-1.09226037802111,-0.347442850250326,-1.78989238786911,-1.69789820521181
"294940",-1.67760620373845,-0.428965097552897,-1.02419480874527,-3.35059666699792
"295026",2.14337788874217,1.44896217127881,1.44646884306303,0.221862597322067
"295091",0.0170747329898608,0.609291168142973,0.572218642097592,0.0668941374036875
"295146",0.230022115370169,1.00396960458425,0.27608450943544,0.348214218400121
"295190",-0.152995850899405,0.249534549527208,0.0012848727827377,0.575898842892401
"295191",1.65058266097804,0.107982283756379,0.234800056980574,1.64634430331515
"295261",-1.94415749508099,0.222887117641691,-0.594153673475124,-1.53553903278302
"295296",-0.321560209247583,0.80610916520204,0.406097494519581,0.595807310763312
"295788",-1.39849881376768,-1.68811326270808,-0.902315993599832,-1.17707680623502
"305029",-2.12341732050664,1.2708185511493,-0.841954788629141,-1.08294024517379
"320849",-0.605483723742585,-0.682832379562464,-0.942105772661706,-0.132139862133932
"321131",-1.66648671518513,0.159412153058651,-0.206065660335661,-0.686654463629635
"321397",-0.809855746424684,0.364545256460967,-0.272334758559707,-0.740154775676456
"321487",-0.670175477864419,0.590209587180944,-0.42809545951366,0.489828716628254
"321614",1.64673482430165,-0.152489847660019,-0.0867513900645187,1.75485685602521
"321822",0.513907657792705,0.861635507071064,0.72255918532643,0.165270855813747
"321833",0.360835905009998,1.02641469085457,0.781732518284796,0.910339142149405
"321840",0.640411617207826,1.09444219652075,0.729198681872145,0.808178378934012
"323172",0.399029481230432,1.15157292227774,0.719145036628753,0.441759522460515
"326413",-0.929195641501524,0.516912861334475,-0.173646981111861,-0.968211047426402
"341985",0.922525129582024,-0.539431407484175,0.594835410544189,0.54793238675299
"342090",0.298517405417187,0.610089288046636,0.511770903404149,0.231998431622065
"342202",0.310738084071978,0.333019520266336,0.119694472316016,0.366036393710951
"342218",-0.353159302216701,0.0830206765653325,-0.344582550355722,0.178303849417828
"342231",-0.356690704955891,0.642486440870774,0.0513092312355759,0.876232059729914
"342253",0.79597054073695,1.07641120196251,0.96246999830586,0.872811215653665
"342263",-0.0819121312460637,0.0796897475796432,-0.123709156381775,0.162458161795498
"342284",0.406788441370657,0.958330176623854,-1.77678646222319,-0.664600577498557
"342294",-0.408199821253837,0.689583659267455,-1.22291556969465,-0.061239701205449
"342325",0.385220304210882,0.252409409996521,-0.259590701208929,-0.136624968811682
"342336",-0.176608151293514,0.561314389036135,-0.407712834454483,0.453365052734013
"342374",-0.680067202741395,1.075702666946,-0.28577895239457,0.927755884088235
"343215",-0.342577751356624,0.475402482263425,0.735712311184765,0.251188944563394
"343376",-0.107258489616046,-1.43664034040949,0.624791812020586,0.20916746486132
"345434",-0.489352468788987,2.52690454198022,0.537337685126388,-1.40039457544972
"353782",-0.674181531509413,-0.467209700283455,-0.124118224889332,0.0805690671801009
"355408",-0.255349572227173,0.759125963934455,-0.106811480338892,0.231837947578982
"355411",-0.40533925846152,0.893902354604809,0.189306918919124,0.793456079613266
"358060",1.29291738175719,-0.459033043311249,0.462714149305722,0.567528333066318
"358856",2.20138655811027,1.40401499017363,1.60694956525801,-0.057649926557534
"358886",0.48195415881392,1.11577968782272,0.816613475255999,0.268402969816223
"359354",-0.189227536709179,0.595723129780728,-0.479299823276755,0.749534130979943
"367751",2.15497835688004,1.8362539265709,1.55660267202037,-0.0630219187365319
"367789",1.8311651802612,1.33162225727927,1.63998971394521,0.247193736543478
"368747",2.32268834359777,1.46796231143435,0.999640165578963,0.697089635006039
"369564",0.500319984529197,0.0694933586063328,0.290850309217792,0.263622234638058
"369670",0.481884543347736,0.105807814222934,-0.50571620882238,-0.153822101007344
"369673",0.364297692283002,1.21913621534689,0.48935866921133,0.103374694355095
"369679",1.3902651181984,0.824579940115349,0.302650362320364,0.687950491078874
"369682",0.559815893402155,1.30000693619749,0.80577315980577,0.919993524320153
"371007",1.13832041739716,-1.1563536607726,2.29030637383211,1.45711672346278
"373045",0.57782098442902,-0.665941556295178,-0.122293150009466,0.550052465427407
"373101",0.631545138287391,-0.44842130622481,0.0313671414922292,1.06881291142987
"376770",-0.211567772675729,0.552209306869873,0.189849721361842,-0.429744850239029
"376790",-0.459576035298159,-1.0649282114001,0.447924749417165,-0.699594545419299
"376804",0.514559511703344,-0.154615452709568,0.781771851795138,0.325281893296376
"377165",2.43977522904172,1.43900196064434,1.52198918291949,0.0168315624902821
"377191",-0.347957128289081,0.812233513850544,-0.264326455854094,0.0134360579997832
"377246",-0.561075384995478,1.11277452206301,-0.433672951280142,0.162500394438414
"377276",-0.599984101913992,0.137292830014317,-0.0120177204148955,0.25794616743006
"390604",0.665852905758968,0.852253526162716,0.706739247466916,0.786859340789683
"390845",-0.718786059297585,0.463976337112026,-0.810487980355615,-1.45294042976662
"390866",-0.464695936402108,0.477267476732186,-0.508933689968348,-1.16576690446194
"391721",-1.04520032288024,-1.09107885436599,-0.52418722527894,-1.55756757932835
"391994",1.08462157825377,0.227317497515078,0.660648240048269,0.129229518348672
"392036",-0.0235806992620144,0.331048652749132,0.0464948095697263,0.272355945193222
"392884",0.632513426135233,0.568171704943104,-0.599400763754735,-1.49798576670153
"392956",0.0452120386859744,0.556664118985209,-0.506314078179577,-1.49518151921186
"392959",0.268114432730697,0.26048019392028,-1.03731646779533,-1.11883799165295
"393017",-1.26777995430902,-0.57501289584231,-0.254312144121045,-1.14558814767636
"393205",0.342090358570077,0.523151227112074,0.297183004382839,0.794182481071433
"393281",1.72990632035615,1.14763118724333,1.18529433439277,-0.317186410337555
"393298",2.45137569717959,-0.151805744885452,1.30014818459114,-0.032301894278956
"412450",-2.0905081910375,-0.371948388924996,-0.554820163133217,-0.489571612194765
"412956",-0.82024743692244,0.406967772564773,-0.165064409155257,-0.755637262569702
"413235",-0.0692484450791896,-0.454749256889555,1.57862943781184,-0.0376823329865384
"413317",-1.55130476204314,-0.769851881303522,-1.45162419892871,-0.542362415840586
"414940",-1.10441776988846,1.19555095778562,-0.683834077054673,-1.56168103874843
"415066",-1.73103923837459,0.240014119247817,-0.487953195551974,-0.620492805236401
"415173",-1.79432602581525,-0.00198723725527206,-0.602020375543507,-0.641609126694729
"416019",-1.19581021963151,-0.58579565862239,-0.210651947641527,-1.16227848815702
"416396",-0.881154641155324,2.27981313507113,-0.772468209259128,-1.24553592040292
"418273",-0.886856780703727,-0.9041722034575,1.29542816335011,-0.287699579053146
"419150",-0.26238073431183,-0.1259401447423,-1.54879370287735,0.593906841832063
"419152",-0.0975692824588821,-0.16824864371701,-1.66773037144921,0.510421353314417
"419380",-0.780471691015989,0.939240451581174,-0.893088352073621,-0.797869905486359
"419525",-0.291163565239838,0.918261299827786,-0.379786042111729,-1.72135421508773
"419528",-0.324541016936039,1.06256626485818,1.45905556637244,-0.133406841421432
"420071",-0.174589302774157,1.23562797866234,-0.208685272124432,-0.555733270587999
"420125",-0.886761850522566,0.301453063668456,0.249550123358789,-2.11552836448605
"420158",0.0163659209705253,1.51528756408922,-0.0277511245516582,-2.15213561936621
"420213",0.300441323755383,-0.75600694419919,-2.48609552092087,-0.356530340478713
"421018",-0.399795335881719,0.561705304907316,0.0953076959040335,-0.572727686097662
"421064",-0.225022543685613,0.142985542388393,0.359581685189241,-0.503271881556928
"421337",-1.76774557509017,0.918302020231034,-0.558753514167408,-0.856995605569679
"421340",-0.282835024012649,1.00852214566739,0.0850023161944541,-0.610846869594237
"421442",-2.03608155383854,0.84616989791746,0.605518391953051,-0.840102548403016
"421747",0.660593773722651,0.0844621788403119,-2.68276307263041,0.971154147949391
"421749",0.73165850733976,0.130883438543077,-1.41622403962099,0.936303771014567
"421919",-0.5341785003332,0.0629292296027502,-0.0513512307568021,-0.256084222565737
"422005",-1.26524848281139,0.127161593686205,-1.04648904240706,-0.650055655278061
"422181",-0.904482151005949,1.75413716138091,0.665643595861691,-0.704113438211381
"422212",-0.403301423905931,-0.278486919390099,-0.688412497658471,-0.801704629463191
"422381",-1.19905683182721,-0.397260191583976,-0.650762461559197,-1.15882385796644
"422983",-0.668998343618024,0.411675051180245,0.690085439188152,-0.626523626644899
"423133",-0.48649190599667,-0.80039218373955,-0.702604028189832,-1.26534302993083
"423143",-1.04792798341893,-1.25577659734301,-0.725220796636428,-1.26116199828208
"423200",-1.47536061711436,1.34527988052866,0.770719135389062,0.194597203055074
"423348",-0.91005771697947,-1.47401352651054,1.07201382460807,-0.835034631253017
"423409",-1.42219971566421,0.221396750882815,-0.133951602474808,-0.704958091069714
"423671",-0.362892810125074,0.529128982308885,-0.00906770713925237,-0.534160836586172
"423673",-0.177234690489175,0.256986383321601,0.112307639073806,-0.75327223456637
"424673",0.479549260891175,1.15622319232867,-3.5756337573917,0.201641607893573
"424689",-0.216086449298991,1.4606977914949,-1.60305821374505,-1.28495586930133
"424700",0.591180825257742,1.6245078296811,-0.137884953508999,-0.828834879272852
"424702",-0.974129260584387,0.939248595661824,-0.629553832782841,-0.445227337132276
"427258",-0.203175944661099,0.105180720012913,0.216116639568168,-0.457593054978273
"427520",-0.416287872688752,-0.0624000275140612,0.400984138175132,-0.844925516224098
"427650",0.757479516615545,-0.151585854707912,-0.331932893429765,0.477555910596673
"427918",-0.611723800984233,-0.258297743459721,-0.326685803150154,-1.19992466605293
"428238",0.955212755295121,-0.293797791011361,-1.85282600441616,1.22560582152225
"428988",0.259463128887561,0.0947807290233647,-1.69417822380311,0.0844037911569337
"429101",0.380904145307431,-1.68124780272046,-1.65353884091785,0.864508278056249
"429168",-0.718532912147823,-0.217951967921566,-1.31210037104389,0.176732795101328
"429247",-0.185512602286414,-1.04267858306538,-2.24222775680104,0.0811011984808501
"429726",0.822107983949941,0.361499370298013,-0.696420800364084,0.648023750465468
"430048",0.177266249359642,-0.567732087741562,-1.73351173414502,0.150252927992584
"430154",-0.808317877489877,0.869437536333388,0.0561551197096985,-0.302903330503143
"430174",-0.411294545159685,0.174861474050957,0.0482884176413172,-0.112011784519854
"430390",-0.203353147665933,-0.390231849983365,-0.887070324991309,0.260598377405224
"430433",0.829569496189193,0.211509836974191,-0.33822625508447,1.16018745764435
"431424",0.774434046970897,0.771415381634711,-0.802621278287234,1.19243630377551
"431742",-0.27080420572018,-1.65755667211075,-2.21338842701836,-0.663249132925224
"432043",0.586946939177963,-0.726167032699027,-1.13039528666842,0.583103731773983
"433740",-0.573688441732401,-0.395224171421573,-1.46932427858256,-0.888247761328005
"433924",-0.484998337813069,-0.430691642650614,-0.588599781814847,0.505657511193418
"434148",0.188423709985428,1.18010978087397,-0.666527332504234,-1.04957645726963
"438163",0.237635515899279,0.788835570144222,0.345917223696462,-0.564990665915331
"438273",0.576485633214024,-1.23332336699204,-2.00754043399502,0.214657708440486
"438323",0.746284083917295,-0.30088314117652,-1.46604386382005,0.389255900786527
"438760",0.0542557206112442,-0.670640690830003,-1.69942531408272,0.424241422178687
"438770",0.331451849601304,0.342629535432872,-2.26320825121742,0.664959040275046
"443483",-0.156850016254541,0.658522135669852,0.577984934713715,-0.0521596829783679
"447647",-0.875098095597253,0.81275473501212,-0.149213004487468,-0.488380651664516
"450448",-0.419737002604269,1.42136188195729,0.43900390927162,0.0310977492675295
"450770",-0.633937463375902,0.934068960368675,0.418031281557315,0.2929401353508
"454059",-0.320908355336946,1.54804305646194,0.268563942258067,0.983139772009138
"455538",0.0544329236160781,0.893796481556365,0.119096602958819,0.193997499525658
"457982",0.602616747748268,-1.10227696525921,-2.06260734847369,0.488114071325838
"458835",0.680459496300271,0.881148724307524,0.200383235431405,0.39060734535986
"460142",0.642632983446992,1.63380836978296,0.65490554753835,0.251188944563394
"460689",0.0746910242758319,0.966873317225293,-0.0749513369619467,-0.941460891402992
"460693",-0.376208350202588,-0.0645744970475065,0.178749804743355,-1.87420259633169
"460960",-1.50573827508587,-0.381265217188148,0.369517329901606,-0.987916798611315
"464211",-0.601920677609676,0.902209316867409,-0.521386679342596,-1.3863142123013
"471420",-0.102189217942049,-0.766496520075884,-1.49194104702916,1.59626483534458
"471785",0.133838855817865,-0.572480086760283,-0.967822021723245,0.747540750234277
"480143",-0.528678878504608,0.202347746243382,-0.255885484534721,-0.69369042193955
"480914",-0.945466674552515,0.360823411604095,-0.175070854186238,-0.177252771297505
"512731",-0.890318567976731,-0.111875317460428,-0.488307197145052,-0.285444355921397
"520702",-1.04853553657836,-0.151577710627263,-0.458272128647971,-0.727484982801459
"536162",-0.917892621264623,0.398147733221247,-0.321674713932596,-0.830051179388852
"601577",-2.19176705094255,0.10942378603136,-0.289971904597018,-1.45106530042112
"609307",-0.760998346520501,1.1992076499973,0.509812094589121,-0.739952058990456
"609368",0.38310019683162,1.70775662208139,-0.545380120651159,-0.208302210369832
"609448",-0.969844745074655,1.15351121347235,0.129582916815972,-1.23950509899442
"623960",-1.08716579163214,0.796075657841723,0.394431175352171,-0.188511993899086
"624629",-0.480587248728456,0.195669600110703,-0.179838075639677,-0.928182948469996
"625454",-0.0192202396073533,0.42732797418879,-0.748341034015402,-0.125526230253184
"653215",0.599180275190241,1.16681049717316,-0.874208267109506,-0.0106534415198781
"664062",0.110416415786079,2.23440988544957,-0.0172648106945058,0.553574667846657
"665788",-0.704527546087206,1.08817125442055,-1.0803158613011,-1.1813423031696
"669426",-1.07734368222135,1.50597887990672,-0.248018782466339,-2.5181490424677
"670602",-0.307738374870545,0.367517845898074,0.603551716435956,-0.336934394165384
"673831",-0.623786262670421,0.29330898301885,-0.342419207286918,-0.305555540478309
"675238",2.30286059309261,0.418499790764617,0.289866971459244,1.24002404581399
"692864",0.454411748919747,-0.987640886035329,-1.24434446612892,-0.190099941272752
"692876",0.466803301900628,-0.85955892965895,-0.708220853466656,0.585249150034149
"692904",0.389017511457321,-1.4323891303104,-1.6475050804314,-0.0812157413050276
"701166",-0.966269041584258,-0.948679604207606,-0.390335289585429,-1.0456403749498
"730613",-1.13261203369327,-0.860454778530405,-1.20203734240517,-1.05971229156963
"743023",-0.515116519956077,-0.0986411864048143,-0.30022221739212,-0.924567834236329
"743034",-0.921063289315399,0.0299619911331384,-0.301653957168565,-0.494394580015847
"770285",-1.33920542261454,-0.722681366180996,-0.724316125898565,-1.71572882705123
"770505",-0.890774232846303,-0.471574927511644,-0.0985514431670914,-0.852772341278013
"784135",-1.26248917887898,-0.0531727841380565,-1.46623266466969,-1.1322426325147
"835884",0.416002997622015,0.0390507851381006,0.618569250684496,-0.337956424123967
"855168",-1.60500992986528,-1.10036310630655,-0.0535696407400855,-1.61436203752267
"855587",-1.20087316262676,-0.0389206430012417,-0.471149919933911,-0.958353948569655
"876108",-0.494839433260091,0.549358878642511,-0.765907379734098,-2.20937774357544
"877657",1.87124470274736,1.26586695011434,0.927266506549854,0.342031359477122
"878573",-0.386289935441883,0.0873126070676752,-0.501184988430992,-0.816367803083855
"897095",-1.91963386494774,0.599518271363445,-0.983555425860008,-1.34267099911123
"900613",0.0437184705023753,0.745851112475593,-0.0565983210364123,-0.8386919781296
"904516",0.251102944266651,0.578807874271491,-0.902528394555679,-0.429601259253112
"909641",-0.568910289280631,0.615659839210966,-0.218699583857482,-0.6912831612933
"909658",0.284328507672994,-0.170976910734629,0.435424559830506,0.327790512285626
"916978",0.0328331430625837,-0.0828905344284735,0.534246071213514,0.317781375914378
"934019",0.243236396587777,0.0447272093508763,0.762938967043433,-0.0651673369966986
"984151",2.03684723944332,1.24695639484595,1.57548275698449,0.144298125341335
"1047493",0.0413895167245598,0.654661841441938,1.27025471673129,0.499677368956418
"1058137",-1.92975975093824,-1.22708500121444,-1.63911130932444,-2.75852035289215
"1064007",2.29948740732203,1.13284153678365,0.793532571387369,0.473721186619842
"1066175",-0.81347575066629,0.208789714037222,-0.550532810505949,-0.409329590653117
"1066279",2.23308690993929,-0.0723113736646331,0.0518992338907045,0.985952466027387
"1066569",-0.866813855121272,0.0567723046316471,-0.39319876913832,-0.363076400130795
"1079616",2.35327484796784,0.712370796925057,0.754199061045461,0.292492469335884
"1081265",2.12227807380945,1.56569127922964,1.89801754178813,0.095156222043514
"1082612",1.91870979332785,1.48183982486128,1.61324292691272,0.542830683488659
"1093268",-1.03952982672556,0.393733641509161,-0.687122358519257,-0.592340525468158
"1101307",0.378379002488547,0.849134343273915,0.518984669200855,0.432105140289768
"1127595",0.70710956249153,0.712093898182969,0.616791376017041,0.372312164448365
"1193118",0.555164314525267,-1.27799364935514,-1.04019568075235,-0.411931121456784
"1195398",0.0194986169488371,-0.610822418458635,2.16705875252678,0.953492456681645
"1210458",-0.755606312230557,-1.53023211523478,1.40661613038461,1.8490609893151
"1290408",0.0244919444779044,-0.336269171599065,0.205032456353818,0.338399352186289
"1290414",0.919398762282456,-0.332376301048552,0.0801564277203308,-0.133879847022099
"1291472",0.180335658550513,-0.666690811714943,-0.285448550907698,0.271055179791389
"1291474",1.83232332847136,-0.0135518317777139,-0.072984661444851,1.94498821443599
"1291739",-0.293163427722963,-0.949941936708294,-0.229539899307712,-0.28393242730498
"1293839",1.57704974265074,-0.0380492263717348,0.737285651598441,1.17364277767759
"1295300",0.563511841788689,-0.854232700914106,0.118435799985075,-0.489385788565932
"1295736",-0.0120625039478155,-1.67898374829987,-0.264711924255445,-0.540360588566336
"1295755",0.195005535879255,-1.01605558342181,-0.0257451155242214,-0.288966558340645
"1296234",0.501402188594433,-0.732226228702336,-0.359135949182228,0.751764014525944
"1296766",1.9038373982793,0.183298741603949,0.390167422831108,0.62368930161689
"1298199",0.228161483819415,-1.01373452043667,-0.147852065029638,0.196548351157823
"1298205",0.00243649905483775,-0.951635905483413,0.312066804696216,0.142406102938669
"1298211",1.46304492375515,-0.0176238721025183,-0.0169344092076337,1.03593057565496
"1300939",0.331186045094053,-0.969707620444892,0.12064634326629,0.0369849796901107
"1301796",0.196783894606338,-0.598541144839027,0.179284740484006,0.161132056807914
"1301798",0.299884400025906,-0.843441794053377,-0.243369561543926,0.02415470277203
"1301800",0.323452399668805,-1.04135924200014,-0.193998139362764,-0.0370319502856218
"1301802",0.273778600206637,-0.857237866673811,-0.638781474309053,0.258647229302475
"1301936",0.45757608829178,-1.04376988987242,-0.408570304979937,0.0238252881572805
"1302304",1.30950484874538,-0.380581114413579,-0.146176457489073,0.66732406827838
"1302311",0.43648260203781,-0.892656473418955,0.502779262939989,-0.241699784388323
"1306534",0.240027756464536,-0.958965578068058,0.626019017543254,-0.266448113137484
"1311265",0.431976582772036,-0.879609656218283,0.00450235392870619,-0.0374120440718716
"1342417",1.7125214398462,-0.105140162763201,0.686348755705671,0.390176572402111
"1343502",0.307947136745845,-0.704397905122626,-0.19450160829514,-0.0210933508488758
"1360815",0.192461407024142,0.567332864636195,-0.856374453520484,-1.34033131069365
"1390242",1.08073576950491,0.0430088083338105,0.473098196035986,1.28926730745482
"1390246",0.168982008883659,-1.64690421462106,1.08538721812432,1.6923272049228
"1393230",1.18982953369511,-0.140526193185747,-0.0987481107188004,0.509720291441999
"1399978",0.206194639898764,-1.50500989746295,0.840205714759075,1.75192591060679
"1402346",0.809925277367614,-0.162702524794628,-0.810487980355615,1.65162338367973
"1410845",1.06171176120025,-1.38193655068608,-2.00721003250815,-0.413105188929867
"1437563",0.485624792485478,-0.551834842313526,-0.217535311951361,0.684799935917292
"1439621",1.90779282249434,-0.00867352746859992,0.175799791467713,0.719557401037699
"1477928",1.4092511544306,-0.894342298113424,-0.668887343124748,4.87538460849405
"1477994",-0.382929407028785,1.17454737379029,0.376817629421064,-1.26158432471125
"1478078",-1.40317570735955,0.125092997201205,-2.31106139989938,-0.998170884311479
"1478148",-0.381764930139877,-0.880179741863756,1.1034806328816,-0.721006495378044
"1491661",0.152679332438948,-0.267622715803522,0.33119862412652,0.326320816312125
"1500224",2.09762787010132,-0.189520982373785,-0.109368158511116,1.17393840617801
"1504972",1.58603013778857,0.381517520534749,0.834494489057431,1.59871432863374
"1507236",0.729525742603009,-1.28624360305319,1.19028182350412,1.47846954772144
"1507248",1.26228024795717,-0.200816822234791,1.23560976082213,1.44685419123403
"1541043",1.23437077469584,0.354414020132854,0.389742620919416,1.14060840438818
"1541045",1.45930467461741,-0.317448201217821,0.346475759543317,1.70577407842747
"1542708",0.740100964784343,-0.319158458154239,0.607768268744608,1.16547498453751
"1563726",2.70663029696398,1.47973050797303,1.59750952277596,0.687950491078874
"1563730",0.169754107690435,0.980278473974546,1.3428014432059,0.724515513316116
"1586793",-0.0363266582525628,2.08261236622153,1.58492279946654,-0.361463113171379
"1630947",1.83854441967678,0.133668714125241,0.516365057412084,1.07068804077537
"1630957",1.61619894936153,0.152864312216366,0.184649831294642,0.78078628673827
"1635496",0.686376810925972,-0.848865751766015,0.457042257114419,1.78806015988628
"1635819",1.43309128725949,-0.549196160183055,-0.514361714395531,-0.0151554412547936
"1636202",1.46114632013193,-0.174201966671873,0.188299981054371,0.38304770227778
"1636586",1.18880428773857,-0.384001628286413,0.731102423772693,1.4119531351277
"1637606",1.00389928087321,0.0470156960134162,0.0676326380274672,1.43241062735653
"1637620",1.49764381044896,0.296908666665976,0.759572018558165,1.38978099759646
"1642335",0.815886892744524,-0.334257583678611,0.0469825450979664,0.560010922627154
"1642433",1.07651454078262,-0.124954710983697,0.895744631361849,0.68083851401171
"1642486",1.07214142377047,-0.246480682437141,0.745435554941284,0.985986252141721
"1649008",0.669909588833915,-1.20229441971703,1.68038522906635,1.20724306838209
"1651705",1.04830761962032,-0.265073618560194,0.780552512974539,0.90117465863649
"1671942",1.39195487542307,0.181808374845072,0.570118232645334,0.167779474802997
"1671946",1.20763210700217,-0.148678417916003,0.855002981349701,1.2745281150769
"1672866",0.876059970243097,-0.491755959361372,-0.973722048274531,0.776503896746521
"1673085",1.58373915608322,-1.12012879004314,1.85658362199396,2.36828599438965
"1700001",-0.879920548800231,-1.70234911568359,-0.554104293244994,-1.1343204785462
"1766332",0.724798219581193,-0.555393805557406,0.0719907909733504,-0.0451912968971193
"1766345",0.668599552333893,-0.623869235659307,0.36099769156155,0.558971999611405
"1766370",1.06280662262297,-0.358307053836902,0.324842328855268,-0.10021198408894
"1790751",1.43159771907589,0.0698516981549165,0.624060208728226,0.601787453000311
"1796426",0.985805588343932,-0.449993113790185,0.379067506212621,0.467470755468176
"1799716",0.733905188293902,-0.931715484214473,0.0688991770604761,0.262870493594142
"1812547",2.42990881887972,0.2621904508567,0.598635027643218,2.0737977753318
"1815932",1.24771162948833,-0.263876438704702,-0.123559689042476,0.628385571509221
"1815954",1.97630076989884,0.394873812800106,0.0440325318223232,1.40924179945245
"1816016",0.913715608770286,-0.218693079260679,-0.317135626839139,0.145877626186419
"1816173",0.901899965555116,-0.0502409151041959,1.02343693933582,2.00758543776706
"1817540",1.27270991052739,0.0796490271763938,0.152199685262568,1.58914441174883
"1823515",1.67084076163779,0.462616275643541,1.32532163120996,-0.486116982004182
"1831374",-0.222339183898129,0.414558055730206,0.914105513989451,-1.06744931175196
"1838323",0.0754821091188394,-1.76676064954134,1.26435469018,-0.108844336301104
"1982528",0.587295016508887,-0.731957474040898,-0.312266138258811,-0.0874239398137766
"1987795",-0.301510954986386,0.0771325062556649,1.19158769604747,0.688719125179957
"2011449",1.29731581348431,0.0766927259005868,0.670481617633745,1.22226099620325
"2031157",0.454468707028444,0.728031864014252,-0.987488776894199,-1.7795423504983
"2099196",-0.256071041603996,1.6878769212157,0.0233824388928211,-1.33703716454615
"2114149",-0.392264208176282,1.08853773804978,1.29975484948772,-0.248845547569822
"2117143",-0.322344965411848,0.0567723046316471,-0.841954788629141,-0.662725448153058
"2151597",-1.61459154948379,0.577415236480409,0.062715949234729,-1.41446649206955
"2151603",-2.0512703828243,-1.00835942720793,-0.46435308934683,-1.39123853846539
"2163595",-0.62352045816317,0.229736289468012,-0.295218994876628,-1.46092239927787
"2163596",-0.0927531579346486,0.718584730460706,0.158422246598658,-0.445936845533276
"2163607",0.131256754890286,0.440545817083104,-0.747554363808563,-1.92407934761626
"2200733",1.4484889626438,0.204334901921886,0.0676326380274672,1.08718411109861
"2201662",0.193125918292269,-1.78674622345547,1.21223778897697,0.502802584532252
"2201664",0.369765670717875,-1.46839411086231,1.18057431315174,1.12033673578819
"2430154",1.03127714512004,0.559522691293221,0.0956774309012474,0.103307122126429
"2448313",0.672599277300142,0.167621386353455,0.104079068710279,1.25967067129882
"2448314",0.850219974931079,0.700333845724937,0.561968329302491,1.72776039232988
"2448315",1.38251248673692,0.0113283346068357,-0.1585350464385,1.27045688829974
"2450184",0.523236130261457,-1.89225278827114,1.36386847134503,0.107876694090011
"2460025",0.910127247922399,-0.086099302204419,0.368392391505828,0.345418417439038
"2464236",1.18832330815402,0.0910588841664946,0.126491302903098,1.30634618825031
"2464628",1.25862860032184,-0.356083719819559,1.33908835982962,0.303371598151216
"2464631",1.54522281724684,-0.140656498476139,0.538368223097347,0.739043542479445
"2484301",0.735879736062051,-2.02592158397315,1.0929549855141,0.514982478749415
"2484313",1.01431628608595,-1.06314465773784,1.91847096716592,1.27399598377615
"2484320",0.91350676237173,-1.39759761777528,1.7810632821375,1.34543672253397
"2485043",1.18338061005491,-1.35715411326932,1.70555080898311,2.00109850381507
"2485050",1.10788580131695,-0.81742145637788,1.43152210913311,0.730951768096614
"2485148",-0.14534447829783,-1.82192050778113,1.90221049399057,-0.0712319445195305
"2485260",0.208612195178996,-1.10190233754932,2.217932714803,1.26214550417374
"2485890",0.386872089363083,-2.06419061894565,1.46954974693166,0.623959590531555
"2485913",0.618166311422437,-2.15730189301262,0.811232651041226,0.158277130146749
"2485915",0.756606158948864,-1.84783497240818,0.762852433320681,-0.0550483957538674
"2485920",0.17636124829924,-1.42456266880613,1.52041584250582,2.11090337539837
"2487807",0.419490099609995,-2.07697682556554,0.434614289517463,-0.440792909626027
"2586622",1.2738174293076,-0.103641651923674,0.413909129673483,0.837825694261505
"2588632",0.331793598253483,-0.466631470557333,0.919627938841455,1.08258919954928
"2588634",0.770579881615761,0.216599887380195,0.0587825982005384,0.591111040870981
"2588696",1.89991994613672,0.0402805413161911,0.495943098842565,0.974870620526056
"2600794",1.44903322901579,-0.27764807908319,-0.109368158511116,1.09509006185261
"2601500",1.97598433596164,0.294286272696802,0.494401225237163,1.10944071391569
"2620837",0.8895463846467,-0.706295475913985,2.50690028188085,1.92296811441925
"2621094",0.674371307348481,-0.692996192213174,2.29817307590049,1.88918200008592
"2621166",1.08859598850504,-0.628633522839326,2.55908011670043,1.9842054466484
"2668072",1.62605270216604,-0.291427863542325,0.754985731252299,1.08422782609445
"2668073",0.533374673609451,-0.593304500981329,1.17251881023371,0.778835138635519
"3578390",1.0681100554105,-1.48235306509574,1.30172152500481,2.48466226521079
"3578468",0.577637452745443,-1.70247942097398,1.32925498224415,1.90713087332551
"3822784",-0.0895888185626155,-0.562658325496856,2.12509776369403,1.93774953944008
"3825284",0.368791054191288,-1.51471764159728,1.56918939532978,1.91029832154425
"3825285",0.883970818673178,-0.503573020383953,2.39782059100068,1.83850282858594
"3826177",0.129801158779153,-0.880505505089741,2.68363361054911,0.512634343803249
"3826178",0.378125855338785,-1.22189722184064,1.54427554987922,0.877710202231996
"3826179",0.553677075020411,-1.44924737725509,2.59317440346479,-0.434550925002945
"3827748",0.836505728092689,-1.44840039286753,1.44096215161516,1.07291792432137
"3827757",0.687781777607154,-1.21925853971017,1.97491455450656,0.934606018769315
"3827759",0.415648591612348,-2.1265824208023,1.7448135190064,0.243798232052978
"3827762",0.106334417996158,-2.04514161430622,0.769145794975386,-0.00769715651571153
"3827768",0.515325281831376,-2.28909755016522,1.21204112142526,-0.00914995943204504
"3827770",0.121365030013312,-2.31129831401605,1.42739209054721,0.584455176347316
"3827771",0.300827373158771,-1.56944586356264,1.75956358538461,0.903539686639824
"3827774",0.270088980498847,-2.05032124959937,0.0501292259253186,0.653902534359466
"3830032",0.955959539386921,-1.50356025110732,1.25452131259452,1.04579612104029
"3830034",1.47570228124328,-2.00663640099488,-0.764664440807293,-0.0665441211557813
"3830068",0.308061052963238,-1.1770559137839,1.40556199230745,0.770084535023188
"3830069",0.85311850979586,-1.63645535914761,1.13258743053461,0.96154199842156
"3830083",0.505041178872271,-1.82117939644201,0.905436408310095,-0.00971587684712857
"3830109",0.635570177968616,-2.41866172921982,1.39730195513565,0.509652719213332
"3830114",1.04795321361065,-1.8422725653245,1.45630222064851,0.188025803817242
"3830128",0.202846768843152,-2.00145676570173,0.956176636651155,0.393301787977943
"3830130",-0.039225193117344,-1.50911451411035,1.36760515482751,0.907847416217323
"3830162",-0.094487215910522,-1.80525771877203,1.27163138959325,0.121112404380091
"3830165",0.315971901393319,-1.84079848672692,1.17832443636018,0.840123150036172
"3830167",0.482099718425033,-1.78563862848713,1.36288513358648,0.481356848459172
"3830184",0.309643222649255,-1.42619148493605,1.04271035940335,0.39119015583211
"3830198",0.391124961479095,-2.0155215929836,0.998656827820415,-0.188402189027503
"3830201",0.513743112145359,-1.69475068843751,1.74343684614443,0.729262462379949
"3830206",0.55216452080058,-1.74084618491428,1.9489544376809,0.684495860888292
"3831054",0.3493177096958,-0.0613168647876624,-1.7321979948996,1.22190624200275
"3848142",0.430679203629503,-1.64571517884622,0.840339448694238,0.299122994273799
"3848815",0.424350524885438,-1.70271559931282,0.343557213075947,0.0841588418280166
"3849968",0.986248595856017,-1.45247243319233,2.38771974554488,0.781630939596602
"3854950",0.246356435208602,-2.32277332365134,1.02678028771488,0.194386039840491
"3855090",0.828594879662607,-2.01515510935437,0.324283793008413,-0.133550432407349
"3855110",0.519280706046417,-1.74344414664151,0.11452604905709,-0.0505632890761187
"3855646",0.726544934914554,-1.60297504359708,1.56859939267465,0.37894268938628
"3855675",0.535893487749588,-1.66940630945593,1.45492554778654,0.704556366273704
"3863169",0.130858048129411,-2.14879132873378,1.78788371283079,-0.109477825944855
"3863186",0.609015041958518,-1.46247336423005,1.33200832796808,0.925644251942401
"3864287",0.22974365350543,-2.26872920446055,1.16661091698036,0.111610059723843
"3865255",0.640316687026665,-1.92223929322299,0.912319772619929,0.31501936106763
"3868700",-0.060584483878564,-2.00590343373641,0.744365683459984,0.143191630096919
"3868812",0.497921415285197,-2.13250316743456,1.26455135773171,0.426665575882102
"4057141",0.654784046635598,-0.841470926536171,2.6159878394631,0.731652829969031
"4057142",0.134927388561845,-0.895572054291514,2.79220196579485,1.08124620150453
"4057151",0.996532698815123,-1.10752175319755,1.93525064267778,1.96191505771699
"4057155",1.05243391816145,-1.02510365702352,1.70187705911717,1.92097473367358
"4059217",0.563764988938451,-1.14887739473626,1.22410077569609,2.36559155177156
"4059227",0.952833172087353,-0.490371465650939,1.79155746269672,2.93784386329226
"4062993",1.41904162044766,-1.24850393332291,1.65965646911617,1.57454881035683
"4066585",0.0827854043894908,-1.05212571661892,0.554384828508571,2.1383545932942
"4069736",0.451962550245794,-1.20997428776961,1.84871691992558,2.02256957947389
"4069854",0.527906695174578,-0.902396793875885,2.69281405186291,1.71907736094621
"4937014",-0.542810818140106,0.222276311592972,0.381317383004178,-0.304347686890892
