dataset,env,split,model,COR,group
EYT_22_23,B2IR_22_23,1,KA,0.32228604199308164,KA
EYT_22_23,B2IR_22_23,1,CP_file,0.4504553755257848,CP_file
EYT_22_23,B2IR_22_23,1,CP_only,0.4748515687850647,CP_only
EYT_22_23,B2IR_22_23,1,CP_shuffled_01,0.32227265896097135,CP_shuffled
EYT_22_23,B2IR_22_23,1,CP_shuffled_02,0.322302446544933,CP_shuffled
EYT_22_23,B2IR_22_23,1,CP_shuffled_03,0.32229630787241226,CP_shuffled
EYT_22_23,B2IR_22_23,1,CP_shuffled_04,0.32233289988420705,CP_shuffled
EYT_22_23,B2IR_22_23,1,CP_shuffled_05,0.3183878295247717,CP_shuffled
EYT_22_23,B2IR_22_23,1,CP_shuffled_06,0.3154683769494731,CP_shuffled
EYT_22_23,B2IR_22_23,1,CP_shuffled_07,0.32226655661316195,CP_shuffled
EYT_22_23,B2IR_22_23,1,CP_shuffled_08,0.2995792194360025,CP_shuffled
EYT_22_23,B2IR_22_23,1,CP_shuffled_09,0.32227094084602925,CP_shuffled
EYT_22_23,B2IR_22_23,1,CP_shuffled_10,0.32640106862773893,CP_shuffled
EYT_22_23,B2IR_22_23,1,ID,0.5023383486738653,ID
EYT_22_23,B2IR_22_23,2,KA,0.24953729806137223,KA
EYT_22_23,B2IR_22_23,2,CP_file,0.5033550877299993,CP_file
EYT_22_23,B2IR_22_23,2,CP_only,0.4802577794236565,CP_only
EYT_22_23,B2IR_22_23,2,CP_shuffled_01,0.24953588535845145,CP_shuffled
EYT_22_23,B2IR_22_23,2,CP_shuffled_02,0.24819564333516608,CP_shuffled
EYT_22_23,B2IR_22_23,2,CP_shuffled_03,0.2445163579204873,CP_shuffled
EYT_22_23,B2IR_22_23,2,CP_shuffled_04,0.2580069543850265,CP_shuffled
EYT_22_23,B2IR_22_23,2,CP_shuffled_05,0.2524292328890764,CP_shuffled
EYT_22_23,B2IR_22_23,2,CP_shuffled_06,0.24954022278395466,CP_shuffled
EYT_22_23,B2IR_22_23,2,CP_shuffled_07,0.24079087823979442,CP_shuffled
EYT_22_23,B2IR_22_23,2,CP_shuffled_08,0.2542089454664307,CP_shuffled
EYT_22_23,B2IR_22_23,2,CP_shuffled_09,0.24485225047925374,CP_shuffled
EYT_22_23,B2IR_22_23,2,CP_shuffled_10,0.25852583929720996,CP_shuffled
EYT_22_23,B2IR_22_23,2,ID,0.5236803064687302,ID
EYT_22_23,B2IR_22_23,3,KA,0.37436373025409636,KA
EYT_22_23,B2IR_22_23,3,CP_file,0.5050434210888821,CP_file
EYT_22_23,B2IR_22_23,3,CP_only,0.44374667252792027,CP_only
EYT_22_23,B2IR_22_23,3,CP_shuffled_01,0.37437532625225817,CP_shuffled
EYT_22_23,B2IR_22_23,3,CP_shuffled_02,0.3702590403596109,CP_shuffled
EYT_22_23,B2IR_22_23,3,CP_shuffled_03,0.36975847032336717,CP_shuffled
EYT_22_23,B2IR_22_23,3,CP_shuffled_04,0.3756989078692785,CP_shuffled
EYT_22_23,B2IR_22_23,3,CP_shuffled_05,0.37209953658266703,CP_shuffled
EYT_22_23,B2IR_22_23,3,CP_shuffled_06,0.37436244449008615,CP_shuffled
EYT_22_23,B2IR_22_23,3,CP_shuffled_07,0.35353376190425934,CP_shuffled
EYT_22_23,B2IR_22_23,3,CP_shuffled_08,0.38142461428924035,CP_shuffled
EYT_22_23,B2IR_22_23,3,CP_shuffled_09,0.37437559497468414,CP_shuffled
EYT_22_23,B2IR_22_23,3,CP_shuffled_10,0.3780649372544701,CP_shuffled
EYT_22_23,B2IR_22_23,3,ID,0.5620899640591446,ID
EYT_22_23,B2IR_22_23,4,KA,0.4377186590398893,KA
EYT_22_23,B2IR_22_23,4,CP_file,0.5951664114104279,CP_file
EYT_22_23,B2IR_22_23,4,CP_only,0.5869522084330661,CP_only
EYT_22_23,B2IR_22_23,4,CP_shuffled_01,0.4395052276901776,CP_shuffled
EYT_22_23,B2IR_22_23,4,CP_shuffled_02,0.4332484121012102,CP_shuffled
EYT_22_23,B2IR_22_23,4,CP_shuffled_03,0.4382926320452344,CP_shuffled
EYT_22_23,B2IR_22_23,4,CP_shuffled_04,0.43998946127196337,CP_shuffled
EYT_22_23,B2IR_22_23,4,CP_shuffled_05,0.4437277686208327,CP_shuffled
EYT_22_23,B2IR_22_23,4,CP_shuffled_06,0.4377200751036734,CP_shuffled
EYT_22_23,B2IR_22_23,4,CP_shuffled_07,0.4272263180333098,CP_shuffled
EYT_22_23,B2IR_22_23,4,CP_shuffled_08,0.4420695352881766,CP_shuffled
EYT_22_23,B2IR_22_23,4,CP_shuffled_09,0.4367885229817737,CP_shuffled
EYT_22_23,B2IR_22_23,4,CP_shuffled_10,0.4459233758197473,CP_shuffled
EYT_22_23,B2IR_22_23,4,ID,0.5999508460512109,ID
EYT_22_23,B2IR_22_23,5,KA,0.3656081554409325,KA
EYT_22_23,B2IR_22_23,5,CP_file,0.5011953364494707,CP_file
EYT_22_23,B2IR_22_23,5,CP_only,0.46633212112869205,CP_only
EYT_22_23,B2IR_22_23,5,CP_shuffled_01,0.34954300380108644,CP_shuffled
EYT_22_23,B2IR_22_23,5,CP_shuffled_02,0.3656098429856709,CP_shuffled
EYT_22_23,B2IR_22_23,5,CP_shuffled_03,0.36564240018236355,CP_shuffled
EYT_22_23,B2IR_22_23,5,CP_shuffled_04,0.37122526400439265,CP_shuffled
EYT_22_23,B2IR_22_23,5,CP_shuffled_05,0.37018315866557505,CP_shuffled
EYT_22_23,B2IR_22_23,5,CP_shuffled_06,0.3630863154502975,CP_shuffled
EYT_22_23,B2IR_22_23,5,CP_shuffled_07,0.36560781575556106,CP_shuffled
EYT_22_23,B2IR_22_23,5,CP_shuffled_08,0.3644099101865156,CP_shuffled
EYT_22_23,B2IR_22_23,5,CP_shuffled_09,0.3656103349034425,CP_shuffled
EYT_22_23,B2IR_22_23,5,CP_shuffled_10,0.37532204595113966,CP_shuffled
EYT_22_23,B2IR_22_23,5,ID,0.5324854420938441,ID
EYT_22_23,B5IR_22_23,1,KA,0.32783690691686074,KA
EYT_22_23,B5IR_22_23,1,CP_file,0.43481304558962325,CP_file
EYT_22_23,B5IR_22_23,1,CP_only,0.35490532431026667,CP_only
EYT_22_23,B5IR_22_23,1,CP_shuffled_01,0.3278346958292655,CP_shuffled
EYT_22_23,B5IR_22_23,1,CP_shuffled_02,0.3279974016344854,CP_shuffled
EYT_22_23,B5IR_22_23,1,CP_shuffled_03,0.3278097321724687,CP_shuffled
EYT_22_23,B5IR_22_23,1,CP_shuffled_04,0.3521937441850831,CP_shuffled
EYT_22_23,B5IR_22_23,1,CP_shuffled_05,0.3062929819508714,CP_shuffled
EYT_22_23,B5IR_22_23,1,CP_shuffled_06,0.3121934911830021,CP_shuffled
EYT_22_23,B5IR_22_23,1,CP_shuffled_07,0.3278371533852501,CP_shuffled
EYT_22_23,B5IR_22_23,1,CP_shuffled_08,0.32498934189062667,CP_shuffled
EYT_22_23,B5IR_22_23,1,CP_shuffled_09,0.32783203091519897,CP_shuffled
EYT_22_23,B5IR_22_23,1,CP_shuffled_10,0.3358358285376422,CP_shuffled
EYT_22_23,B5IR_22_23,1,ID,0.46553242627621694,ID
EYT_22_23,B5IR_22_23,2,KA,0.20319711210946106,KA
EYT_22_23,B5IR_22_23,2,CP_file,0.34439318534229907,CP_file
EYT_22_23,B5IR_22_23,2,CP_only,0.3649225503709092,CP_only
EYT_22_23,B5IR_22_23,2,CP_shuffled_01,0.20319627408547272,CP_shuffled
EYT_22_23,B5IR_22_23,2,CP_shuffled_02,0.2032058027050023,CP_shuffled
EYT_22_23,B5IR_22_23,2,CP_shuffled_03,0.2031941307655397,CP_shuffled
EYT_22_23,B5IR_22_23,2,CP_shuffled_04,0.2266114027215243,CP_shuffled
EYT_22_23,B5IR_22_23,2,CP_shuffled_05,0.20409615151290225,CP_shuffled
EYT_22_23,B5IR_22_23,2,CP_shuffled_06,0.21787234991761403,CP_shuffled
EYT_22_23,B5IR_22_23,2,CP_shuffled_07,0.20099210472680873,CP_shuffled
EYT_22_23,B5IR_22_23,2,CP_shuffled_08,0.19351905417581103,CP_shuffled
EYT_22_23,B5IR_22_23,2,CP_shuffled_09,0.20297156112490966,CP_shuffled
EYT_22_23,B5IR_22_23,2,CP_shuffled_10,0.21010198796428858,CP_shuffled
EYT_22_23,B5IR_22_23,2,ID,0.36174836260931026,ID
EYT_22_23,B5IR_22_23,3,KA,0.40565943113480574,KA
EYT_22_23,B5IR_22_23,3,CP_file,0.5001149735416668,CP_file
EYT_22_23,B5IR_22_23,3,CP_only,0.4578874364413295,CP_only
EYT_22_23,B5IR_22_23,3,CP_shuffled_01,0.40565197952245524,CP_shuffled
EYT_22_23,B5IR_22_23,3,CP_shuffled_02,0.4008925753095411,CP_shuffled
EYT_22_23,B5IR_22_23,3,CP_shuffled_03,0.4049112042635112,CP_shuffled
EYT_22_23,B5IR_22_23,3,CP_shuffled_04,0.41883001784035995,CP_shuffled
EYT_22_23,B5IR_22_23,3,CP_shuffled_05,0.4063658922320943,CP_shuffled
EYT_22_23,B5IR_22_23,3,CP_shuffled_06,0.390253002311699,CP_shuffled
EYT_22_23,B5IR_22_23,3,CP_shuffled_07,0.39051028035477325,CP_shuffled
EYT_22_23,B5IR_22_23,3,CP_shuffled_08,0.4103536602002949,CP_shuffled
EYT_22_23,B5IR_22_23,3,CP_shuffled_09,0.40565626527774484,CP_shuffled
EYT_22_23,B5IR_22_23,3,CP_shuffled_10,0.41303032151465785,CP_shuffled
EYT_22_23,B5IR_22_23,3,ID,0.5176687061401533,ID
EYT_22_23,B5IR_22_23,4,KA,0.44012535057996466,KA
EYT_22_23,B5IR_22_23,4,CP_file,0.5025691575040342,CP_file
EYT_22_23,B5IR_22_23,4,CP_only,0.43837472995243876,CP_only
EYT_22_23,B5IR_22_23,4,CP_shuffled_01,0.44012051213615677,CP_shuffled
EYT_22_23,B5IR_22_23,4,CP_shuffled_02,0.43793990735355837,CP_shuffled
EYT_22_23,B5IR_22_23,4,CP_shuffled_03,0.4321445543430912,CP_shuffled
EYT_22_23,B5IR_22_23,4,CP_shuffled_04,0.4410004516555911,CP_shuffled
EYT_22_23,B5IR_22_23,4,CP_shuffled_05,0.4409315839158424,CP_shuffled
EYT_22_23,B5IR_22_23,4,CP_shuffled_06,0.43187531018572745,CP_shuffled
EYT_22_23,B5IR_22_23,4,CP_shuffled_07,0.44009947532334,CP_shuffled
EYT_22_23,B5IR_22_23,4,CP_shuffled_08,0.42046910337429655,CP_shuffled
EYT_22_23,B5IR_22_23,4,CP_shuffled_09,0.4339324338785135,CP_shuffled
EYT_22_23,B5IR_22_23,4,CP_shuffled_10,0.3831540179385441,CP_shuffled
EYT_22_23,B5IR_22_23,4,ID,0.5006878088245597,ID
EYT_22_23,B5IR_22_23,5,KA,0.3828053010118845,KA
EYT_22_23,B5IR_22_23,5,CP_file,0.5315965209396633,CP_file
EYT_22_23,B5IR_22_23,5,CP_only,0.5280891298393592,CP_only
EYT_22_23,B5IR_22_23,5,CP_shuffled_01,0.382810169624432,CP_shuffled
EYT_22_23,B5IR_22_23,5,CP_shuffled_02,0.3812216911277472,CP_shuffled
EYT_22_23,B5IR_22_23,5,CP_shuffled_03,0.3715375668162827,CP_shuffled
EYT_22_23,B5IR_22_23,5,CP_shuffled_04,0.3808543148903834,CP_shuffled
EYT_22_23,B5IR_22_23,5,CP_shuffled_05,0.3771731911940093,CP_shuffled
EYT_22_23,B5IR_22_23,5,CP_shuffled_06,0.3677968564567869,CP_shuffled
EYT_22_23,B5IR_22_23,5,CP_shuffled_07,0.3381358539237537,CP_shuffled
EYT_22_23,B5IR_22_23,5,CP_shuffled_08,0.37869410325733593,CP_shuffled
EYT_22_23,B5IR_22_23,5,CP_shuffled_09,0.3828060979757483,CP_shuffled
EYT_22_23,B5IR_22_23,5,CP_shuffled_10,0.38126002584490337,CP_shuffled
EYT_22_23,B5IR_22_23,5,ID,0.4980515334306765,ID
EYT_22_23,BDRT_22_23,1,KA,0.3919941142270424,KA
EYT_22_23,BDRT_22_23,1,CP_file,0.4663897095478758,CP_file
EYT_22_23,BDRT_22_23,1,CP_only,0.4305624667509506,CP_only
EYT_22_23,BDRT_22_23,1,CP_shuffled_01,0.3864929978529618,CP_shuffled
EYT_22_23,BDRT_22_23,1,CP_shuffled_02,0.3892350857903058,CP_shuffled
EYT_22_23,BDRT_22_23,1,CP_shuffled_03,0.39161851698144495,CP_shuffled
EYT_22_23,BDRT_22_23,1,CP_shuffled_04,0.3964116775465066,CP_shuffled
EYT_22_23,BDRT_22_23,1,CP_shuffled_05,0.36714100326261345,CP_shuffled
EYT_22_23,BDRT_22_23,1,CP_shuffled_06,0.39200339997371625,CP_shuffled
EYT_22_23,BDRT_22_23,1,CP_shuffled_07,0.36639434190292847,CP_shuffled
EYT_22_23,BDRT_22_23,1,CP_shuffled_08,0.3659789396312548,CP_shuffled
EYT_22_23,BDRT_22_23,1,CP_shuffled_09,0.3937260519388515,CP_shuffled
EYT_22_23,BDRT_22_23,1,CP_shuffled_10,0.3909589752153502,CP_shuffled
EYT_22_23,BDRT_22_23,1,ID,0.5170575621461193,ID
EYT_22_23,BDRT_22_23,2,KA,0.3524640873766678,KA
EYT_22_23,BDRT_22_23,2,CP_file,0.4803379512411229,CP_file
EYT_22_23,BDRT_22_23,2,CP_only,0.4671462069513085,CP_only
EYT_22_23,BDRT_22_23,2,CP_shuffled_01,0.3524501486168971,CP_shuffled
EYT_22_23,BDRT_22_23,2,CP_shuffled_02,0.3524741425555009,CP_shuffled
EYT_22_23,BDRT_22_23,2,CP_shuffled_03,0.35734083686633494,CP_shuffled
EYT_22_23,BDRT_22_23,2,CP_shuffled_04,0.3547896372986916,CP_shuffled
EYT_22_23,BDRT_22_23,2,CP_shuffled_05,0.3547120248605672,CP_shuffled
EYT_22_23,BDRT_22_23,2,CP_shuffled_06,0.3524612000479623,CP_shuffled
EYT_22_23,BDRT_22_23,2,CP_shuffled_07,0.3350525515168825,CP_shuffled
EYT_22_23,BDRT_22_23,2,CP_shuffled_08,0.3594253080601788,CP_shuffled
EYT_22_23,BDRT_22_23,2,CP_shuffled_09,0.3428028118220824,CP_shuffled
EYT_22_23,BDRT_22_23,2,CP_shuffled_10,0.33418829309495424,CP_shuffled
EYT_22_23,BDRT_22_23,2,ID,0.5094968712590245,ID
EYT_22_23,BDRT_22_23,3,KA,0.3496432515403409,KA
EYT_22_23,BDRT_22_23,3,CP_file,0.4538664214033601,CP_file
EYT_22_23,BDRT_22_23,3,CP_only,0.4572005815147408,CP_only
EYT_22_23,BDRT_22_23,3,CP_shuffled_01,0.34967759462042936,CP_shuffled
EYT_22_23,BDRT_22_23,3,CP_shuffled_02,0.3461392932545948,CP_shuffled
EYT_22_23,BDRT_22_23,3,CP_shuffled_03,0.3477380968201037,CP_shuffled
EYT_22_23,BDRT_22_23,3,CP_shuffled_04,0.3544750544693095,CP_shuffled
EYT_22_23,BDRT_22_23,3,CP_shuffled_05,0.34049789624242977,CP_shuffled
EYT_22_23,BDRT_22_23,3,CP_shuffled_06,0.3496550420851197,CP_shuffled
EYT_22_23,BDRT_22_23,3,CP_shuffled_07,0.34995924424661373,CP_shuffled
EYT_22_23,BDRT_22_23,3,CP_shuffled_08,0.35707481948413994,CP_shuffled
EYT_22_23,BDRT_22_23,3,CP_shuffled_09,0.3531839361730104,CP_shuffled
EYT_22_23,BDRT_22_23,3,CP_shuffled_10,0.35361024318770584,CP_shuffled
EYT_22_23,BDRT_22_23,3,ID,0.4662020405351314,ID
EYT_22_23,BDRT_22_23,4,KA,0.2839509291891842,KA
EYT_22_23,BDRT_22_23,4,CP_file,0.43203183385420896,CP_file
EYT_22_23,BDRT_22_23,4,CP_only,0.4659281673922289,CP_only
EYT_22_23,BDRT_22_23,4,CP_shuffled_01,0.25883889099151675,CP_shuffled
EYT_22_23,BDRT_22_23,4,CP_shuffled_02,0.2839257963999469,CP_shuffled
EYT_22_23,BDRT_22_23,4,CP_shuffled_03,0.2839791642482832,CP_shuffled
EYT_22_23,BDRT_22_23,4,CP_shuffled_04,0.2888228805999022,CP_shuffled
EYT_22_23,BDRT_22_23,4,CP_shuffled_05,0.2994080544953143,CP_shuffled
EYT_22_23,BDRT_22_23,4,CP_shuffled_06,0.2839493856952849,CP_shuffled
EYT_22_23,BDRT_22_23,4,CP_shuffled_07,0.276579851178662,CP_shuffled
EYT_22_23,BDRT_22_23,4,CP_shuffled_08,0.30012939174929393,CP_shuffled
EYT_22_23,BDRT_22_23,4,CP_shuffled_09,0.2892647574580061,CP_shuffled
EYT_22_23,BDRT_22_23,4,CP_shuffled_10,0.28587668992586296,CP_shuffled
EYT_22_23,BDRT_22_23,4,ID,0.4389584674270965,ID
EYT_22_23,BDRT_22_23,5,KA,0.2627242247435704,KA
EYT_22_23,BDRT_22_23,5,CP_file,0.4233739509844764,CP_file
EYT_22_23,BDRT_22_23,5,CP_only,0.42224244634027713,CP_only
EYT_22_23,BDRT_22_23,5,CP_shuffled_01,0.25393472557572905,CP_shuffled
EYT_22_23,BDRT_22_23,5,CP_shuffled_02,0.26272208719900575,CP_shuffled
EYT_22_23,BDRT_22_23,5,CP_shuffled_03,0.2671386839150878,CP_shuffled
EYT_22_23,BDRT_22_23,5,CP_shuffled_04,0.2277932463013661,CP_shuffled
EYT_22_23,BDRT_22_23,5,CP_shuffled_05,0.26878058495303425,CP_shuffled
EYT_22_23,BDRT_22_23,5,CP_shuffled_06,0.25590478054336413,CP_shuffled
EYT_22_23,BDRT_22_23,5,CP_shuffled_07,0.2520434884345946,CP_shuffled
EYT_22_23,BDRT_22_23,5,CP_shuffled_08,0.2550423141002015,CP_shuffled
EYT_22_23,BDRT_22_23,5,CP_shuffled_09,0.2439054886995893,CP_shuffled
EYT_22_23,BDRT_22_23,5,CP_shuffled_10,0.264695589139039,CP_shuffled
EYT_22_23,BDRT_22_23,5,ID,0.4684286560772077,ID
EYT_22_23,BEHT_22_23,1,KA,0.3979720835556759,KA
EYT_22_23,BEHT_22_23,1,CP_file,0.4132042548387424,CP_file
EYT_22_23,BEHT_22_23,1,CP_only,0.30444828708295996,CP_only
EYT_22_23,BEHT_22_23,1,CP_shuffled_01,0.3979881657496352,CP_shuffled
EYT_22_23,BEHT_22_23,1,CP_shuffled_02,0.3979868824663776,CP_shuffled
EYT_22_23,BEHT_22_23,1,CP_shuffled_03,0.3979713668270982,CP_shuffled
EYT_22_23,BEHT_22_23,1,CP_shuffled_04,0.3966511614123854,CP_shuffled
EYT_22_23,BEHT_22_23,1,CP_shuffled_05,0.39795883866140797,CP_shuffled
EYT_22_23,BEHT_22_23,1,CP_shuffled_06,0.39797079764221804,CP_shuffled
EYT_22_23,BEHT_22_23,1,CP_shuffled_07,0.39796846392232005,CP_shuffled
EYT_22_23,BEHT_22_23,1,CP_shuffled_08,0.3979715650888736,CP_shuffled
EYT_22_23,BEHT_22_23,1,CP_shuffled_09,0.39789572083491087,CP_shuffled
EYT_22_23,BEHT_22_23,1,CP_shuffled_10,0.39798900636487405,CP_shuffled
EYT_22_23,BEHT_22_23,1,ID,0.4569446443499726,ID
EYT_22_23,BEHT_22_23,2,KA,0.28690955730339196,KA
EYT_22_23,BEHT_22_23,2,CP_file,0.35405067487569786,CP_file
EYT_22_23,BEHT_22_23,2,CP_only,0.3058520192101904,CP_only
EYT_22_23,BEHT_22_23,2,CP_shuffled_01,0.284012360001318,CP_shuffled
EYT_22_23,BEHT_22_23,2,CP_shuffled_02,0.2869078436348383,CP_shuffled
EYT_22_23,BEHT_22_23,2,CP_shuffled_03,0.28689771935411884,CP_shuffled
EYT_22_23,BEHT_22_23,2,CP_shuffled_04,0.2869198133788405,CP_shuffled
EYT_22_23,BEHT_22_23,2,CP_shuffled_05,0.28692545298580124,CP_shuffled
EYT_22_23,BEHT_22_23,2,CP_shuffled_06,0.28691045186381364,CP_shuffled
EYT_22_23,BEHT_22_23,2,CP_shuffled_07,0.28728601056276154,CP_shuffled
EYT_22_23,BEHT_22_23,2,CP_shuffled_08,0.2869170975917214,CP_shuffled
EYT_22_23,BEHT_22_23,2,CP_shuffled_09,0.2869055920817551,CP_shuffled
EYT_22_23,BEHT_22_23,2,CP_shuffled_10,0.2890813015449641,CP_shuffled
EYT_22_23,BEHT_22_23,2,ID,0.38377974052336544,ID
EYT_22_23,BEHT_22_23,3,KA,0.3350413621695296,KA
EYT_22_23,BEHT_22_23,3,CP_file,0.4181439235929023,CP_file
EYT_22_23,BEHT_22_23,3,CP_only,0.339943486673171,CP_only
EYT_22_23,BEHT_22_23,3,CP_shuffled_01,0.3367934717511025,CP_shuffled
EYT_22_23,BEHT_22_23,3,CP_shuffled_02,0.3350474488354884,CP_shuffled
EYT_22_23,BEHT_22_23,3,CP_shuffled_03,0.33504023835316227,CP_shuffled
EYT_22_23,BEHT_22_23,3,CP_shuffled_04,0.33508812098915924,CP_shuffled
EYT_22_23,BEHT_22_23,3,CP_shuffled_05,0.3350498803653158,CP_shuffled
EYT_22_23,BEHT_22_23,3,CP_shuffled_06,0.33504205460231873,CP_shuffled
EYT_22_23,BEHT_22_23,3,CP_shuffled_07,0.3268515246085554,CP_shuffled
EYT_22_23,BEHT_22_23,3,CP_shuffled_08,0.3310167940403193,CP_shuffled
EYT_22_23,BEHT_22_23,3,CP_shuffled_09,0.3350477556368539,CP_shuffled
EYT_22_23,BEHT_22_23,3,CP_shuffled_10,0.33775629283518727,CP_shuffled
EYT_22_23,BEHT_22_23,3,ID,0.43169052792923807,ID
EYT_22_23,BEHT_22_23,4,KA,0.3562572980792339,KA
EYT_22_23,BEHT_22_23,4,CP_file,0.4390349601671677,CP_file
EYT_22_23,BEHT_22_23,4,CP_only,0.40117120272599616,CP_only
EYT_22_23,BEHT_22_23,4,CP_shuffled_01,0.35949196915158355,CP_shuffled
EYT_22_23,BEHT_22_23,4,CP_shuffled_02,0.3562638225056471,CP_shuffled
EYT_22_23,BEHT_22_23,4,CP_shuffled_03,0.35544395481693786,CP_shuffled
EYT_22_23,BEHT_22_23,4,CP_shuffled_04,0.3562594328774689,CP_shuffled
EYT_22_23,BEHT_22_23,4,CP_shuffled_05,0.35625434489364605,CP_shuffled
EYT_22_23,BEHT_22_23,4,CP_shuffled_06,0.3532548949849493,CP_shuffled
EYT_22_23,BEHT_22_23,4,CP_shuffled_07,0.3423326028584366,CP_shuffled
EYT_22_23,BEHT_22_23,4,CP_shuffled_08,0.35625504336277786,CP_shuffled
EYT_22_23,BEHT_22_23,4,CP_shuffled_09,0.3435090440263687,CP_shuffled
EYT_22_23,BEHT_22_23,4,CP_shuffled_10,0.35247434639839487,CP_shuffled
EYT_22_23,BEHT_22_23,4,ID,0.4562355724055328,ID
EYT_22_23,BEHT_22_23,5,KA,0.3373139871676851,KA
EYT_22_23,BEHT_22_23,5,CP_file,0.3728518301393661,CP_file
EYT_22_23,BEHT_22_23,5,CP_only,0.2598352862237283,CP_only
EYT_22_23,BEHT_22_23,5,CP_shuffled_01,0.3373089081167065,CP_shuffled
EYT_22_23,BEHT_22_23,5,CP_shuffled_02,0.33732494356347126,CP_shuffled
EYT_22_23,BEHT_22_23,5,CP_shuffled_03,0.33731724235480326,CP_shuffled
EYT_22_23,BEHT_22_23,5,CP_shuffled_04,0.33731397550630443,CP_shuffled
EYT_22_23,BEHT_22_23,5,CP_shuffled_05,0.3373020238628029,CP_shuffled
EYT_22_23,BEHT_22_23,5,CP_shuffled_06,0.3373231835962231,CP_shuffled
EYT_22_23,BEHT_22_23,5,CP_shuffled_07,0.3373138326922752,CP_shuffled
EYT_22_23,BEHT_22_23,5,CP_shuffled_08,0.337314739452124,CP_shuffled
EYT_22_23,BEHT_22_23,5,CP_shuffled_09,0.33731546890192826,CP_shuffled
EYT_22_23,BEHT_22_23,5,CP_shuffled_10,0.3403168643535409,CP_shuffled
EYT_22_23,BEHT_22_23,5,ID,0.4165709190036205,ID
EYT_22_23,F5IR_22_23,1,KA,0.27606539016159254,KA
EYT_22_23,F5IR_22_23,1,CP_file,0.5183115252952321,CP_file
EYT_22_23,F5IR_22_23,1,CP_only,0.4710498097937248,CP_only
EYT_22_23,F5IR_22_23,1,CP_shuffled_01,0.2971794916905842,CP_shuffled
EYT_22_23,F5IR_22_23,1,CP_shuffled_02,0.2900275720734027,CP_shuffled
EYT_22_23,F5IR_22_23,1,CP_shuffled_03,0.27606527453746804,CP_shuffled
EYT_22_23,F5IR_22_23,1,CP_shuffled_04,0.26976078301459583,CP_shuffled
EYT_22_23,F5IR_22_23,1,CP_shuffled_05,0.2760800538431562,CP_shuffled
EYT_22_23,F5IR_22_23,1,CP_shuffled_06,0.2787166643067827,CP_shuffled
EYT_22_23,F5IR_22_23,1,CP_shuffled_07,0.26389161819819085,CP_shuffled
EYT_22_23,F5IR_22_23,1,CP_shuffled_08,0.28788812304050654,CP_shuffled
EYT_22_23,F5IR_22_23,1,CP_shuffled_09,0.2760653741695447,CP_shuffled
EYT_22_23,F5IR_22_23,1,CP_shuffled_10,0.276078703963082,CP_shuffled
EYT_22_23,F5IR_22_23,1,ID,0.5302056178299864,ID
EYT_22_23,F5IR_22_23,2,KA,0.2874261632086808,KA
EYT_22_23,F5IR_22_23,2,CP_file,0.5414758041453865,CP_file
EYT_22_23,F5IR_22_23,2,CP_only,0.5334031759961354,CP_only
EYT_22_23,F5IR_22_23,2,CP_shuffled_01,0.3274727094053051,CP_shuffled
EYT_22_23,F5IR_22_23,2,CP_shuffled_02,0.2985462462304539,CP_shuffled
EYT_22_23,F5IR_22_23,2,CP_shuffled_03,0.28741598541602287,CP_shuffled
EYT_22_23,F5IR_22_23,2,CP_shuffled_04,0.2874154428941454,CP_shuffled
EYT_22_23,F5IR_22_23,2,CP_shuffled_05,0.2761600349435795,CP_shuffled
EYT_22_23,F5IR_22_23,2,CP_shuffled_06,0.27400045028319725,CP_shuffled
EYT_22_23,F5IR_22_23,2,CP_shuffled_07,0.24937737247307837,CP_shuffled
EYT_22_23,F5IR_22_23,2,CP_shuffled_08,0.3015107327186457,CP_shuffled
EYT_22_23,F5IR_22_23,2,CP_shuffled_09,0.2739758255080144,CP_shuffled
EYT_22_23,F5IR_22_23,2,CP_shuffled_10,0.2874222965224914,CP_shuffled
EYT_22_23,F5IR_22_23,2,ID,0.5803457171924687,ID
EYT_22_23,F5IR_22_23,3,KA,0.2832318550080655,KA
EYT_22_23,F5IR_22_23,3,CP_file,0.47189205609395796,CP_file
EYT_22_23,F5IR_22_23,3,CP_only,0.4371842941546614,CP_only
EYT_22_23,F5IR_22_23,3,CP_shuffled_01,0.2920966835496683,CP_shuffled
EYT_22_23,F5IR_22_23,3,CP_shuffled_02,0.29319518526005717,CP_shuffled
EYT_22_23,F5IR_22_23,3,CP_shuffled_03,0.28323914946908996,CP_shuffled
EYT_22_23,F5IR_22_23,3,CP_shuffled_04,0.2832173004841364,CP_shuffled
EYT_22_23,F5IR_22_23,3,CP_shuffled_05,0.27870669736352455,CP_shuffled
EYT_22_23,F5IR_22_23,3,CP_shuffled_06,0.2828407409268577,CP_shuffled
EYT_22_23,F5IR_22_23,3,CP_shuffled_07,0.27966481785741415,CP_shuffled
EYT_22_23,F5IR_22_23,3,CP_shuffled_08,0.29349718115291396,CP_shuffled
EYT_22_23,F5IR_22_23,3,CP_shuffled_09,0.28576557720636436,CP_shuffled
EYT_22_23,F5IR_22_23,3,CP_shuffled_10,0.28322883630307105,CP_shuffled
EYT_22_23,F5IR_22_23,3,ID,0.5067761986598495,ID
EYT_22_23,F5IR_22_23,4,KA,0.3601108832053708,KA
EYT_22_23,F5IR_22_23,4,CP_file,0.5370201011218432,CP_file
EYT_22_23,F5IR_22_23,4,CP_only,0.5100969782495626,CP_only
EYT_22_23,F5IR_22_23,4,CP_shuffled_01,0.3923109141326794,CP_shuffled
EYT_22_23,F5IR_22_23,4,CP_shuffled_02,0.3537424120225118,CP_shuffled
EYT_22_23,F5IR_22_23,4,CP_shuffled_03,0.360110620547609,CP_shuffled
EYT_22_23,F5IR_22_23,4,CP_shuffled_04,0.35628911588365303,CP_shuffled
EYT_22_23,F5IR_22_23,4,CP_shuffled_05,0.36130445968249564,CP_shuffled
EYT_22_23,F5IR_22_23,4,CP_shuffled_06,0.34858892739994163,CP_shuffled
EYT_22_23,F5IR_22_23,4,CP_shuffled_07,0.3579095626781,CP_shuffled
EYT_22_23,F5IR_22_23,4,CP_shuffled_08,0.36973039325102947,CP_shuffled
EYT_22_23,F5IR_22_23,4,CP_shuffled_09,0.3622130584692364,CP_shuffled
EYT_22_23,F5IR_22_23,4,CP_shuffled_10,0.3601108376902559,CP_shuffled
EYT_22_23,F5IR_22_23,4,ID,0.5450999335615307,ID
EYT_22_23,F5IR_22_23,5,KA,0.2805337599873608,KA
EYT_22_23,F5IR_22_23,5,CP_file,0.5191143423315517,CP_file
EYT_22_23,F5IR_22_23,5,CP_only,0.4723431922061865,CP_only
EYT_22_23,F5IR_22_23,5,CP_shuffled_01,0.29908372093241187,CP_shuffled
EYT_22_23,F5IR_22_23,5,CP_shuffled_02,0.29878317246738983,CP_shuffled
EYT_22_23,F5IR_22_23,5,CP_shuffled_03,0.2805352547471297,CP_shuffled
EYT_22_23,F5IR_22_23,5,CP_shuffled_04,0.2805410866857401,CP_shuffled
EYT_22_23,F5IR_22_23,5,CP_shuffled_05,0.27633461575061474,CP_shuffled
EYT_22_23,F5IR_22_23,5,CP_shuffled_06,0.2854106521605991,CP_shuffled
EYT_22_23,F5IR_22_23,5,CP_shuffled_07,0.28052202135607185,CP_shuffled
EYT_22_23,F5IR_22_23,5,CP_shuffled_08,0.28986201709288084,CP_shuffled
EYT_22_23,F5IR_22_23,5,CP_shuffled_09,0.28360051526338553,CP_shuffled
EYT_22_23,F5IR_22_23,5,CP_shuffled_10,0.28054024295115976,CP_shuffled
EYT_22_23,F5IR_22_23,5,ID,0.5051067129131751,ID
EYT_22_23,BLHT_22_23,1,KA,0.26393896287414587,KA
EYT_22_23,BLHT_22_23,1,CP_file,0.2253032589208838,CP_file
EYT_22_23,BLHT_22_23,1,CP_only,0.014590844956024508,CP_only
EYT_22_23,BLHT_22_23,1,CP_shuffled_01,0.29232863382686397,CP_shuffled
EYT_22_23,BLHT_22_23,1,CP_shuffled_02,0.2639481696492014,CP_shuffled
EYT_22_23,BLHT_22_23,1,CP_shuffled_03,0.2639341795334189,CP_shuffled
EYT_22_23,BLHT_22_23,1,CP_shuffled_04,0.2639393262035147,CP_shuffled
EYT_22_23,BLHT_22_23,1,CP_shuffled_05,0.27082062556577663,CP_shuffled
EYT_22_23,BLHT_22_23,1,CP_shuffled_06,0.26392021079377603,CP_shuffled
EYT_22_23,BLHT_22_23,1,CP_shuffled_07,0.2639382305900363,CP_shuffled
EYT_22_23,BLHT_22_23,1,CP_shuffled_08,0.2668137878471871,CP_shuffled
EYT_22_23,BLHT_22_23,1,CP_shuffled_09,0.27169072131112926,CP_shuffled
EYT_22_23,BLHT_22_23,1,CP_shuffled_10,0.26491441931647236,CP_shuffled
EYT_22_23,BLHT_22_23,1,ID,0.26725580264251075,ID
EYT_22_23,BLHT_22_23,2,KA,0.20508524707794654,KA
EYT_22_23,BLHT_22_23,2,CP_file,0.2106373052506873,CP_file
EYT_22_23,BLHT_22_23,2,CP_only,0.12241682860609007,CP_only
EYT_22_23,BLHT_22_23,2,CP_shuffled_01,0.222816336592165,CP_shuffled
EYT_22_23,BLHT_22_23,2,CP_shuffled_02,0.18923176900961705,CP_shuffled
EYT_22_23,BLHT_22_23,2,CP_shuffled_03,0.2050937771288618,CP_shuffled
EYT_22_23,BLHT_22_23,2,CP_shuffled_04,0.205081939906289,CP_shuffled
EYT_22_23,BLHT_22_23,2,CP_shuffled_05,0.21429928723790606,CP_shuffled
EYT_22_23,BLHT_22_23,2,CP_shuffled_06,0.20594773265992372,CP_shuffled
EYT_22_23,BLHT_22_23,2,CP_shuffled_07,0.2050860951572504,CP_shuffled
EYT_22_23,BLHT_22_23,2,CP_shuffled_08,0.21347081104415896,CP_shuffled
EYT_22_23,BLHT_22_23,2,CP_shuffled_09,0.20904906966924547,CP_shuffled
EYT_22_23,BLHT_22_23,2,CP_shuffled_10,0.2060644755722949,CP_shuffled
EYT_22_23,BLHT_22_23,2,ID,0.21755805610801474,ID
EYT_22_23,BLHT_22_23,3,KA,0.29511275788750596,KA
EYT_22_23,BLHT_22_23,3,CP_file,0.30082341412151403,CP_file
EYT_22_23,BLHT_22_23,3,CP_only,0.11931909799082169,CP_only
EYT_22_23,BLHT_22_23,3,CP_shuffled_01,0.29919291585188307,CP_shuffled
EYT_22_23,BLHT_22_23,3,CP_shuffled_02,0.29021979867461434,CP_shuffled
EYT_22_23,BLHT_22_23,3,CP_shuffled_03,0.29513666494299984,CP_shuffled
EYT_22_23,BLHT_22_23,3,CP_shuffled_04,0.25706867224435426,CP_shuffled
EYT_22_23,BLHT_22_23,3,CP_shuffled_05,0.30098716529203523,CP_shuffled
EYT_22_23,BLHT_22_23,3,CP_shuffled_06,0.29511564968842646,CP_shuffled
EYT_22_23,BLHT_22_23,3,CP_shuffled_07,0.29511510216147946,CP_shuffled
EYT_22_23,BLHT_22_23,3,CP_shuffled_08,0.2993872665362683,CP_shuffled
EYT_22_23,BLHT_22_23,3,CP_shuffled_09,0.29585350740378635,CP_shuffled
EYT_22_23,BLHT_22_23,3,CP_shuffled_10,0.29165900548635604,CP_shuffled
EYT_22_23,BLHT_22_23,3,ID,0.30692809792532316,ID
EYT_22_23,BLHT_22_23,4,KA,0.3059870479609395,KA
EYT_22_23,BLHT_22_23,4,CP_file,0.30110431383455344,CP_file
EYT_22_23,BLHT_22_23,4,CP_only,0.18194752308601878,CP_only
EYT_22_23,BLHT_22_23,4,CP_shuffled_01,0.3134959340784118,CP_shuffled
EYT_22_23,BLHT_22_23,4,CP_shuffled_02,0.3057630684244361,CP_shuffled
EYT_22_23,BLHT_22_23,4,CP_shuffled_03,0.3059907975431053,CP_shuffled
EYT_22_23,BLHT_22_23,4,CP_shuffled_04,0.3003854524482631,CP_shuffled
EYT_22_23,BLHT_22_23,4,CP_shuffled_05,0.29610394798170786,CP_shuffled
EYT_22_23,BLHT_22_23,4,CP_shuffled_06,0.2913468877571737,CP_shuffled
EYT_22_23,BLHT_22_23,4,CP_shuffled_07,0.3059818192034882,CP_shuffled
EYT_22_23,BLHT_22_23,4,CP_shuffled_08,0.2821665156223929,CP_shuffled
EYT_22_23,BLHT_22_23,4,CP_shuffled_09,0.30514928041962336,CP_shuffled
EYT_22_23,BLHT_22_23,4,CP_shuffled_10,0.2926801239377685,CP_shuffled
EYT_22_23,BLHT_22_23,4,ID,0.31048333352021235,ID
EYT_22_23,BLHT_22_23,5,KA,0.25473211886374425,KA
EYT_22_23,BLHT_22_23,5,CP_file,0.24631440217530437,CP_file
EYT_22_23,BLHT_22_23,5,CP_only,0.10636279710278268,CP_only
EYT_22_23,BLHT_22_23,5,CP_shuffled_01,0.2640078770621663,CP_shuffled
EYT_22_23,BLHT_22_23,5,CP_shuffled_02,0.2547299458290406,CP_shuffled
EYT_22_23,BLHT_22_23,5,CP_shuffled_03,0.25481213553306026,CP_shuffled
EYT_22_23,BLHT_22_23,5,CP_shuffled_04,0.25472322448589785,CP_shuffled
EYT_22_23,BLHT_22_23,5,CP_shuffled_05,0.24799764360215212,CP_shuffled
EYT_22_23,BLHT_22_23,5,CP_shuffled_06,0.2547315426385534,CP_shuffled
EYT_22_23,BLHT_22_23,5,CP_shuffled_07,0.25472651385750206,CP_shuffled
EYT_22_23,BLHT_22_23,5,CP_shuffled_08,0.25675163592365874,CP_shuffled
EYT_22_23,BLHT_22_23,5,CP_shuffled_09,0.26704418517453193,CP_shuffled
EYT_22_23,BLHT_22_23,5,CP_shuffled_10,0.24687127397893338,CP_shuffled
EYT_22_23,BLHT_22_23,5,ID,0.2789645357492605,ID
