dataset,permutation,C_delta,P_delta,mask_max_abs_change,proposed_SGE_delta,proposed_CSP_delta,proposed_PSP_delta,proposed_TSP_delta
EYT_1,1,0.7565538754740871,0.7666921940162545,0.0,2.1210615337514682e-16,,,
EYT_1,2,0.7567361664901306,0.766876927851571,0.0,2.1316439006212602e-16,,,
EYT_1,3,0.7636866531790384,0.7739205556244909,0.0,2.1620196689000168e-16,,,
EYT_1,4,0.7654112008227385,0.7756682133386299,0.0,2.1842659069033467e-16,,,
EYT_1,5,0.7573090048418414,0.7674574426132125,0.0,2.1679148597174026e-16,,,
EYT_1,6,0.7720377146314304,0.7823835267820795,0.0,2.1026764175931115e-16,,,
EYT_1,7,0.7604466893987695,0.7706371742028163,0.0,2.1608687147696549e-16,,,
EYT_1,8,0.7548586908515015,0.7649742928069871,0.0,2.1823363165075486e-16,,,
EYT_1,9,0.7591178569406735,0.7692905345175205,0.0,2.1502015159401454e-16,,,
EYT_1,10,0.7536721378297403,0.7637718391958671,0.0,2.151715522988771e-16,,,
EYT_1,11,0.7757018647289594,0.7860967788961063,0.0,2.1061774045140982e-16,,,
EYT_1,12,0.7715195278753292,0.7818583959833025,0.0,2.1530256803516634e-16,,,
EYT_1,13,0.7645702746067692,0.7748160181593727,0.0,2.1377258986567298e-16,,,
EYT_1,14,0.7556720196752913,0.7657985207708944,0.0,2.1155959718504968e-16,,,
EYT_1,15,0.7683762068090018,0.7786729523513736,0.0,2.1152978628400735e-16,,,
EYT_1,16,0.7702555457536413,0.7805774756714914,0.0,2.137115546033058e-16,,,
EYT_1,17,0.7480578068245817,0.7580822724699268,0.0,2.1466151523129783e-16,,,
EYT_1,18,0.7633061208344601,0.7735349238967094,0.0,2.13174807851424e-16,,,
EYT_1,19,0.7596689447819677,0.7698490072976286,0.0,2.12806838711041e-16,,,
EYT_1,20,0.7625384951145775,0.7727570114883019,0.0,2.1771844050292257e-16,,,
EYT_2,1,0.8364389836182307,0.8384489122994725,0.0,,3.2536809936864567e-16,3.4367218955446716e-16,2.881687478521464e-16
EYT_2,2,0.8414720240276986,0.8434940468992771,0.0,,3.120291661338317e-16,3.3693339311948095e-16,2.81611395753595e-16
EYT_2,3,0.8239953165925621,0.8259753436506796,0.0,,3.046853208558254e-16,3.1445598406749637e-16,2.843116924962278e-16
EYT_2,4,0.8265701826026911,0.828556396958562,0.0,,3.0547716965220656e-16,3.259038978382178e-16,2.839984014062149e-16
EYT_2,5,0.8446529348317856,0.8466826013019801,0.0,,3.015408239550651e-16,3.300408573263284e-16,2.824576243118122e-16
EYT_2,6,0.8256246932141217,0.8276086355976465,0.0,,3.1766674921101705e-16,3.3311437634292476e-16,2.8403515084539385e-16
EYT_2,7,0.8309186129979147,0.832915276454247,0.0,,3.2062245724240445e-16,3.127914657551136e-16,2.792470100383275e-16
EYT_2,8,0.8300670408258646,0.8320616579890826,0.0,,3.0795714873449696e-16,3.0430989054996353e-16,2.8387318022028274e-16
EYT_2,9,0.8266557051384945,0.8286421250015223,0.0,,3.1148953645384594e-16,3.1389189493011137e-16,2.871328059256836e-16
EYT_2,10,0.8415128503711637,0.8435349713467765,0.0,,3.126249519898004e-16,3.158167943984269e-16,2.8469178180190057e-16
EYT_2,11,0.8383921361767981,0.8404067582037869,0.0,,3.2080071197745097e-16,3.1669702896046285e-16,2.8599909294661846e-16
EYT_2,12,0.8334531902946853,0.8354559442366399,0.0,,3.087853093275342e-16,3.077110111793445e-16,2.8295444635023704e-16
EYT_2,13,0.8460746808301295,0.8481077636978324,0.0,,3.175813488049814e-16,3.234951831444278e-16,2.8784859866697243e-16
EYT_2,14,0.8311279426545222,0.8331251091214612,0.0,,3.2125210643052057e-16,3.2851228342071227e-16,2.8247826556311423e-16
EYT_2,15,0.8409987521547232,0.8430196377733399,0.0,,3.2982684945139477e-16,3.1576102718625877e-16,2.8653972695825137e-16
EYT_2,16,0.8423245854767383,0.8443486570186233,0.0,,3.2495348775285807e-16,3.2654541242221327e-16,2.8406067971055303e-16
EYT_2,17,0.838772318926635,0.8407878545172285,0.0,,3.2045895529266244e-16,3.119859277124473e-16,2.868263233692029e-16
EYT_2,18,0.8444021447665239,0.8464312085984448,0.0,,3.053229711770476e-16,3.382679384723061e-16,2.9388319390688656e-16
EYT_2,19,0.8289431623642375,0.8309350788934601,0.0,,2.9117074763098534e-16,3.28727815702604e-16,2.7904388736271965e-16
EYT_2,20,0.835320343611652,0.8373275842466918,0.0,,2.9541979547237135e-16,3.012587318443934e-16,2.819154019396996e-16
EYT_3,1,0.818639409787541,0.8011153386924378,0.0,,3.2769650304778133e-16,3.4800276602421537e-16,2.9207083820212716e-16
EYT_3,2,0.812053958158001,0.794670857459839,0.0,,3.117679025507764e-16,3.641434255513189e-16,2.8867075105489037e-16
EYT_3,3,0.8206109583810003,0.8030446836522751,0.0,,3.258812620729636e-16,3.4165206554614893e-16,2.932527140597376e-16
EYT_3,4,0.8138806365412082,0.7964584333499675,0.0,,3.1726392166895494e-16,3.43590056592947e-16,2.8581622071456995e-16
EYT_3,5,0.8260980550399776,0.808414321670967,0.0,,3.036230096858578e-16,3.5121681252962927e-16,2.896211632817204e-16
EYT_3,6,0.8264444364341822,0.8087532883083136,0.0,,3.192016410722104e-16,3.5157921353714706e-16,2.873429463898238e-16
EYT_3,7,0.8265941791832203,0.8088998256136011,0.0,,3.178848341275516e-16,3.5484058099176516e-16,2.880912215822114e-16
EYT_3,8,0.8253379189794974,0.8076704573391705,0.0,,3.1274067932379766e-16,3.677999775374242e-16,2.945821188573335e-16
EYT_3,9,0.8215393018398298,0.8039531546781644,0.0,,3.1241690391223656e-16,3.535428363266598e-16,2.8779652723497024e-16
EYT_3,10,0.8193881977181211,0.8018480978162273,0.0,,3.0269481160336873e-16,3.26422279636616e-16,2.8428507096001274e-16
EYT_3,11,0.8215526477369286,0.8039662148884923,0.0,,3.236569782981853e-16,3.4293094099917444e-16,2.9089631402871267e-16
EYT_3,12,0.8204482096765884,0.8028854188014777,0.0,,3.226956067038339e-16,3.4881119577374754e-16,2.9012568185553247e-16
EYT_3,13,0.8206549101288934,0.8030876945542406,0.0,,3.0276510313413115e-16,3.4164623371646456e-16,2.890478186307153e-16
EYT_3,14,0.8227251784244259,0.8051136459889391,0.0,,3.1243760214998527e-16,3.453401723586578e-16,2.915934640564502e-16
EYT_3,15,0.8125468234923086,0.7951531723527001,0.0,,3.1921354420655795e-16,3.508219813690024e-16,2.9113303735606366e-16
EYT_3,16,0.8257110978364773,0.8080356478037731,0.0,,3.1938162239249786e-16,3.471241112606991e-16,2.894193805611062e-16
EYT_3,17,0.8214393763536236,0.8038553682305918,0.0,,3.069968086019388e-16,3.387236346149734e-16,2.8912046883043173e-16
EYT_3,18,0.8256095688386813,0.8079362921699202,0.0,,3.079821119876803e-16,3.4476379311386356e-16,2.934493213549406e-16
EYT_3,19,0.8300569844957114,0.8122885049485749,0.0,,3.1138000732595805e-16,3.554570926869403e-16,2.9201166285736546e-16
EYT_3,20,0.8206670052903017,0.8030995308025476,0.0,,3.143252946427244e-16,3.455242016911547e-16,2.868459311101389e-16
Japonica,1,0.8286337158392048,1.273768659686858,0.0,,6.977686408687996e-16,9.394739860406098e-16,7.373429930850033e-16
Japonica,2,0.8042443819030141,1.2362775841914635,0.0,,6.952782329937914e-16,9.42541681855561e-16,7.363305118644138e-16
Japonica,3,0.8236872335288014,1.2661649693925205,0.0,,6.969055039201635e-16,9.644156042075237e-16,7.461768333143611e-16
Japonica,4,0.8289386162770036,1.2742373500316622,0.0,,7.125588517938018e-16,9.513527495715447e-16,7.49068602091145e-16
Japonica,5,0.836594243743782,1.286005515085801,0.0,,7.165639300727163e-16,9.692395814908617e-16,7.63434828068205e-16
Japonica,6,0.8168364451299744,1.2556339960688796,0.0,,7.218704111324617e-16,9.648696073774803e-16,7.649009368397387e-16
Japonica,7,0.8360207350356197,1.2851239224055238,0.0,,7.125477675036104e-16,9.606271174051692e-16,7.542300220881031e-16
Japonica,8,0.8271033719082529,1.2714162280870716,0.0,,7.104299982990864e-16,9.711085845538599e-16,7.642458392073716e-16
Japonica,9,0.8318179444126148,1.2786634286113656,0.0,,6.985101345069272e-16,9.678466597208069e-16,7.534095423763616e-16
Japonica,10,0.818103642943232,1.2575819217075517,0.0,,7.016896151346301e-16,9.69286962191593e-16,7.450628795542112e-16
Japonica,11,0.8253085604568163,1.2686572592771053,0.0,,6.890519405442058e-16,9.559555442054858e-16,7.390595328856495e-16
Japonica,12,0.8276263647640568,1.2722201682312264,0.0,,7.142790406628116e-16,9.679996191415675e-16,7.656008604906168e-16
Japonica,13,0.8234245231172098,1.2657611331951004,0.0,,7.066315266852118e-16,9.528092593008649e-16,7.50402572985726e-16
Japonica,14,0.8105211262877865,1.245926141967189,0.0,,7.228547715374636e-16,9.853450447425225e-16,7.660906234162783e-16
Japonica,15,0.8169157510889946,1.2557559045106863,0.0,,7.006294415966e-16,9.452733431163823e-16,7.484764604467636e-16
Japonica,16,0.8350193823350985,1.283584651600057,0.0,,6.924125312418679e-16,9.447591639807443e-16,7.427108830291853e-16
Japonica,17,0.8385338496363597,1.2889870606720883,0.0,,7.000434755851828e-16,9.45967825395762e-16,7.441449479707706e-16
Japonica,18,0.8482736901912676,1.3039590602565179,0.0,,7.337621700846239e-16,9.603328607764977e-16,7.68481992686227e-16
Japonica,19,0.8413628208203484,1.2933357309765217,0.0,,6.902910319745206e-16,9.330423630458624e-16,7.308312055754537e-16
Japonica,20,0.8278549298466877,1.2725715165210545,0.0,,7.000240928184523e-16,9.332870585595445e-16,7.432377305237583e-16
Wheat_1,1,0.3002117158155282,0.37550185175493506,0.0,,1.9305354163424094e-16,2.0191010860037909e-16,1.6694846505196494e-16
Wheat_1,2,0.29517232616520794,0.369198632907298,0.0,,1.965235371032561e-16,2.0288402515880553e-16,1.6695497949264711e-16
Wheat_1,3,0.2883516507955704,0.36066739945906057,0.0,,1.9843673075297695e-16,2.062676114491511e-16,1.6964623446000284e-16
Wheat_1,4,0.28789547818549294,0.36009682325973186,0.0,,2.0112982161715614e-16,2.043199720083754e-16,1.7020765952528354e-16
Wheat_1,5,0.29668752498887896,0.3710938286444789,0.0,,1.8835654376637964e-16,2.0749938843506792e-16,1.622054144659496e-16
Wheat_1,6,0.2951340134728026,0.36915071176969394,0.0,,1.9601444776108463e-16,1.9969769602617991e-16,1.6682966472859016e-16
Wheat_1,7,0.2920039633688437,0.3652356759859323,0.0,,1.997329554234458e-16,2.0182159154268594e-16,1.7030549445107774e-16
Wheat_1,8,0.29275695278603586,0.36617750771871266,0.0,,1.9199748330591166e-16,2.0197856364173265e-16,1.6724265219989717e-16
Wheat_1,9,0.2963278319366428,0.3706439281240707,0.0,,1.942130522753337e-16,1.939287741894818e-16,1.6420460293524522e-16
Wheat_1,10,0.2895872598992618,0.36221288713338734,0.0,,1.9750624085190883e-16,2.017473320849949e-16,1.6829856728336258e-16
Wheat_1,11,0.2910111473103117,0.3639938714566917,0.0,,1.9583328957840198e-16,2.0776044155630758e-16,1.6506135705865172e-16
Wheat_1,12,0.2996346943905779,0.37478011905045844,0.0,,1.9496999729098516e-16,2.026696939772102e-16,1.6931400152241367e-16
Wheat_1,13,0.2884837230970908,0.36083259419055774,0.0,,1.9369397157210115e-16,2.041155944380931e-16,1.6655568436119876e-16
Wheat_1,14,0.2880658832711913,0.36030996425942396,0.0,,1.9054077431755228e-16,1.9889726323599624e-16,1.6404864620321625e-16
Wheat_1,15,0.3007348232588562,0.37615614938320335,0.0,,1.967606495322408e-16,2.0280565951582311e-16,1.6626636920938393e-16
Wheat_1,16,0.2998545870086944,0.3750551585673729,0.0,,1.9532351791713317e-16,1.9870732894174834e-16,1.6596441881557178e-16
Wheat_1,17,0.3027900167755062,0.3787267651538784,0.0,,1.9744482706719642e-16,2.0403128388591709e-16,1.683767763142065e-16
Wheat_1,18,0.29606920425061956,0.37032043916644286,0.0,,1.870135244564844e-16,1.9955280181854011e-16,1.6845403461948754e-16
Wheat_1,19,0.28886720866234294,0.36131225415146995,0.0,,2.0210985704277957e-16,1.9735679805640559e-16,1.687950812400292e-16
Wheat_1,20,0.2970543062604239,0.37155259503965443,0.0,,1.9630311752560626e-16,2.011056236680568e-16,1.6749578415079548e-16
Wheat_2,1,0.2626235633702967,0.33076956113500894,0.0,,1.9378829986821443e-16,1.921279984110322e-16,1.6628223285805132e-16
Wheat_2,2,0.2685763786130278,0.3382670227492194,0.0,,1.893440435882461e-16,1.9062594984423729e-16,1.6884720051687072e-16
Wheat_2,3,0.2705895939873775,0.3408026305876713,0.0,,1.9424205216931217e-16,1.8786848900780784e-16,1.679575006668542e-16
Wheat_2,4,0.27178488119181815,0.342308072898214,0.0,,1.9529637653647972e-16,1.8711915301696148e-16,1.700698923145895e-16
Wheat_2,5,0.2662493638235147,0.3353361903029448,0.0,,1.953836547550649e-16,1.8682394871937322e-16,1.6901712400593328e-16
Wheat_2,6,0.2668067788765741,0.33603824433840296,0.0,,1.9941675147899189e-16,1.8714596668092617e-16,1.709010690549701e-16
Wheat_2,7,0.26937958829535996,0.33927865061198587,0.0,,1.9703147126492076e-16,1.8502340485908723e-16,1.6705691592764618e-16
Wheat_2,8,0.263609796306686,0.3320117034293256,0.0,,2.0231648888719183e-16,1.968732982639511e-16,1.7293755447482705e-16
Wheat_2,9,0.2634369547695853,0.3317940126835333,0.0,,1.9511813658568607e-16,1.8506107686267814e-16,1.67566605335139e-16
Wheat_2,10,0.26327221329854056,0.3315865238223706,0.0,,1.936417425865347e-16,1.8925224161961e-16,1.666141874854716e-16
Wheat_2,11,0.268939775427968,0.3387247143723665,0.0,,1.94293371775031e-16,1.8749419536063225e-16,1.6985176259706048e-16
Wheat_2,12,0.2603718272799325,0.3279335408295825,0.0,,1.956186120480705e-16,1.849603735471046e-16,1.6750228280425127e-16
Wheat_2,13,0.27286661632830544,0.3436704984618932,0.0,,1.9461049486795687e-16,1.8528672085004414e-16,1.7163315596246418e-16
Wheat_2,14,0.2607975044765779,0.328469673451167,0.0,,1.9410383512062777e-16,1.8848178639487212e-16,1.7119718183698355e-16
Wheat_2,15,0.2685440888848366,0.3382263544288071,0.0,,1.9933093707055416e-16,1.9378477358028993e-16,1.7146598402769747e-16
Wheat_2,16,0.26788427321188363,0.3373953286907817,0.0,,1.9611320439211548e-16,1.8498859238524988e-16,1.7010839894380982e-16
Wheat_2,17,0.26579526497514366,0.3347642611323097,0.0,,1.878241553860088e-16,1.8752095539721475e-16,1.685762616031418e-16
Wheat_2,18,0.26672453296732607,0.33593465712422454,0.0,,1.898192425553169e-16,1.7939785178357293e-16,1.7124840899714456e-16
Wheat_2,19,0.2645350286353659,0.3331770165770794,0.0,,1.8896476614773914e-16,1.9172829827246504e-16,1.7012743597968193e-16
Wheat_2,20,0.26502786031050835,0.33379772903261207,0.0,,1.9308954205730667e-16,1.862847496962343e-16,1.6705240553080205e-16
Wheat_3,1,0.2622048025580339,0.3298406686042943,0.0,,1.771539402979715e-16,1.937711161028039e-16,1.326290665029786e-16
Wheat_3,2,0.2578131829868389,0.32431622846632974,0.0,,1.7819406073422332e-16,1.8862375698674886e-16,1.3504403356953836e-16
Wheat_3,3,0.25265399523125376,0.31782622552910034,0.0,,1.8180992614865307e-16,1.8732609091989506e-16,1.3634054749020288e-16
Wheat_3,4,0.25180737857843116,0.3167612236676004,0.0,,1.8534675707720355e-16,1.8873898308333182e-16,1.3740713535953748e-16
Wheat_3,5,0.2565383803136294,0.32271258977639045,0.0,,1.765328395513415e-16,1.895869475607333e-16,1.3528118139134298e-16
Wheat_3,6,0.25519173181660787,0.3210185725947858,0.0,,1.815996532585356e-16,1.9033003126531117e-16,1.3676947553989078e-16
Wheat_3,7,0.25547141289927683,0.32137039755910196,0.0,,1.832803380428951e-16,1.8530832667493968e-16,1.378943077948529e-16
Wheat_3,8,0.25301489523076554,0.3182802198723653,0.0,,1.7756252760798787e-16,1.8307897242145852e-16,1.376179818117311e-16
Wheat_3,9,0.25232591187211584,0.3174135128957684,0.0,,1.7428577866343204e-16,1.9357234246583488e-16,1.3626814833228344e-16
Wheat_3,10,0.2582973436091314,0.3249252785745309,0.0,,1.8389223578915043e-16,1.857225436930606e-16,1.3690979320487924e-16
Wheat_3,11,0.2597906963297533,0.3268038424109921,0.0,,1.8059239894880474e-16,1.8989128781336967e-16,1.4006331398634378e-16
Wheat_3,12,0.2546762462296494,0.32037011723088904,0.0,,1.6979241567795934e-16,1.9610797325431157e-16,1.3396008250569525e-16
Wheat_3,13,0.25284615716450254,0.3180679557335997,0.0,,1.76246067840336e-16,1.9505820740955578e-16,1.3332524907727384e-16
Wheat_3,14,0.25624767323529685,0.3223468946550587,0.0,,1.764644600008961e-16,1.925753967349704e-16,1.379522165379419e-16
Wheat_3,15,0.2583879696601155,0.325039281662796,0.0,,1.7729712760387185e-16,1.9170068231177344e-16,1.3627446752595047e-16
Wheat_3,16,0.2574797932795079,0.3238968407095112,0.0,,1.7982386592093801e-16,1.8353400163711218e-16,1.34277445566797e-16
Wheat_3,17,0.2537272319312979,0.31917630419760556,0.0,,1.7555796688549738e-16,1.8561906055338976e-16,1.373448317351796e-16
Wheat_3,18,0.25719986244708276,0.3235447015723586,0.0,,1.7527733149165893e-16,1.795401970106781e-16,1.3348429280195975e-16
Wheat_3,19,0.2536100833943496,0.3190289371342411,0.0,,1.732247592398647e-16,1.853775619946261e-16,1.3715140171265076e-16
Wheat_3,20,0.2579951894775978,0.32454518362663404,0.0,,1.7541764495739106e-16,1.8373992959175289e-16,1.3592169507175579e-16
Wheat_5,1,0.29123533390879053,0.36572383736811853,0.0,,1.8389585084554685e-16,1.9040161370903537e-16,1.6311014690925762e-16
Wheat_5,2,0.29345201073993554,0.36850746786380983,0.0,,1.9834549091209467e-16,1.9444911498261713e-16,1.6372157731897522e-16
Wheat_5,3,0.29184135535700634,0.3664848593450682,0.0,,1.8222348198665243e-16,1.9409112840536125e-16,1.6010734407015463e-16
Wheat_5,4,0.29193904951174954,0.36660754047953625,0.0,,1.9285000680288174e-16,1.9247101664547324e-16,1.64130851485951e-16
Wheat_5,5,0.2901634776884092,0.36437783527158885,0.0,,1.936436857841425e-16,1.9619533665072804e-16,1.6631990439821694e-16
Wheat_5,6,0.2893181654509153,0.3633163197229044,0.0,,1.9125117685576968e-16,1.9473725589322502e-16,1.6028139371124606e-16
Wheat_5,7,0.29337056863595296,0.368405195524832,0.0,,1.8514387508628354e-16,1.946980758703534e-16,1.6476263283402783e-16
Wheat_5,8,0.28434550405361037,0.35707181366058627,0.0,,2.019735188070261e-16,1.9392253269820874e-16,1.7019582708012296e-16
Wheat_5,9,0.2929500237109961,0.3678770889188214,0.0,,1.9125942194672196e-16,1.9233020255067053e-16,1.6397341894400758e-16
Wheat_5,10,0.28847784466732085,0.3622610722792937,0.0,,2.0084291748975718e-16,1.9455175603798646e-16,1.65189227931557e-16
Wheat_5,11,0.2935465452307041,0.368626181195271,0.0,,1.8493904884810913e-16,1.9040538479277022e-16,1.6193575507510577e-16
Wheat_5,12,0.28905077411611535,0.3629805384022469,0.0,,1.880172942625986e-16,1.951316460791275e-16,1.6237030040135777e-16
Wheat_5,13,0.2827393377700444,0.35505484240646984,0.0,,1.9483467382444283e-16,1.9746839671687138e-16,1.6615040642845818e-16
Wheat_5,14,0.2856757264695906,0.3587422636022055,0.0,,1.8617993173854187e-16,1.9508689306574582e-16,1.6259002523227713e-16
Wheat_5,15,0.2896834731792762,0.36377506125829173,0.0,,1.9364197137726234e-16,1.960392773802885e-16,1.6412434667628443e-16
Wheat_5,16,0.2859784084135951,0.3591223617193455,0.0,,1.8903789594390118e-16,1.907725058719993e-16,1.6270949978766751e-16
Wheat_5,17,0.28209624955299994,0.3542472731896887,0.0,,1.9304371665187094e-16,1.9419527919705257e-16,1.6450276030310946e-16
Wheat_5,18,0.2800460394012687,0.3516726861228012,0.0,,1.8985159276449483e-16,1.9718957878540956e-16,1.623495312633663e-16
Wheat_5,19,0.28606246516231293,0.3592279174439383,0.0,,1.8348303257121772e-16,1.9341122332094474e-16,1.6163206602907425e-16
Wheat_5,20,0.2893751491056221,0.3633878779386845,0.0,,1.954124398253358e-16,1.895472213560969e-16,1.6793335377387272e-16
Wheat_6,1,0.252103492953465,0.27695601943819753,0.0,,1.5878704292412816e-16,3.220401257706342e-16,1.5390918023043359e-16
Wheat_6,2,0.2522399748849178,0.2771059558473189,0.0,,1.743055632397476e-16,3.1986322209368624e-16,1.574089978864136e-16
Wheat_6,3,0.2600590355269677,0.28569582457860127,0.0,,1.7375969067652506e-16,3.152713078442775e-16,1.5801232507120476e-16
Wheat_6,4,0.25603163581381255,0.2812714011794067,0.0,,1.9122147393702818e-16,3.1650417538956264e-16,1.6043754993055914e-16
Wheat_6,5,0.2603667261103625,0.2860338475000503,0.0,,1.6794107580721063e-16,3.2430015860949646e-16,1.5478530939722258e-16
Wheat_6,6,0.25959382934439174,0.2851847580676423,0.0,,1.7861994866004616e-16,3.1580359038790846e-16,1.5822052755989388e-16
Wheat_6,7,0.2562919392912296,0.28155736554311606,0.0,,1.6629300155538836e-16,3.165621653499588e-16,1.5627752621791932e-16
Wheat_6,8,0.25679070687182254,0.2821053019565609,0.0,,1.818997906726412e-16,3.2113085890080077e-16,1.5588258717745103e-16
Wheat_6,9,0.25173683891391563,0.276553220404694,0.0,,1.6743916954654687e-16,3.1541081585618997e-16,1.570349690473942e-16
Wheat_6,10,0.2515523116633063,0.2763505023375704,0.0,,1.7804431298610298e-16,3.1580281540121437e-16,1.5683371550715547e-16
Wheat_6,11,0.26067079377909236,0.2863678903575478,0.0,,1.8297084556264657e-16,3.1782833727756063e-16,1.5551718646663143e-16
Wheat_6,12,0.235205980637498,0.25839273935583085,0.0,,1.6542168153536163e-16,3.1791995985987203e-16,1.564614337242601e-16
Wheat_6,13,0.25222123048994494,0.2770853636176848,0.0,,1.8222558330120087e-16,3.1899206044824413e-16,1.5810320797299815e-16
Wheat_6,14,0.2576990234377506,0.2831031609609803,0.0,,1.8630986473330793e-16,3.202295191117946e-16,1.5759513261143607e-16
Wheat_6,15,0.2471863588296146,0.2715541510307784,0.0,,1.6962895060952462e-16,3.211981097816712e-16,1.5366704714217706e-16
Wheat_6,16,0.26189957773794176,0.28771780863914515,0.0,,1.8974684099147567e-16,3.192865444521545e-16,1.5791575055201835e-16
Wheat_6,17,0.2662879977349271,0.2925388419368171,0.0,,1.611073308715384e-16,3.1517677985714046e-16,1.5761007124658872e-16
Wheat_6,18,0.25641214029053894,0.2816894160352025,0.0,,1.8113460709561122e-16,3.216365147405538e-16,1.5541823207719508e-16
Wheat_6,19,0.2558546893576806,0.28107701122641604,0.0,,1.7456101888815534e-16,3.1816620904272734e-16,1.5580834007829828e-16
Wheat_6,20,0.2631652150763687,0.28910821333047476,0.0,,1.6850996832906597e-16,3.229760082528421e-16,1.5577019002348457e-16
