dataset,model,partition,metric,file_order_value,mean,sd,min,max,range,orderings
EYT_1,B_Hadamard,1,COR_within,0.359998869789379,0.3600050069108025,6.054294707345139e-06,0.359998869789379,0.3600177741482291,1.8904358850047043e-05,11
EYT_1,B_Hadamard,1,PM10_within,33.97435897435897,33.974358974358964,7.452235082682191e-15,33.97435897435897,33.97435897435897,0.0,11
EYT_1,B_Hadamard,1,COR_pooled,0.9400256010403616,0.9400255383051064,2.1750138290867306e-07,0.94002524385569,0.9400260324167148,7.885610247004848e-07,11
EYT_1,B_Hadamard,2,COR_within,0.3606173938831475,0.3606100990181338,8.539821060070452e-06,0.3605971958274842,0.360617946619421,2.0750791936807733e-05,11
EYT_1,B_Hadamard,2,PM10_within,33.333333333333336,33.33333333333333,7.452235082682191e-15,33.333333333333336,33.333333333333336,0.0,11
EYT_1,B_Hadamard,2,COR_pooled,0.9407907698542584,0.9407908215628644,1.1637677354671764e-07,0.9407906358212652,0.9407909891298072,3.53308542089259e-07,11
EYT_1,B_Hadamard,3,COR_within,0.378130019598157,0.378130484862428,2.6276493771224093e-06,0.378125973918774,0.3781353302439514,9.356325177456435e-06,11
EYT_1,B_Hadamard,3,PM10_within,30.769230769230774,30.769230769230774,0.0,30.769230769230774,30.769230769230774,0.0,11
EYT_1,B_Hadamard,3,COR_pooled,0.944238464154104,0.9442384358821804,1.957283145720389e-07,0.94423807788615,0.9442387857468086,7.078606587551661e-07,11
EYT_1,B_Hadamard,4,COR_within,0.3742339121502087,0.3742356545899201,5.828007981451785e-06,0.3742267166736955,0.3742441707109361,1.7454037240516307e-05,11
EYT_1,B_Hadamard,4,PM10_within,26.282051282051285,26.28205128205128,3.726117541341096e-15,26.282051282051285,26.282051282051285,0.0,11
EYT_1,B_Hadamard,4,COR_pooled,0.9375930679410068,0.937593160605251,2.5186421874835285e-07,0.9375928017045622,0.9375935712984786,7.695939164831245e-07,11
EYT_1,B_Hadamard,5,COR_within,0.3763833116107748,0.3763832409937395,2.697970059386712e-07,0.3763824701972301,0.3763834425181902,9.72320960135331e-07,11
EYT_1,B_Hadamard,5,PM10_within,33.333333333333336,33.33333333333333,7.452235082682191e-15,33.333333333333336,33.333333333333336,0.0,11
EYT_1,B_Hadamard,5,COR_pooled,0.9394208614799228,0.9394208490801504,3.901876298983898e-08,0.9394207356494952,0.9394208823144364,1.4666494119186527e-07,11
EYT_1,F_original_HCP,1,COR_within,0.4021225358467912,0.3641006590205011,0.0126972481903734,0.3573070171274022,0.4021225358467912,0.044815518719389,11
EYT_1,F_original_HCP,1,PM10_within,34.61538461538461,33.85780885780885,0.3865530058689275,33.33333333333333,34.61538461538461,1.2820512820512846,11
EYT_1,F_original_HCP,1,COR_pooled,0.9424205901102544,0.940259227010502,0.0007215118365612,0.939879853814323,0.9424205901102544,0.0025407362959314,11
EYT_1,F_original_HCP,2,COR_within,0.3844649347161835,0.3613846091696124,0.0082140571429682,0.3507992282814061,0.3844649347161835,0.0336657064347774,11
EYT_1,F_original_HCP,2,PM10_within,30.12820512820513,32.28438228438228,1.3829740768476764,30.12820512820513,33.333333333333336,3.2051282051282044,11
EYT_1,F_original_HCP,2,COR_pooled,0.9418484003750528,0.9408036089929832,0.0003926257231187,0.9402262327473384,0.9418484003750528,0.0016221676277144,11
EYT_1,F_original_HCP,3,COR_within,0.4117993494637969,0.3807732944306193,0.0103110155974093,0.3762486084147762,0.4117993494637969,0.0355507410490206,11
EYT_1,F_original_HCP,3,PM10_within,28.205128205128208,30.65268065268065,0.8982680124940654,28.205128205128208,31.410256410256416,3.205128205128208,11
EYT_1,F_original_HCP,3,COR_pooled,0.9461666604540164,0.944379755424873,0.0005949224341232,0.944098221083142,0.9461666604540164,0.0020684393708746,11
EYT_1,F_original_HCP,4,COR_within,0.4081911642054456,0.3775102530549074,0.0101998771979445,0.3735134589167351,0.4081911642054456,0.0346777052887105,11
EYT_1,F_original_HCP,4,PM10_within,30.12820512820513,26.748251748251747,1.284961731386056,25.64102564102564,30.12820512820513,4.487179487179489,11
EYT_1,F_original_HCP,4,COR_pooled,0.9397523231826592,0.9377927523458665,0.0006505491072827,0.937544181640263,0.9397523231826592,0.0022081415423961,11
EYT_1,F_original_HCP,5,COR_within,0.4031667719890585,0.3782399630870228,0.0085531961898728,0.3704156150004905,0.4031667719890585,0.032751156988568,11
EYT_1,F_original_HCP,5,PM10_within,32.05128205128205,33.1002331002331,0.8245457415302554,32.05128205128205,34.61538461538461,2.564102564102562,11
EYT_1,F_original_HCP,5,COR_pooled,0.9412494839754676,0.9395518905251125,0.0005745590148674,0.9391153482960454,0.9412494839754676,0.0021341356794221,11
EYT_1,proposed_full,1,COR_within,0.3600069277317144,0.3600029219700985,9.21271450395488e-06,0.3599829411155122,0.3600163358657861,3.339475027386296e-05,11
EYT_1,proposed_full,1,PM10_within,33.97435897435897,33.974358974358964,7.452235082682191e-15,33.97435897435897,33.97435897435897,0.0,11
EYT_1,proposed_full,1,COR_pooled,0.9400278669019748,0.9400257118349284,9.710313297495377e-07,0.940024072810948,0.9400278669019748,3.7940910267986175e-06,11
EYT_1,proposed_full,2,COR_within,0.3605928139875221,0.3606118142269695,2.2412536343414456e-05,0.3605714826872453,0.3606483729121553,7.689022490997566e-05,11
EYT_1,proposed_full,2,PM10_within,33.333333333333336,33.56643356643356,0.3234134481471208,33.333333333333336,33.97435897435897,0.6410256410256352,11
EYT_1,proposed_full,2,COR_pooled,0.9407923593469694,0.9407903331752748,1.073307174860966e-06,0.9407878910463858,0.9407923593469694,4.468300583537754e-06,11
EYT_1,proposed_full,3,COR_within,0.3781258661224911,0.3781268871471053,1.4689848330634125e-05,0.3780949110632681,0.3781482683180127,5.335725474459041e-05,11
EYT_1,proposed_full,3,PM10_within,30.769230769230774,30.82750582750583,0.1932765029344642,30.769230769230774,31.410256410256416,0.6410256410256423,11
EYT_1,proposed_full,3,COR_pooled,0.944238086716598,0.9442377416064766,2.281833285517229e-06,0.9442315743216352,0.9442396868180654,8.112496430179306e-06,11
EYT_1,proposed_full,4,COR_within,0.3744699428254076,0.374469407801049,1.3394536452057415e-05,0.3744588198527972,0.3745072313474795,4.841149468232109e-05,11
EYT_1,proposed_full,4,PM10_within,26.282051282051285,26.28205128205128,3.726117541341096e-15,26.282051282051285,26.282051282051285,0.0,11
EYT_1,proposed_full,4,COR_pooled,0.9376020130760327,0.9376019888947528,5.133317217805381e-07,0.9376015446464074,0.9376034329644668,1.8883180593620708e-06,11
EYT_1,proposed_full,5,COR_within,0.3763795391611069,0.3763848906755601,1.3569171638119202e-05,0.376348859599126,0.376403100027724,5.424042859797362e-05,11
EYT_1,proposed_full,5,PM10_within,33.333333333333336,33.33333333333333,7.452235082682191e-15,33.333333333333336,33.333333333333336,0.0,11
EYT_1,proposed_full,5,COR_pooled,0.9394207511917388,0.9394210638436824,1.7388912360073096e-06,0.939419074788346,0.939425297663374,6.222875027939168e-06,11
Wheat_1,B_Hadamard,1,COR_within,0.4894060959362569,0.4894059734291219,3.447236247961585e-06,0.4894005087921491,0.4894107312291813,1.0222437032192389e-05,11
Wheat_1,B_Hadamard,1,PM10_within,38.79598662207358,39.00577683186379,0.3593072049976247,38.79598662207358,39.56521739130434,0.7692307692307665,11
Wheat_1,B_Hadamard,1,COR_pooled,0.8803014866895371,0.8803015073927211,4.1740863010645683e-07,0.8803008783875913,0.8803020952810858,1.216893494526694e-06,11
Wheat_1,B_Hadamard,2,COR_within,0.4644998388138681,0.4645009799384189,2.118870218387732e-06,0.4644975538099135,0.4645046267555923,7.072945678809894e-06,11
Wheat_1,B_Hadamard,2,PM10_within,38.52564102564102,38.17599067599067,0.4017176675900705,37.756410256410255,38.52564102564102,0.7692307692307665,11
Wheat_1,B_Hadamard,2,COR_pooled,0.8702118822667991,0.8702129106729611,9.420173332502012e-07,0.8702114414705074,0.8702149431452928,3.5016747853555685e-06,11
Wheat_1,B_Hadamard,3,COR_within,0.4274799211702219,0.4274726258668239,6.453690839159738e-06,0.42746168340221,0.4274867874759758,2.510407376576929e-05,11
Wheat_1,B_Hadamard,3,PM10_within,33.07692307692308,33.07692307692309,7.452235082682191e-15,33.07692307692308,33.07692307692308,0.0,11
Wheat_1,B_Hadamard,3,COR_pooled,0.8765143405031062,0.8765139056835379,6.161601453980935e-07,0.876513256400864,0.8765155818307802,2.3254299161834524e-06,11
Wheat_1,B_Hadamard,4,COR_within,0.4412286175761757,0.4412274263930573,1.338227374446939e-06,0.4412255069367413,0.4412295029900958,3.9960533544936006e-06,11
Wheat_1,B_Hadamard,4,PM10_within,24.26282051282051,24.262820512820507,3.726117541341096e-15,24.26282051282051,24.26282051282051,0.0,11
Wheat_1,B_Hadamard,4,COR_pooled,0.8766880867909833,0.8766881099467733,2.54767287370286e-07,0.8766876992813016,0.8766886952315549,9.95950253268596e-07,11
Wheat_1,B_Hadamard,5,COR_within,0.4735443743546657,0.473544836129229,4.961135114779176e-07,0.4735439942104769,0.4735453786555373,1.3844450604261205e-06,11
Wheat_1,B_Hadamard,5,PM10_within,31.737891737891736,31.73789173789174,3.726117541341096e-15,31.737891737891736,31.737891737891736,0.0,11
Wheat_1,B_Hadamard,5,COR_pooled,0.8762106811088999,0.8762105575081722,2.166803545270119e-07,0.876210258104608,0.8762108915548512,6.334502432592259e-07,11
Wheat_1,F_original_HCP,1,COR_within,0.5635081282268446,0.4962335328023082,0.0223493514083681,0.4870654114247715,0.5635081282268446,0.0764427168020731,11
Wheat_1,F_original_HCP,1,PM10_within,42.50836120401338,39.68075402858012,1.272781891938532,38.79598662207358,42.50836120401338,3.712374581939805,11
Wheat_1,F_original_HCP,1,COR_pooled,0.8934968658445551,0.8815331348633282,0.0039691802353366,0.8802680326601601,0.8934968658445551,0.013228833184395,11
Wheat_1,F_original_HCP,2,COR_within,0.5422480058793075,0.4693986833807468,0.0243932050291642,0.4550234082346411,0.5422480058793075,0.0872245976446663,11
Wheat_1,F_original_HCP,2,PM10_within,42.37179487179488,39.25407925407926,1.9658225228593933,36.98717948717949,43.46153846153846,6.474358974358971,11
Wheat_1,F_original_HCP,2,COR_pooled,0.8867447728104815,0.8713512000628115,0.0051350334935488,0.8690216248370239,0.8867447728104815,0.0177231479734575,11
Wheat_1,F_original_HCP,3,COR_within,0.5185194728559597,0.4329807631494176,0.0287724085994843,0.4137283476790774,0.5185194728559597,0.1047911251768822,11
Wheat_1,F_original_HCP,3,PM10_within,36.15384615384615,33.74125874125875,1.66845878187974,31.53846153846154,36.92307692307692,5.38461538461538,11
Wheat_1,F_original_HCP,3,COR_pooled,0.8930701790233622,0.8776954374093002,0.0051351269657598,0.8750273994489935,0.8930701790233622,0.0180427795743686,11
Wheat_1,F_original_HCP,4,COR_within,0.4849046990286701,0.4446655681674683,0.0135738392998115,0.4341775750167394,0.4849046990286701,0.0507271240119307,11
Wheat_1,F_original_HCP,4,PM10_within,22.179487179487182,25.09032634032634,1.7019090842668163,22.179487179487182,27.66025641025641,5.480769230769226,11
Wheat_1,F_original_HCP,4,COR_pooled,0.8863148694601473,0.8774925677263216,0.0029412581051273,0.8759258849060912,0.8863148694601473,0.010388984554056,11
Wheat_1,F_original_HCP,5,COR_within,0.5454665447889999,0.4744552758588327,0.0246306041478103,0.452243915733228,0.5454665447889999,0.0932226290557719,11
Wheat_1,F_original_HCP,5,PM10_within,29.88603988603989,33.084693084693086,2.871735260005449,29.88603988603989,39.14529914529915,9.25925925925926,11
Wheat_1,F_original_HCP,5,COR_pooled,0.889938293572494,0.8769759608096485,0.0043600923096757,0.8742621466127619,0.889938293572494,0.015676146959732,11
Wheat_1,proposed_full,1,COR_within,0.4907174027248208,0.4907072220280271,1.7152213389842157e-05,0.4906599248961728,0.4907215439664018,6.161907022900204e-05,11
Wheat_1,proposed_full,1,PM10_within,40.20066889632107,40.41045910611128,0.3593072049976247,40.20066889632107,40.96989966555184,0.7692307692307665,11
Wheat_1,proposed_full,1,COR_pooled,0.8804447729024545,0.8804426752325738,3.199339497552115e-06,0.8804340116670655,0.8804457279381641,1.1716271098638488e-05,11
Wheat_1,proposed_full,2,COR_within,0.4646928298588212,0.4646791339710172,1.9459880742213787e-05,0.4646346440722335,0.464702179569295,6.753549706151052e-05,11
Wheat_1,proposed_full,2,PM10_within,38.52564102564102,38.24592074592074,0.3880961377765471,37.756410256410255,38.52564102564102,0.7692307692307665,11
Wheat_1,proposed_full,2,COR_pooled,0.8702925419890429,0.8702912661825707,1.0028885295411492e-05,0.8702790011505697,0.8703148072151596,3.58060645899716e-05,11
Wheat_1,proposed_full,3,COR_within,0.4245796568882468,0.424575453887086,9.923813915598897e-05,0.424464774237082,0.424817523319521,0.0003527490824389,11
Wheat_1,proposed_full,3,PM10_within,34.230769230769226,34.230769230769226,0.0,34.230769230769226,34.230769230769226,0.0,11
Wheat_1,proposed_full,3,COR_pooled,0.8764395702561524,0.8764399702996987,7.056346074217245e-06,0.8764308045305713,0.8764571052250582,2.630069448683603e-05,11
Wheat_1,proposed_full,4,COR_within,0.4399151002098722,0.4398710993462354,6.465030323495253e-05,0.4397803818204731,0.4399820845677372,0.0002017027472641,11
Wheat_1,proposed_full,4,PM10_within,26.346153846153847,26.346153846153847,0.0,26.346153846153847,26.346153846153847,0.0,11
Wheat_1,proposed_full,4,COR_pooled,0.876476937917021,0.8764764515821948,8.211843743542151e-06,0.8764635914214521,0.8764917191704764,2.812774902427595e-05,11
Wheat_1,proposed_full,5,COR_within,0.4735388483190366,0.4735419015462714,7.679392036985471e-06,0.4735258561618813,0.4735564590921674,3.060293028606109e-05,11
Wheat_1,proposed_full,5,PM10_within,33.58974358974359,33.58974358974359,0.0,33.58974358974359,33.58974358974359,0.0,11
Wheat_1,proposed_full,5,COR_pooled,0.8762549250037012,0.8762552455645595,2.45547729795018e-06,0.876251457804501,0.8762596788524362,8.221047935186299e-06,11
EYT_2,B_Hadamard,1,COR_within,0.4193125456755521,0.4193135023092935,6.455873373686508e-07,0.4193125456755521,0.4193139178433028,1.3721677507017027e-06,4
EYT_2,B_Hadamard,1,PM10_within,31.7948717948718,31.7948717948718,0.0,31.7948717948718,31.7948717948718,0.0,4
EYT_2,B_Hadamard,1,COR_pooled,0.9361281350501092,0.9361283725195554,1.585761085467992e-07,0.9361281350501092,0.936128463853566,3.288034569060017e-07,4
EYT_2,B_Hadamard,2,COR_within,0.4092615168494553,0.4092523429715651,6.124052210086269e-06,0.4092488866804517,0.4092615168494553,1.2630169003546854e-05,4
EYT_2,B_Hadamard,2,PM10_within,25.64102564102564,25.64102564102564,0.0,25.64102564102564,25.64102564102564,0.0,4
EYT_2,B_Hadamard,2,COR_pooled,0.9359678393588082,0.935969043087447,8.028739434964217e-07,0.9359678393588082,0.9359694704639706,1.6311051623807415e-06,4
EYT_2,B_Hadamard,3,COR_within,0.3876526110040336,0.3876489132327579,3.2718430043692084e-06,0.3876457047118234,0.3876526110040336,6.906292210118181e-06,4
EYT_2,B_Hadamard,3,PM10_within,25.12820512820513,25.12820512820513,0.0,25.12820512820513,25.12820512820513,0.0,4
EYT_2,B_Hadamard,3,COR_pooled,0.936186828499731,0.93618696152872,2.3861223427164706e-07,0.9361868140556088,0.936187316281111,5.02225502296838e-07,4
EYT_2,B_Hadamard,4,COR_within,0.4270177265741152,0.4270203905085248,1.784794904351806e-06,0.4270177265741152,0.4270215047362263,3.77816211116766e-06,4
EYT_2,B_Hadamard,4,PM10_within,28.205128205128204,28.205128205128204,0.0,28.205128205128204,28.205128205128204,0.0,4
EYT_2,B_Hadamard,4,COR_pooled,0.941738513872803,0.9417387350182764,1.493488470599991e-07,0.941738513872803,0.9417388316544152,3.177816120247812e-07,4
EYT_2,B_Hadamard,5,COR_within,0.413180223805596,0.4131795738844713,1.0688010359657506e-06,0.4131779757442484,0.413180223805596,2.248061347576158e-06,4
EYT_2,B_Hadamard,5,PM10_within,29.74358974358974,29.74358974358974,0.0,29.74358974358974,29.74358974358974,0.0,4
EYT_2,B_Hadamard,5,COR_pooled,0.9314948264047382,0.9314951701214106,2.5132382606017546e-07,0.9314948264047382,0.9314954283385668,6.019338284479758e-07,4
EYT_2,F_original_HCP,1,COR_within,0.4784816991748494,0.4331068310810315,0.0302756650731041,0.4163039220574867,0.4784816991748494,0.0621777771173626,4
EYT_2,F_original_HCP,1,PM10_within,32.82051282051282,31.923076923076923,0.6452849944675842,31.28205128205128,32.82051282051282,1.5384615384615363,4
EYT_2,F_original_HCP,1,COR_pooled,0.9395696761438188,0.9369008412112858,0.0017818179268676,0.9358925325439454,0.9395696761438188,0.0036771435998732,4
EYT_2,F_original_HCP,2,COR_within,0.45042761066746,0.4195555458268443,0.0205813848485126,0.4092502299678465,0.45042761066746,0.0411773806996135,4
EYT_2,F_original_HCP,2,PM10_within,32.820512820512825,27.43589743589744,3.589743589743592,25.64102564102564,32.820512820512825,7.179487179487182,4
EYT_2,F_original_HCP,2,COR_pooled,0.9378084986832128,0.9364302250315898,0.0009188505992101,0.935969506354688,0.9378084986832128,0.0018389923285249,4
EYT_2,F_original_HCP,3,COR_within,0.4384523050362429,0.4000624161160825,0.0255988806204881,0.386507145123934,0.4384523050362429,0.0519451599123088,4
EYT_2,F_original_HCP,3,PM10_within,32.82051282051282,27.307692307692307,3.706880075589988,25.12820512820513,32.82051282051282,7.692307692307686,4
EYT_2,F_original_HCP,3,COR_pooled,0.9385687422763382,0.9367345254870978,0.0012262424746835,0.9359934795327536,0.9385687422763382,0.0025752627435846,4
EYT_2,F_original_HCP,4,COR_within,0.4688553764899772,0.4374938626325395,0.0209076782727872,0.4270267361493406,0.4688553764899772,0.0418286403406366,4
EYT_2,F_original_HCP,4,PM10_within,28.205128205128204,28.205128205128204,0.0,28.205128205128204,28.205128205128204,0.0,4
EYT_2,F_original_HCP,4,COR_pooled,0.9433929714079962,0.9421530435342678,0.0008266189237713,0.941739083599804,0.9433929714079962,0.0016538878081923,4
EYT_2,F_original_HCP,5,COR_within,0.4630092356833545,0.4259913019709768,0.0246877071063299,0.413156248215076,0.4630092356833545,0.0498529874682784,4
EYT_2,F_original_HCP,5,PM10_within,35.38461538461538,31.410256410256405,2.693325001126277,29.74358974358974,35.38461538461538,5.641025641025639,4
EYT_2,F_original_HCP,5,COR_pooled,0.934674741107906,0.9323034062019666,0.001581063463566,0.9314920334590476,0.934674741107906,0.0031827076488584,4
EYT_2,proposed_full,1,COR_within,0.4184332365942528,0.4184016876564188,2.738469725268858e-05,0.4183696839627607,0.4184332365942528,6.35526314921031e-05,4
EYT_2,proposed_full,1,PM10_within,31.28205128205128,31.28205128205128,0.0,31.28205128205128,31.28205128205128,0.0,4
EYT_2,proposed_full,1,COR_pooled,0.9361010338684332,0.936101503799932,1.907735189276384e-06,0.9360990076386776,0.9361031710349692,4.163396291723132e-06,4
EYT_2,proposed_full,2,COR_within,0.4092535508639917,0.4092423641193816,1.258819353630768e-05,0.409227266814663,0.4092535508639917,2.6284049328695325e-05,4
EYT_2,proposed_full,2,PM10_within,25.64102564102564,25.64102564102564,0.0,25.64102564102564,25.64102564102564,0.0,4
EYT_2,proposed_full,2,COR_pooled,0.9359718496309628,0.9359686386585832,2.5307586072425503e-06,0.9359658565945872,0.9359718496309628,5.993036375717686e-06,4
EYT_2,proposed_full,3,COR_within,0.3876608870642672,0.3876645224419961,1.90094843911806e-05,0.3876494347790026,0.387692158970123,4.272419112044679e-05,4
EYT_2,proposed_full,3,PM10_within,25.12820512820513,25.12820512820513,0.0,25.12820512820513,25.12820512820513,0.0,4
EYT_2,proposed_full,3,COR_pooled,0.9361920771602116,0.936187332357503,3.743972066009353e-06,0.9361829208598264,0.9361920771602116,9.156300385115834e-06,4
EYT_2,proposed_full,4,COR_within,0.4269493974681448,0.4270169820571763,4.853613904152111e-05,0.4269493974681448,0.427060131478872,0.0001107340107272,4
EYT_2,proposed_full,4,PM10_within,28.205128205128204,28.205128205128204,0.0,28.205128205128204,28.205128205128204,0.0,4
EYT_2,proposed_full,4,COR_pooled,0.9417349064272174,0.9417381736387944,2.466819317517399e-06,0.9417349064272174,0.9417401902880768,5.283860859406353e-06,4
EYT_2,proposed_full,5,COR_within,0.4125930505831851,0.4129920742073762,0.000266609761535,0.4125930505831851,0.4131490113707195,0.0005559607875343,4
EYT_2,proposed_full,5,PM10_within,30.256410256410252,29.87179487179487,0.2564102564102572,29.74358974358974,30.256410256410252,0.5128205128205146,4
EYT_2,proposed_full,5,COR_pooled,0.9314874377805632,0.9314926610655638,3.5906375959043416e-06,0.9314874377805632,0.9314955896931578,8.151912594511757e-06,4
EYT_3,B_Hadamard,1,COR_within,0.3885105478729771,0.3885100431473992,7.930054881010228e-07,0.3885089107591447,0.3885106331506284,1.7223914837716237e-06,4
EYT_3,B_Hadamard,1,PM10_within,30.61224489795918,30.61224489795918,0.0,30.61224489795918,30.61224489795918,0.0,4
EYT_3,B_Hadamard,1,COR_pooled,0.9768453360181448,0.976845339632947,2.182827969355605e-08,0.9768453232213796,0.9768453714002956,4.817891596786694e-08,4
EYT_3,B_Hadamard,2,COR_within,0.4101472860650759,0.4101473657441619,4.6542006543346643e-07,0.4101467462612572,0.4101478028635531,1.0566022958791166e-06,4
EYT_3,B_Hadamard,2,PM10_within,27.755102040816325,27.755102040816325,0.0,27.755102040816325,27.755102040816325,0.0,4
EYT_3,B_Hadamard,2,COR_pooled,0.976847902046828,0.9768479036681882,9.655649517539473e-09,0.9768478906469374,0.976847911383126,2.0736188655057223e-08,4
EYT_3,B_Hadamard,3,COR_within,0.4090714358809196,0.4090682808340493,2.120379382035028e-06,0.4090669099712384,0.4090714358809196,4.525909681252216e-06,4
EYT_3,B_Hadamard,3,PM10_within,28.57142857142857,28.57142857142857,0.0,28.57142857142857,28.57142857142857,0.0,4
EYT_3,B_Hadamard,3,COR_pooled,0.976689892770758,0.9766898115328636,5.60652228044427e-08,0.9766897641037432,0.976689892770758,1.286670148203939e-07,4
EYT_3,B_Hadamard,4,COR_within,0.4145016172529498,0.4145023756306969,2.930158478738153e-06,0.4144985788756735,0.4145050961323698,6.517256696314533e-06,4
EYT_3,B_Hadamard,4,PM10_within,33.46938775510204,33.46938775510204,0.0,33.46938775510204,33.46938775510204,0.0,4
EYT_3,B_Hadamard,4,COR_pooled,0.9784712445360906,0.9784712767764588,5.160799538883954e-08,0.9784712240314882,0.978471335963864,1.1193237581252903e-07,4
EYT_3,B_Hadamard,5,COR_within,0.3822749408976981,0.3822748454110067,2.696113614789079e-07,0.3822745034278234,0.3822751441875874,6.407597639701557e-07,4
EYT_3,B_Hadamard,5,PM10_within,28.97959183673469,28.97959183673469,0.0,28.97959183673469,28.97959183673469,0.0,4
EYT_3,B_Hadamard,5,COR_pooled,0.9763631389379466,0.9763631085705844,2.5146714013522505e-08,0.9763630793591008,0.9763631389379466,5.957884574581129e-08,4
EYT_3,F_original_HCP,1,COR_within,0.4524451975014557,0.4041399606887269,0.0322065410465817,0.3874459260136608,0.4524451975014557,0.0649992714877948,4
EYT_3,F_original_HCP,1,PM10_within,34.285714285714285,31.3265306122449,2.009970979958389,29.79591836734694,34.285714285714285,4.489795918367346,4
EYT_3,F_original_HCP,1,COR_pooled,0.978209627578929,0.97717577004787,0.0006893196318647,0.9768199839619786,0.978209627578929,0.0013896436169504,4
EYT_3,F_original_HCP,2,COR_within,0.4741211708887053,0.4258785482286873,0.0321717247391076,0.4086763325912902,0.4741211708887053,0.0654448382974151,4
EYT_3,F_original_HCP,2,PM10_within,33.46938775510204,28.673469387755095,3.2375521181743663,26.53061224489796,33.46938775510204,6.938775510204081,4
EYT_3,F_original_HCP,2,COR_pooled,0.9784587902379548,0.9772432835168332,0.0008104498513556,0.97681906019122,0.9784587902379548,0.0016397300467347,4
EYT_3,F_original_HCP,3,COR_within,0.4715497953948606,0.4245092553698713,0.0313661351564959,0.4079964492878593,0.4715497953948606,0.0635533461070013,4
EYT_3,F_original_HCP,3,PM10_within,31.02040816326531,28.77551020408163,1.5452811825306887,27.755102040816325,31.02040816326531,3.265306122448983,4
EYT_3,F_original_HCP,3,COR_pooled,0.9783353506216882,0.9770911781951882,0.0008295370107434,0.9766607158706292,0.9783353506216882,0.001674634751059,4
EYT_3,F_original_HCP,4,COR_within,0.4600958048024594,0.4246793228941901,0.0237013572076335,0.4099525358464667,0.4600958048024594,0.0501432689559926,4
EYT_3,F_original_HCP,4,PM10_within,37.55102040816327,34.285714285714285,2.1853576060148328,33.06122448979592,37.55102040816327,4.489795918367349,4
EYT_3,F_original_HCP,4,COR_pooled,0.9791674172201654,0.9786167857204572,0.0003702823124075,0.9783646514574628,0.9791674172201654,0.0008027657627026,4
EYT_3,F_original_HCP,5,COR_within,0.4507242829085715,0.3995326656993522,0.0341295204819092,0.3821701259724149,0.4507242829085715,0.0685541569361566,4
EYT_3,F_original_HCP,5,PM10_within,37.142857142857146,30.918367346938776,4.1541182695978325,28.571428571428573,37.142857142857146,8.571428571428573,4
EYT_3,F_original_HCP,5,COR_pooled,0.978061353945029,0.9767872226858324,0.000849421275146,0.9763613843007334,0.978061353945029,0.0016999696442956,4
EYT_3,proposed_full,1,COR_within,0.3885115790136613,0.3884911497444226,3.365117270861954e-05,0.3884409718421474,0.3885115790136613,7.060717151385898e-05,4
EYT_3,proposed_full,1,PM10_within,30.61224489795918,30.61224489795918,0.0,30.61224489795918,30.61224489795918,0.0,4
EYT_3,proposed_full,1,COR_pooled,0.9768453577250074,0.9768448745622116,1.077144033149334e-06,0.9768432654830952,0.976845547729569,2.2822464736949044e-06,4
EYT_3,proposed_full,2,COR_within,0.4101568958970293,0.4101519776047042,1.2687842924972376e-05,0.4101336957531956,0.4101628567658168,2.916101262123716e-05,4
EYT_3,proposed_full,2,PM10_within,27.755102040816325,27.755102040816325,0.0,27.755102040816325,27.755102040816325,0.0,4
EYT_3,proposed_full,2,COR_pooled,0.9768480950612262,0.976847987444923,2.704472044866192e-07,0.97684759186168,0.976848201767647,6.099059668418505e-07,4
EYT_3,proposed_full,3,COR_within,0.4090436964357598,0.4090605664624753,2.1772640609405723e-05,0.4090424349374011,0.4090879727752202,4.553783781913179e-05,4
EYT_3,proposed_full,3,PM10_within,28.57142857142857,28.57142857142857,0.0,28.57142857142857,28.57142857142857,0.0,4
EYT_3,proposed_full,3,COR_pooled,0.9766895273834888,0.9766900410429722,6.992218815662638e-07,0.9766895273834888,0.9766910704149157,1.5430314266318137e-06,4
EYT_3,proposed_full,4,COR_within,0.4145225382777644,0.4145216917814727,7.778134314091261e-06,0.4145104407385828,0.4145270788562696,1.6638117686818e-05,4
EYT_3,proposed_full,4,PM10_within,33.46938775510204,33.46938775510204,0.0,33.46938775510204,33.46938775510204,0.0,4
EYT_3,proposed_full,4,COR_pooled,0.9784726050321636,0.9784718963999866,4.958032125950966e-07,0.9784714476464969,0.9784726050321636,1.1573856668611882e-06,4
EYT_3,proposed_full,5,COR_within,0.382267821197382,0.3822782316867877,2.871908385394555e-05,0.3822424161428116,0.3823040652522416,6.164910943001756e-05,4
EYT_3,proposed_full,5,PM10_within,28.97959183673469,28.97959183673469,0.0,28.97959183673469,28.97959183673469,0.0,4
EYT_3,proposed_full,5,COR_pooled,0.9763622115220704,0.9763625556598567,7.79245234155263e-07,0.976361964299409,0.9763637001485608,1.7358491516406005e-06,4
Japonica,B_Hadamard,1,COR_within,0.3273141055489869,0.327312557900218,9.026236761061983e-06,0.3273054620715304,0.3273247203259862,1.9258254455811752e-05,4
Japonica,B_Hadamard,1,PM10_within,34.48809523809524,34.48809523809524,0.0,34.48809523809524,34.48809523809524,0.0,4
Japonica,B_Hadamard,1,COR_pooled,0.8355421286680105,0.8355420107344828,7.381712103307508e-07,0.8355414324468368,0.8355430091570534,1.576710216610877e-06,4
Japonica,B_Hadamard,2,COR_within,0.3936428853295804,0.3936430792283381,2.662007264939426e-07,0.3936428196962315,0.3936433551121719,5.354159404724612e-07,4
Japonica,B_Hadamard,2,PM10_within,33.75,33.75,0.0,33.75,33.75,0.0,4
Japonica,B_Hadamard,2,COR_pooled,0.8597846780503348,0.859784682012405,7.58834412082635e-09,0.859784673546453,0.8597846902451642,1.6698711191587282e-08,4
Japonica,B_Hadamard,3,COR_within,0.3421567564406768,0.3421094604796827,0.000108686116318,0.3419480347815806,0.3421842743377948,0.0002362395562142,4
Japonica,B_Hadamard,3,PM10_within,27.440476190476197,27.440476190476197,0.0,27.440476190476197,27.440476190476197,0.0,4
Japonica,B_Hadamard,3,COR_pooled,0.851111656792902,0.8511029184049757,1.990742544410112e-05,0.8510733134683451,0.8511163847173734,4.30712490282481e-05,4
Japonica,B_Hadamard,4,COR_within,0.3174041188821359,0.3174073518276644,9.214197804407426e-06,0.3174019124137045,0.3174210970523382,1.9184638633651385e-05,4
Japonica,B_Hadamard,4,PM10_within,23.607142857142858,23.607142857142858,0.0,23.607142857142858,23.607142857142858,0.0,4
Japonica,B_Hadamard,4,COR_pooled,0.8373445983955591,0.8373452110791388,1.7585333214404373e-06,0.8373441805876576,0.8373478340567333,3.6534690757150656e-06,4
Japonica,B_Hadamard,5,COR_within,0.3046274323274811,0.3046276449931642,2.389811589050963e-07,0.3046274323274811,0.3046279829688908,5.506414097466994e-07,4
Japonica,B_Hadamard,5,PM10_within,28.714285714285715,28.714285714285715,0.0,28.714285714285715,28.714285714285715,0.0,4
Japonica,B_Hadamard,5,COR_pooled,0.8407860213986071,0.8407863841255279,3.052136564002706e-07,0.8407860213986071,0.840786758211874,7.368132668439387e-07,4
Japonica,F_original_HCP,1,COR_within,0.3802459156656423,0.3392413603520047,0.0274355039022342,0.3222788933042259,0.3802459156656423,0.0579670223614163,4
Japonica,F_original_HCP,1,PM10_within,30.571428571428573,30.81547619047619,5.081427842557957,23.714285714285715,34.48809523809524,10.773809523809526,4
Japonica,F_original_HCP,1,COR_pooled,0.8465996344884835,0.8384137151193424,0.0054614428125258,0.8355284099690242,0.8465996344884835,0.0110712245194593,4
Japonica,F_original_HCP,2,COR_within,0.4298884858993223,0.403746207173448,0.0175610654119757,0.3933755176318717,0.4298884858993223,0.0365129682674506,4
Japonica,F_original_HCP,2,PM10_within,39.00000000000001,34.104166666666664,3.7307375648493153,29.916666666666668,39.00000000000001,9.08333333333334,4
Japonica,F_original_HCP,2,COR_pooled,0.8711521281488535,0.862782640244025,0.0055877167978753,0.8597786355976696,0.8711521281488535,0.0113734925511838,4
Japonica,F_original_HCP,3,COR_within,0.4193807022137661,0.3575522311150698,0.0416914335288444,0.3281038690423535,0.4193807022137661,0.0912768331714125,4
Japonica,F_original_HCP,3,PM10_within,32.38095238095239,30.625000000000004,3.260434438636518,26.190476190476197,33.63095238095239,7.440476190476193,4
Japonica,F_original_HCP,3,COR_pooled,0.8608879963109827,0.8526500498984625,0.0055675066326041,0.8488314101754397,0.8608879963109827,0.0120565861355429,4
Japonica,F_original_HCP,4,COR_within,0.392043048105574,0.3366616984391168,0.0369333906157814,0.3173628380981237,0.392043048105574,0.0746802100074503,4
Japonica,F_original_HCP,4,PM10_within,33.904761904761905,26.514880952380956,4.966520328011988,23.607142857142858,33.904761904761905,10.297619047619047,4
Japonica,F_original_HCP,4,COR_pooled,0.8515019613762028,0.8410753194688516,0.0069595413397626,0.8373391655969629,0.8515019613762028,0.0141627957792399,4
Japonica,F_original_HCP,5,COR_within,0.3813904902249286,0.3230280195894621,0.0389393988393974,0.3013743740081132,0.3813904902249286,0.0800161162168154,4
Japonica,F_original_HCP,5,PM10_within,32.54761904761905,30.386904761904763,1.9720625274683612,28.714285714285715,32.54761904761905,3.833333333333336,4
Japonica,F_original_HCP,5,COR_pooled,0.854925325285147,0.8445290505406012,0.0069426461649257,0.8407649041832957,0.854925325285147,0.0141604211018512,4
Japonica,proposed_full,1,COR_within,0.3196593172872808,0.3195476003388606,0.0001081078358795,0.319400434967053,0.3196593172872808,0.0002588823202278,4
Japonica,proposed_full,1,PM10_within,31.73809523809524,31.42559523809524,0.625,30.48809523809524,31.73809523809524,1.25,4
Japonica,proposed_full,1,COR_pooled,0.8346528967731333,0.8346247315766022,2.0962026533157897e-05,0.8346025117896093,0.8346528967731333,5.038498352394338e-05,4
Japonica,proposed_full,2,COR_within,0.3910551364282141,0.3910724482403889,1.828360820393581e-05,0.3910551364282141,0.3910970054866226,4.186905840852795e-05,4
Japonica,proposed_full,2,PM10_within,33.75,33.75,0.0,33.75,33.75,0.0,4
Japonica,proposed_full,2,COR_pooled,0.8593853570760789,0.8593938325189668,9.396330375253287e-06,0.8593853570760789,0.8594052889494516,1.9931873372680545e-05,4
Japonica,proposed_full,3,COR_within,0.3316361583481473,0.3316338482393798,1.6412386401951878e-06,0.3316325525969545,0.3316361583481473,3.605751192792273e-06,4
Japonica,proposed_full,3,PM10_within,28.690476190476197,28.690476190476197,0.0,28.690476190476197,28.690476190476197,0.0,4
Japonica,proposed_full,3,COR_pooled,0.8489386330946143,0.8489381229544566,4.798857809020002e-07,0.8489374795684205,0.8489386330946143,1.1535261937867247e-06,4
Japonica,proposed_full,4,COR_within,0.3089524939402764,0.308930836666139,2.9319617321530088e-05,0.3088878378100873,0.3089524939402764,6.465613018913352e-05,4
Japonica,proposed_full,4,PM10_within,23.607142857142858,23.607142857142858,0.0,23.607142857142858,23.607142857142858,0.0,4
Japonica,proposed_full,4,COR_pooled,0.8354849836194409,0.8354691707132287,3.0450656040185384e-05,0.8354234995525518,0.8354849836194409,6.14840668891059e-05,4
Japonica,proposed_full,5,COR_within,0.3046344301925852,0.3046362005654262,6.860726749076875e-06,0.3046304385408858,0.3046461516271962,1.5713086310376045e-05,4
Japonica,proposed_full,5,PM10_within,28.714285714285715,28.714285714285715,0.0,28.714285714285715,28.714285714285715,0.0,4
Japonica,proposed_full,5,COR_pooled,0.8407856717876103,0.8407926430349244,1.1242209617859884e-05,0.8407853637021754,0.8408091500982644,2.378639608902056e-05,4
Wheat_2,B_Hadamard,1,COR_within,0.313557468817928,0.3135532436972872,3.684693560366704e-06,0.3135493747113629,0.313557468817928,8.094106565048609e-06,4
Wheat_2,B_Hadamard,1,PM10_within,26.711271230056614,26.711271230056614,0.0,26.711271230056614,26.711271230056614,0.0,4
Wheat_2,B_Hadamard,1,COR_pooled,0.7988523475889646,0.7988523122880926,8.019888010277387e-08,0.7988521945733333,0.7988523734529996,1.7887966630159013e-07,4
Wheat_2,B_Hadamard,2,COR_within,0.2710844506948248,0.2710854102505511,1.5932575927249293e-06,0.2710836999500026,0.2710870657000201,3.3657500175254818e-06,4
Wheat_2,B_Hadamard,2,PM10_within,28.235294117647054,28.235294117647054,0.0,28.235294117647054,28.235294117647054,0.0,4
Wheat_2,B_Hadamard,2,COR_pooled,0.7929236353075684,0.7929233850153182,6.701098456934148e-07,0.7929224085065455,0.792923931468614,1.5229620684564793e-06,4
Wheat_2,B_Hadamard,3,COR_within,0.2948450022464528,0.2948453146385569,1.90890683627805e-06,0.2948429154056701,0.2948475075333694,4.592127699376558e-06,4
Wheat_2,B_Hadamard,3,PM10_within,28.781094527363184,29.154228855721392,0.4308584098430038,28.781094527363184,29.5273631840796,0.746268656716417,4
Wheat_2,B_Hadamard,3,COR_pooled,0.7963756134267509,0.7963756400396079,1.1887824684502719e-07,0.796375503090545,0.7963757909457149,2.878551699225796e-07,4
Wheat_2,B_Hadamard,4,COR_within,0.3630062955242236,0.3630064577497011,8.157035850497629e-07,0.3630053690689439,0.3630071163005159,1.7472315720357123e-06,4
Wheat_2,B_Hadamard,4,PM10_within,29.166666666666668,29.166666666666668,0.0,29.166666666666668,29.166666666666668,0.0,4
Wheat_2,B_Hadamard,4,COR_pooled,0.7869997183250984,0.7869998167040734,1.9180360067440868e-07,0.7869995948304419,0.7869999862820081,3.9145156616182685e-07,4
Wheat_2,B_Hadamard,5,COR_within,0.2650562537172125,0.2650562558718528,9.967175603003217e-08,0.2650561408248344,0.2650563840959668,2.432711324051873e-07,4
Wheat_2,B_Hadamard,5,PM10_within,35.615028306742154,35.615028306742154,0.0,35.615028306742154,35.615028306742154,0.0,4
Wheat_2,B_Hadamard,5,COR_pooled,0.7804764177025285,0.7804765028743121,9.600861161025533e-08,0.7804764177025285,0.7804766177263912,2.0002386269535322e-07,4
Wheat_2,F_original_HCP,1,COR_within,0.3514218864860826,0.318844994705872,0.0219859688850088,0.3052083808839098,0.3514218864860826,0.0462135056021728,4
Wheat_2,F_original_HCP,1,PM10_within,28.435409161091098,25.231600617601647,2.43272536128493,22.516726711271232,28.435409161091098,5.918682449819865,4
Wheat_2,F_original_HCP,1,COR_pooled,0.804316099489741,0.799389962917802,0.0033586236181425,0.7971641874438139,0.804316099489741,0.0071519120459271,4
Wheat_2,F_original_HCP,2,COR_within,0.3331075079709078,0.272878289147804,0.0443072234717849,0.2266035471757521,0.3331075079709078,0.1065039607951557,4
Wheat_2,F_original_HCP,2,PM10_within,25.09803921568628,23.933823529411768,0.9059790783886922,23.03921568627451,25.09803921568628,2.058823529411768,4
Wheat_2,F_original_HCP,2,COR_pooled,0.800665918444461,0.7921604940597268,0.0067236794788988,0.7842462599491333,0.800665918444461,0.0164196584953276,4
Wheat_2,F_original_HCP,3,COR_within,0.3372824432548972,0.3036479802697949,0.0225015027127724,0.2901889686836763,0.3372824432548972,0.0470934745712208,4
Wheat_2,F_original_HCP,3,PM10_within,30.27363184079602,29.527363184079604,1.4910163615858598,27.860696517412936,31.19402985074627,3.333333333333332,4
Wheat_2,F_original_HCP,3,COR_pooled,0.8027974453111809,0.7977167733581019,0.0033990677576129,0.7956646261551703,0.8027974453111809,0.0071328191560106,4
Wheat_2,F_original_HCP,4,COR_within,0.4001544858828171,0.3666641998695883,0.0230345014557647,0.3479625408948062,0.4001544858828171,0.0521919449880108,4
Wheat_2,F_original_HCP,4,PM10_within,34.90196078431373,30.134803921568636,3.48496316787283,26.568627450980397,34.90196078431373,8.333333333333336,4
Wheat_2,F_original_HCP,4,COR_pooled,0.7930328256508903,0.7877989893118603,0.0035548082186613,0.7851498688748818,0.7930328256508903,0.0078829567760084,4
Wheat_2,F_original_HCP,5,COR_within,0.3230736375547146,0.2776051739609441,0.0303745334309581,0.2604029392731966,0.3230736375547146,0.062670698281518,4
Wheat_2,F_original_HCP,5,PM10_within,34.12249099330931,33.63355635615028,1.6663909446057747,31.65208440555841,35.615028306742154,3.962943901183742,4
Wheat_2,F_original_HCP,5,COR_pooled,0.788195280498627,0.7820469650291069,0.0041169930981621,0.7795359664436795,0.788195280498627,0.0086593140549474,4
Wheat_2,proposed_full,1,COR_within,0.3135682937097762,0.3135865802216177,2.73917178571985e-05,0.3135641981071979,0.3136240696284421,5.9871521244259096e-05,4
Wheat_2,proposed_full,1,PM10_within,26.711271230056614,26.711271230056614,0.0,26.711271230056614,26.711271230056614,0.0,4
Wheat_2,proposed_full,1,COR_pooled,0.7988569088925894,0.7988571995722161,3.0193758887355177e-06,0.7988532038313095,0.7988603705839569,7.166752647336239e-06,4
Wheat_2,proposed_full,2,COR_within,0.2709830163823487,0.2710826582762987,7.233543636682487e-05,0.2709830163823487,0.2711539864564286,0.0001709700740799,4
Wheat_2,proposed_full,2,PM10_within,28.235294117647054,28.235294117647054,0.0,28.235294117647054,28.235294117647054,0.0,4
Wheat_2,proposed_full,2,COR_pooled,0.7929129494305339,0.7929238342871161,7.738995188369002e-06,0.7929129494305339,0.79293096788132,1.8018450786083665e-05,4
Wheat_2,proposed_full,3,COR_within,0.2863837064163668,0.2863641620780141,0.000250894279161,0.2861719918589939,0.2867118488850304,0.0005398570260365,4
Wheat_2,proposed_full,3,PM10_within,27.288557213930343,27.66169154228855,0.4308584098430037,27.288557213930343,28.034825870646763,0.746268656716417,4
Wheat_2,proposed_full,3,COR_pooled,0.7943225632152876,0.7943167312294573,2.2233727739191017e-05,0.7942986234445807,0.7943457357465109,4.711230193021887e-05,4
Wheat_2,proposed_full,4,COR_within,0.3630174767614254,0.3630230629288784,7.469272248354856e-06,0.3630169067294512,0.3630327632398683,1.585651041707825e-05,4
Wheat_2,proposed_full,4,PM10_within,29.166666666666668,29.166666666666668,0.0,29.166666666666668,29.166666666666668,0.0,4
Wheat_2,proposed_full,4,COR_pooled,0.7870020405434623,0.7870047402708199,2.6813557597598457e-06,0.7870020405434623,0.7870071451824058,5.104638943431716e-06,4
Wheat_2,proposed_full,5,COR_within,0.2639543305070234,0.2639453996015538,2.2284090666936272e-05,0.2639120659246334,0.2639583423959964,4.627647136307145e-05,4
Wheat_2,proposed_full,5,PM10_within,36.36129696345857,36.36129696345857,0.0,36.36129696345857,36.36129696345857,0.0,4
Wheat_2,proposed_full,5,COR_pooled,0.7800120660372489,0.7800373173985613,1.805859662528565e-05,0.7800120660372489,0.78005454052174,4.247448449101743e-05,4
Wheat_3,B_Hadamard,1,COR_within,0.4583005394107607,0.4583006480773347,1.0088862644803267e-07,0.4583005394107607,0.4583007646121536,2.252013928116803e-07,4
Wheat_3,B_Hadamard,1,PM10_within,24.82736974262398,25.2510985561833,0.4892798891437503,24.82736974262398,25.674827369742623,0.8474576271186436,4
Wheat_3,B_Hadamard,1,COR_pooled,0.8498712126333915,0.8498712599883078,4.287576268298616e-08,0.8498712126333915,0.8498713131427571,1.0050936560812573e-07,4
Wheat_3,B_Hadamard,2,COR_within,0.4197744914127354,0.419774095368718,4.045435354486223e-07,0.4197735723789568,0.4197744914127354,9.19033778523648e-07,4
Wheat_3,B_Hadamard,2,PM10_within,29.310344827586206,29.310344827586206,0.0,29.310344827586206,29.310344827586206,0.0,4
Wheat_3,B_Hadamard,2,COR_pooled,0.8363444304715854,0.8363443365191257,7.370787976407799e-08,0.8363442538111289,0.8363444304715854,1.7666045648567777e-07,4
Wheat_3,B_Hadamard,3,COR_within,0.4275201553372589,0.4275201232449926,6.751762928190651e-08,0.4275200248451516,0.4275201759576819,1.511125302666727e-07,4
Wheat_3,B_Hadamard,3,PM10_within,24.69211822660099,24.9076354679803,0.4310344827586192,24.69211822660099,25.554187192118228,0.8620689655172384,4
Wheat_3,B_Hadamard,3,COR_pooled,0.8492214923586754,0.8492214737410537,2.2166151191072256e-08,0.8492214508163524,0.8492214931076923,4.229133998556733e-08,4
Wheat_3,B_Hadamard,4,COR_within,0.4247060465022603,0.424707291020954,3.4490760275335525e-06,0.4247041040051256,0.4247121679186658,8.063913540190537e-06,4
Wheat_3,B_Hadamard,4,PM10_within,26.997578692493946,26.997578692493946,0.0,26.997578692493946,26.997578692493946,0.0,4
Wheat_3,B_Hadamard,4,COR_pooled,0.8367329937475534,0.8367345942343805,1.137670558702865e-06,0.8367329937475534,0.8367356755149595,2.6817674061430097e-06,4
Wheat_3,B_Hadamard,5,COR_within,0.4419551241137031,0.4419552515869366,1.7645675012445764e-07,0.4419551219738098,0.4419554969959967,3.7502218686036326e-07,4
Wheat_3,B_Hadamard,5,PM10_within,27.17917675544794,26.75544794188862,0.4892798891437503,26.331719128329297,27.17917675544794,0.8474576271186436,4
Wheat_3,B_Hadamard,5,COR_pooled,0.8376204549543004,0.8376204720553282,4.710444285349797e-08,0.8376204278228465,0.837620538265214,1.104423674735955e-07,4
Wheat_3,F_original_HCP,1,COR_within,0.5656840300356618,0.4750161456618773,0.0612075532374839,0.4366481249113879,0.5656840300356618,0.1290359051242738,4
Wheat_3,F_original_HCP,1,PM10_within,39.32831136220967,27.73854362837414,7.9752362522357885,21.12366603892028,39.32831136220967,18.20464532328939,4
Wheat_3,F_original_HCP,1,COR_pooled,0.8731586422512443,0.8531180405335507,0.0135806365234852,0.8446479806312837,0.8731586422512443,0.0285106616199606,4
Wheat_3,F_original_HCP,2,COR_within,0.5544675483107645,0.4417502164922023,0.0754740086765683,0.3986387754258878,0.5544675483107645,0.1558287728848766,4
Wheat_3,F_original_HCP,2,PM10_within,31.89655172413793,27.801724137931032,2.9339910713595034,25.0,31.89655172413793,6.896551724137932,4
Wheat_3,F_original_HCP,2,COR_pooled,0.8664484242115253,0.8412095178666894,0.016918357719528,0.8315466517919388,0.8664484242115253,0.0349017724195865,4
Wheat_3,F_original_HCP,3,COR_within,0.5047835651358336,0.4438468587228431,0.0409601777790133,0.4162529131983481,0.5047835651358336,0.0885306519374854,4
Wheat_3,F_original_HCP,3,PM10_within,31.773399014778324,27.540024630541872,2.8513575813607988,25.554187192118228,31.773399014778324,6.219211822660096,4
Wheat_3,F_original_HCP,3,COR_pooled,0.8590067951316934,0.8504980393863293,0.0059640239751549,0.8450905233267115,0.8590067951316934,0.0139162718049818,4
Wheat_3,F_original_HCP,4,COR_within,0.5332709207547216,0.4492940677838828,0.0561424146613181,0.4153529971601508,0.5332709207547216,0.1179179235945707,4
Wheat_3,F_original_HCP,4,PM10_within,35.74455205811138,29.441585956416468,4.22316733648703,26.997578692493946,35.74455205811138,8.746973365617436,4
Wheat_3,F_original_HCP,4,COR_pooled,0.8610658962154027,0.8418137413937471,0.0129556391972796,0.8328995045861504,0.8610658962154027,0.0281663916292523,4
Wheat_3,F_original_HCP,5,COR_within,0.5797074245368922,0.4773888779949985,0.0682876614075366,0.4389747274003411,0.5797074245368922,0.140732697136551,4
Wheat_3,F_original_HCP,5,PM10_within,36.68280871670702,28.684927360774815,5.345438199047326,25.484261501210653,36.68280871670702,11.198547215496369,4
Wheat_3,F_original_HCP,5,COR_pooled,0.8696982151816082,0.8458568398576756,0.0159074747539049,0.8370135316689757,0.8696982151816082,0.0326846835126324,4
Wheat_3,proposed_full,1,COR_within,0.4584522627886399,0.4584533586338432,3.121846515103615e-06,0.4584511945390832,0.458457991934465,6.79739538189672e-06,4
Wheat_3,proposed_full,1,PM10_within,24.82736974262398,25.2510985561833,0.4892798891437503,24.82736974262398,25.674827369742623,0.8474576271186436,4
Wheat_3,proposed_full,1,COR_pooled,0.8499283885432296,0.8499291615394351,1.983456494321201e-06,0.8499277247746345,0.8499320965785265,4.371803892011528e-06,4
Wheat_3,proposed_full,2,COR_within,0.4199184704242678,0.4199342225766692,1.2401681571994315e-05,0.4199184704242678,0.4199487967297705,3.0326305502759165e-05,4
Wheat_3,proposed_full,2,PM10_within,29.310344827586206,29.310344827586206,0.0,29.310344827586206,29.310344827586206,0.0,4
Wheat_3,proposed_full,2,COR_pooled,0.8363561825865333,0.8363596754417126,2.7991559772290264e-06,0.8363561825865333,0.836363035069069,6.852482535624205e-06,4
Wheat_3,proposed_full,3,COR_within,0.4276070045810858,0.4276760893003895,4.715153729286133e-05,0.4276070045810858,0.4277129312506238,0.000105926669538,4
Wheat_3,proposed_full,3,PM10_within,24.69211822660099,24.9076354679803,0.4310344827586192,24.69211822660099,25.554187192118228,0.8620689655172384,4
Wheat_3,proposed_full,3,COR_pooled,0.849290237993218,0.8493113753811955,1.729831404517177e-05,0.849290237993218,0.8493310231123534,4.0785119135411385e-05,4
Wheat_3,proposed_full,4,COR_within,0.425236707426033,0.4252175313261397,3.23315915207494e-05,0.4251707880871834,0.4252413987604436,7.061067326014081e-05,4
Wheat_3,proposed_full,4,PM10_within,28.783292978208237,28.783292978208237,0.0,28.783292978208237,28.783292978208237,0.0,4
Wheat_3,proposed_full,4,COR_pooled,0.8369322381214714,0.8369245667988257,1.0755748659767951e-05,0.8369102336265571,0.8369334013246892,2.316769813204278e-05,4
Wheat_3,proposed_full,5,COR_within,0.441413350723466,0.4414023973797312,9.9366085180511e-06,0.4413902149699563,0.441413350723466,2.3135753509651025e-05,4
Wheat_3,proposed_full,5,PM10_within,27.17917675544794,26.75544794188862,0.4892798891437503,26.331719128329297,27.17917675544794,0.8474576271186436,4
Wheat_3,proposed_full,5,COR_pooled,0.8374811082914649,0.837478465040746,2.375554804016138e-06,0.8374755075732697,0.8374811082914649,5.600718195220011e-06,4
Wheat_5,B_Hadamard,1,COR_within,0.4163919234652128,0.4163807960329774,8.95041878041344e-06,0.4163702125051137,0.4163919234652128,2.171096009911944e-05,4
Wheat_5,B_Hadamard,1,PM10_within,31.957671957671955,31.957671957671955,0.0,31.957671957671955,31.957671957671955,0.0,4
Wheat_5,B_Hadamard,1,COR_pooled,0.4491842165791257,0.4491562798507802,1.8915204517133248e-05,0.4491436227163509,0.4491842165791257,4.0593862774773726e-05,4
Wheat_5,B_Hadamard,2,COR_within,0.4134363492256974,0.4134390409938769,2.370530733238017e-06,0.4134363492256974,0.4134412064885996,4.857262902224768e-06,4
Wheat_5,B_Hadamard,2,PM10_within,24.285714285714285,24.464285714285715,0.3571428571428576,24.285714285714285,25.0,0.7142857142857153,4
Wheat_5,B_Hadamard,2,COR_pooled,0.4515026345402939,0.4515070668460594,4.998644695739697e-06,0.4515026345402939,0.4515141655536001,1.1531013306143034e-05,4
Wheat_5,B_Hadamard,3,COR_within,0.3932010876295788,0.3932027558657147,4.391374996534148e-06,0.3931990034259308,0.3932090922789103,1.0088852979484033e-05,4
Wheat_5,B_Hadamard,3,PM10_within,29.395604395604398,29.395604395604398,0.0,29.395604395604398,29.395604395604398,0.0,4
Wheat_5,B_Hadamard,3,COR_pooled,0.4355085354962578,0.4355094374129729,2.1903183590778684e-06,0.4355075710564163,0.4355125913058817,5.020249465470528e-06,4
Wheat_5,B_Hadamard,4,COR_within,0.3920066179311903,0.3920202486035165,1.9588350781590267e-05,0.3920066179311903,0.3920485425338199,4.192460262958386e-05,4
Wheat_5,B_Hadamard,4,PM10_within,33.85714285714286,33.85714285714286,0.0,33.85714285714286,33.85714285714286,0.0,4
Wheat_5,B_Hadamard,4,COR_pooled,0.428926105930773,0.4289429659301281,2.3383099244635377e-05,0.428926105930773,0.4289765982235815,5.049229280840173e-05,4
Wheat_5,B_Hadamard,5,COR_within,0.420253432594375,0.4202567229110056,4.095906317474453e-06,0.4202533354711937,0.4202617547449443,8.41927375061502e-06,4
Wheat_5,B_Hadamard,5,PM10_within,30.87912087912088,31.057692307692307,0.3571428571428577,30.87912087912088,31.59340659340659,0.7142857142857153,4
Wheat_5,B_Hadamard,5,COR_pooled,0.4380976251412723,0.4380998517373766,3.091240761727577e-06,0.4380968691614171,0.4381032456528646,6.3764914475239465e-06,4
Wheat_5,F_original_HCP,1,COR_within,0.4865679704402806,0.4278182721124449,0.040661096688629,0.3947483180218125,0.4865679704402806,0.0918196524184681,4
Wheat_5,F_original_HCP,1,PM10_within,40.37037037037037,33.7037037037037,4.607277864666663,29.814814814814817,40.37037037037037,10.55555555555555,4
Wheat_5,F_original_HCP,1,COR_pooled,0.5096096937427802,0.4580880196828193,0.0357711015467625,0.4291139141245101,0.5096096937427802,0.08049577961827,4
Wheat_5,F_original_HCP,2,COR_within,0.4617508827182253,0.4165590414478402,0.0345825946390533,0.377484144935999,0.4617508827182253,0.0842667377822263,4
Wheat_5,F_original_HCP,2,PM10_within,32.42857142857143,25.5,5.063541821918028,20.285714285714285,32.42857142857143,12.142857142857146,4
Wheat_5,F_original_HCP,2,COR_pooled,0.4920172362699218,0.454235210916357,0.0289853395366474,0.4213600418964117,0.4920172362699218,0.07065719437351,4
Wheat_5,F_original_HCP,3,COR_within,0.4495634749533435,0.4025201777742953,0.0323733813131703,0.3765396962662262,0.4495634749533435,0.0730237786871172,4
Wheat_5,F_original_HCP,3,PM10_within,38.24175824175824,31.730769230769223,4.48904797757368,27.967032967032964,38.24175824175824,10.274725274725276,4
Wheat_5,F_original_HCP,3,COR_pooled,0.4829439136299283,0.4436675669773833,0.0268965066896987,0.4222267907277301,0.4829439136299283,0.0607171229021981,4
Wheat_5,F_original_HCP,4,COR_within,0.4591127250261092,0.3975475211684072,0.0491699530082347,0.3389887037017889,0.4591127250261092,0.1201240213243203,4
Wheat_5,F_original_HCP,4,PM10_within,31.714285714285715,33.14285714285714,3.0327015863029807,29.714285714285715,36.57142857142857,6.857142857142854,4
Wheat_5,F_original_HCP,4,COR_pooled,0.4790126936599903,0.4333850212472839,0.0358993342008498,0.3913807635892457,0.4790126936599903,0.0876319300707446,4
Wheat_5,F_original_HCP,5,COR_within,0.4813127739499508,0.4341563544361296,0.0314473712530422,0.4176787426565194,0.4813127739499508,0.0636340312934314,4
Wheat_5,F_original_HCP,5,PM10_within,39.230769230769226,33.37912087912088,4.385175356936318,29.67032967032967,39.230769230769226,9.560439560439557,4
Wheat_5,F_original_HCP,5,COR_pooled,0.4896219953252014,0.4500998401567822,0.0263555197476134,0.436062125304029,0.4896219953252014,0.0535598700211724,4
Wheat_5,proposed_full,1,COR_within,0.4162533279048521,0.416250846395619,6.3904210919616376e-06,0.4162451740692215,0.4162587302306051,1.355616138354332e-05,4
Wheat_5,proposed_full,1,PM10_within,33.80952380952381,33.80952380952381,0.0,33.80952380952381,33.80952380952381,0.0,4
Wheat_5,proposed_full,1,COR_pooled,0.4490229430600966,0.4490199049014435,7.1805528173581736e-06,0.4490115712529955,0.4490281195038813,1.654825088576173e-05,4
Wheat_5,proposed_full,2,COR_within,0.4135183037415146,0.4135102559898779,5.452894258937211e-06,0.4135066033334136,0.4135183037415146,1.1700408101056324e-05,4
Wheat_5,proposed_full,2,PM10_within,24.285714285714285,24.464285714285715,0.3571428571428576,24.285714285714285,25.0,0.7142857142857153,4
Wheat_5,proposed_full,2,COR_pooled,0.4515694979772823,0.4515623054198303,4.853262379560543e-06,0.451559229189962,0.4515694979772823,1.02687873202445e-05,4
Wheat_5,proposed_full,3,COR_within,0.3895488293609716,0.3895475225519476,4.825280049402699e-06,0.3895425725079225,0.3895536454899636,1.1072982041060442e-05,4
Wheat_5,proposed_full,3,PM10_within,27.472527472527474,27.472527472527474,0.0,27.472527472527474,27.472527472527474,0.0,4
Wheat_5,proposed_full,3,COR_pooled,0.433068657361346,0.4330691180392928,4.818752137332082e-06,0.4330658176615312,0.4330760722063204,1.025454478920107e-05,4
Wheat_5,proposed_full,4,COR_within,0.3920208399035322,0.3920214994762845,8.009359377722526e-06,0.3920105782034816,0.3920289754679846,1.8397264502978405e-05,4
Wheat_5,proposed_full,4,PM10_within,33.85714285714286,33.85714285714286,0.0,33.85714285714286,33.85714285714286,0.0,4
Wheat_5,proposed_full,4,COR_pooled,0.4289397726027588,0.4289422113395119,9.726368095644306e-06,0.4289294733812862,0.4289502674781135,2.079409682731459e-05,4
Wheat_5,proposed_full,5,COR_within,0.420889332241405,0.4208924864978662,2.6162642841427863e-06,0.420889332241405,0.4208957142868438,6.38204543879084e-06,4
Wheat_5,proposed_full,5,PM10_within,33.51648351648352,33.69505494505495,0.3571428571428541,33.51648351648352,34.230769230769226,0.7142857142857082,4
Wheat_5,proposed_full,5,COR_pooled,0.4379487325887155,0.4379449224468125,2.8364784412388585e-06,0.4379425460554506,0.4379487325887155,6.18653326484031e-06,4
Wheat_6,B_Hadamard,1,COR_within,0.4998877384508741,0.4998800032675757,1.1235279078934046e-05,0.499864631007905,0.4998889886516152,2.435764371017113e-05,4
Wheat_6,B_Hadamard,1,PM10_within,24.739583333333336,24.739583333333336,0.0,24.739583333333336,24.739583333333336,0.0,4
Wheat_6,B_Hadamard,1,COR_pooled,0.8857180216168183,0.8857173757430503,9.897100515433735e-07,0.8857160121533163,0.8857181843175926,2.172164276337263e-06,4
Wheat_6,B_Hadamard,2,COR_within,0.4864570916798899,0.4864231123694258,3.315046819681732e-05,0.4863818886886037,0.4864570916798899,7.52029912861607e-05,4
Wheat_6,B_Hadamard,2,PM10_within,32.254464285714285,32.254464285714285,0.0,32.254464285714285,32.254464285714285,0.0,4
Wheat_6,B_Hadamard,2,COR_pooled,0.8948841154702987,0.8948835912403874,5.158011720515159e-07,0.8948829546505234,0.8948841154702987,1.1608197753032456e-06,4
Wheat_6,B_Hadamard,3,COR_within,0.4468369153117585,0.4468743150191911,2.738226442234197e-05,0.4468369153117585,0.4468980972732562,6.118196149773603e-05,4
Wheat_6,B_Hadamard,3,PM10_within,31.510416666666668,31.510416666666668,0.0,31.510416666666668,31.510416666666668,0.0,4
Wheat_6,B_Hadamard,3,COR_pooled,0.8854338435011212,0.8854343849792906,7.94701023662998e-07,0.8854336384608539,0.8854353566154564,1.71815460248137e-06,4
Wheat_6,B_Hadamard,4,COR_within,0.401570710015357,0.4015161386692856,0.0001096144841706,0.4014102040544233,0.4016431285913269,0.0002329245369036,4
Wheat_6,B_Hadamard,4,PM10_within,28.348214285714285,28.738839285714285,0.4510548978043951,28.348214285714285,29.129464285714285,0.78125,4
Wheat_6,B_Hadamard,4,COR_pooled,0.8849231985023795,0.8849221642240467,2.147195555452064e-06,0.8849200825368219,0.8849246728290184,4.590292196571255e-06,4
Wheat_6,B_Hadamard,5,COR_within,0.4780111605019915,0.4779758156990588,2.757467078140103e-05,0.4779440271100883,0.4780111605019915,6.713339190322909e-05,4
Wheat_6,B_Hadamard,5,PM10_within,23.549107142857142,23.549107142857142,0.0,23.549107142857142,23.549107142857142,0.0,4
Wheat_6,B_Hadamard,5,COR_pooled,0.8902280249909722,0.8902274704055803,4.579450593837198e-07,0.8902269078792029,0.8902280249909722,1.1171117693109522e-06,4
Wheat_6,F_original_HCP,1,COR_within,0.5904338223205976,0.522490991882752,0.0452952996753378,0.4997686612618659,0.5904338223205976,0.0906651610587316,4
Wheat_6,F_original_HCP,1,PM10_within,36.19791666666667,27.60416666666667,5.729166666666669,24.739583333333336,36.19791666666667,11.458333333333336,4
Wheat_6,F_original_HCP,1,COR_pooled,0.9040207857090669,0.890295357510593,0.0091502866169618,0.8857137469939118,0.9040207857090669,0.018307038715155,4
Wheat_6,F_original_HCP,2,COR_within,0.5242008118501641,0.4958294062458109,0.0189148771279679,0.4861753346603642,0.5242008118501641,0.0380254771897998,4
Wheat_6,F_original_HCP,2,PM10_within,38.504464285714285,33.621651785714285,3.2759754232836262,31.473214285714285,38.504464285714285,7.03125,4
Wheat_6,F_original_HCP,2,COR_pooled,0.9100223205746284,0.8986675375667158,0.0075698557239309,0.8948794744381315,0.9100223205746284,0.0151428461364968,4
Wheat_6,F_original_HCP,3,COR_within,0.5276981410081534,0.4671676078624999,0.0403537321564122,0.4469383814510947,0.5276981410081534,0.0807597595570586,4
Wheat_6,F_original_HCP,3,PM10_within,27.083333333333336,30.403645833333336,2.213541666666666,27.083333333333336,31.510416666666668,4.427083333333332,4
Wheat_6,F_original_HCP,3,COR_pooled,0.9006088584989778,0.8892305684824406,0.0075855269473588,0.8854349749602697,0.9006088584989778,0.015173883538708,4
Wheat_6,F_original_HCP,4,COR_within,0.4950686087522839,0.4252924697991725,0.0465294075750891,0.401197969884208,0.4950686087522839,0.0938706388680759,4
Wheat_6,F_original_HCP,4,PM10_within,32.254464285714285,26.339285714285715,7.339531010557279,15.625,32.254464285714285,16.629464285714285,4
Wheat_6,F_original_HCP,4,COR_pooled,0.9028421332049232,0.8893962502206928,0.0089639236278141,0.8849070623418376,0.9028421332049232,0.0179350708630856,4
Wheat_6,F_original_HCP,5,COR_within,0.5315475430664709,0.4913946172216354,0.0267791498711007,0.4771134146108589,0.5315475430664709,0.054434128455612,4
Wheat_6,F_original_HCP,5,PM10_within,25.892857142857142,25.92075892857143,3.367226527130712,23.549107142857142,30.691964285714285,7.142857142857142,4
Wheat_6,F_original_HCP,5,COR_pooled,0.9109143851958134,0.895373649331404,0.0103606396175927,0.8901150332914087,0.9109143851958134,0.0207993519044046,4
Wheat_6,proposed_full,1,COR_within,0.4818491772526592,0.4812010908223827,0.0015417286958491,0.4788940612204357,0.4821090935677345,0.0032150323472987,4
Wheat_6,proposed_full,1,PM10_within,24.739583333333336,24.739583333333336,0.0,24.739583333333336,24.739583333333336,0.0,4
Wheat_6,proposed_full,1,COR_pooled,0.885492385108768,0.885482736271961,2.239888679385745e-05,0.8854491995595356,0.8854956811982817,4.648163874609868e-05,4
Wheat_6,proposed_full,2,COR_within,0.4864139514090075,0.4863363714209337,0.0001079173657083,0.4861801477595993,0.4864139514090075,0.0002338036494082,4
Wheat_6,proposed_full,2,PM10_within,32.254464285714285,32.059151785714285,0.390625,31.473214285714285,32.254464285714285,0.78125,4
Wheat_6,proposed_full,2,COR_pooled,0.8948835417362753,0.8948823369223681,1.5870455924888024e-06,0.8948801020907731,0.8948835417362753,3.439645502201216e-06,4
Wheat_6,proposed_full,3,COR_within,0.4021811641804591,0.4020917162415239,0.0004465156702818,0.4016203967435535,0.4026667566843007,0.0010463599407471,4
Wheat_6,proposed_full,3,PM10_within,23.177083333333336,23.177083333333336,0.0,23.177083333333336,23.177083333333336,0.0,4
Wheat_6,proposed_full,3,COR_pooled,0.8844797020022211,0.8844797510255299,9.876492336268928e-06,0.8844710806548792,0.884493582883208,2.2502228328780127e-05,4
Wheat_6,proposed_full,4,COR_within,0.4011324066446887,0.4012509101771256,0.0003995677198783,0.4007409447858608,0.401625843513715,0.0008848987278541,4
Wheat_6,proposed_full,4,PM10_within,29.129464285714285,29.129464285714285,0.0,29.129464285714285,29.129464285714285,0.0,4
Wheat_6,proposed_full,4,COR_pooled,0.8847554412386347,0.8847840087636835,5.739086562755908e-05,0.8847440186888695,0.8848688630149323,0.0001248443260627,4
Wheat_6,proposed_full,5,COR_within,0.4780362761418828,0.4783181908150425,0.0002586161646207,0.4780362761418828,0.4786623157022543,0.0006260395603715,4
Wheat_6,proposed_full,5,PM10_within,23.549107142857142,23.549107142857142,0.0,23.549107142857142,23.549107142857142,0.0,4
Wheat_6,proposed_full,5,COR_pooled,0.8901963968878063,0.8902060124150916,6.4910184064511664e-06,0.8901963968878063,0.8902100026547031,1.3605766896795934e-05,4
