dataset,records,environments,product_relative_norm,degenerate_product,product_relative_asymmetry,original_C_delta_median,original_C_delta_max,original_P_delta_median,original_P_delta_max,directional_pairs,proposed_SGE_delta_median,proposed_SGE_delta_max,mask_max_abs_change,reconstruction_delta,CSP_mean_abs_diagonal,proposed_CSP_delta_median,proposed_CSP_delta_max,proposed_PSP_delta_median,proposed_PSP_delta_max,proposed_TSP_delta_median,proposed_TSP_delta_max
EYT_1,3064,4,0.1350879833965285,False,1.0811478166747532,0.7614925922566735,0.7757018647289594,0.7716970928455591,0.7860967788961063,0.0,2.142170525484854e-16,2.1842659069033467e-16,0.0,,,,,,,,
EYT_2,3875,5,0.0895289495011894,False,1.1814199590449017,0.8358796636149413,0.8460746808301295,0.8378882482730822,0.8481077636978324,600625.0,,,0.0,0.0,0.0,3.1232705906181603e-16,3.2982684945139477e-16,3.200961060524453e-16,3.4367218955446716e-16,2.840479152779734e-16,2.9388319390688656e-16
EYT_3,4820,5,0.06839664459899134,False,1.1480519156519715,0.8214893390967267,0.8300569844957114,0.8039042614543781,0.8122885049485749,929296.0,,,0.0,0.0,0.0,3.1353298698326105e-16,3.2769650304778133e-16,3.475634386424572e-16,3.677999775374242e-16,2.895202719214133e-16,2.945821188573335e-16
Indica,981,3,3.575254941572258e-17,True,,,,,,,,,,,,,,,,,
Japonica,1151,5,0.04852682415309353,False,1.3897190956812806,0.8277406473053723,0.8482736901912676,1.2723958423761403,1.3039590602565179,506610.0,,,0.0,0.0,0.0,7.01159528365615e-16,7.337621700846239e-16,9.581442024909919e-16,9.853450447425225e-16,7.487725312689543e-16,7.68481992686227e-16
Wheat_1,1773,2,0.8235742726536811,False,0.4563913765498823,0.2951531698190053,0.3027900167755062,0.369174672338496,0.3787267651538784,614072.0,,,0.0,0.0,0.0,1.959238686697433e-16,2.0210985704277957e-16,2.0194433612105587e-16,2.0776044155630758e-16,1.6709881584627214e-16,1.7030549445107774e-16
Wheat_2,1933,2,0.7920073900208284,False,0.41883655269014675,0.2664869483954204,0.27286661632830544,0.3356354237135847,0.3436704984618932,796852.0,,,0.0,0.0,0.0,1.9445193332149394e-16,2.0231648888719183e-16,1.873200810207792e-16,1.968732982639511e-16,1.694344433014969e-16,1.7293755447482705e-16
Wheat_3,1717,2,0.7798095696720778,False,0.4012775033663111,0.25585954306728687,0.2622048025580339,0.32185864610708037,0.3298406686042943,645516.0,,,0.0,0.0,0.0,1.7722553395092168e-16,1.8534675707720355e-16,1.8868137003504035e-16,1.9610797325431157e-16,1.3630750750807667e-16,1.4006331398634378e-16
Wheat_5,1895,2,0.8229342878940105,False,0.45231639472975166,0.2893466572782687,0.2935465452307041,0.36335209883079445,0.368626181195271,705474.0,,,0.0,0.0,0.0,1.9125529940124583e-16,2.019735188070261e-16,1.9432219708983485e-16,1.9746839671687138e-16,1.6384749813149139e-16,1.7019582708012296e-16
Wheat_6,1400,2,0.949937286946367,False,0.38139021415276725,0.2563520397908843,0.2662879977349271,0.28162339078915927,0.2925388419368171,158224.0,,,0.0,0.0,0.0,1.7443329106395147e-16,1.9122147393702818e-16,3.1857913474548576e-16,3.2430015860949646e-16,1.5664757461570777e-16,1.6043754993055914e-16
