dataset,target_environment,subset,training_records,testing_records,model,kernels_used,degenerate_product,converged,iterations,objective,variance_at_bound,COR_pooled,RMSE_pooled,NRMSE_pooled,PM10_pooled,COR_within,RMSE_within,NRMSE_within,PM10_within,environments_scored,variance_parameters,variance_names,variance_shares
Indica,2012,all,654,327,A_main,E|G,True,True,19,5329.355790151834,False,0.5959087338159841,1766.783657471228,1.392755191983321,18.181818181818183,0.5959087338159841,1766.783657471228,1.392755191983321,18.181818181818183,1,80951.33822|151731.067|647841.08,E|G|residual,0.091935|0.172319|0.735745
Indica,2012,tested_lines,654,327,A_main,E|G,True,True,19,5329.355790151834,False,0.5959087338159841,1766.783657471228,1.392755191983321,18.181818181818183,0.5959087338159841,1766.783657471228,1.392755191983321,18.181818181818183,1,80951.33822|151731.067|647841.08,E|G|residual,0.091935|0.172319|0.735745
Indica,2012,all,654,327,B_Hadamard,E|G|H,True,True,18,5311.727993125103,False,0.6328720811707782,1724.6945432526222,1.359576351944782,21.21212121212121,0.6328720811707782,1724.6945432526222,1.359576351944782,21.21212121212121,1,81050.15046|193514.2408|45002.48149|577199.4181,E|G|H|residual,0.090380|0.215791|0.050183|0.643645
Indica,2012,tested_lines,654,327,B_Hadamard,E|G|H,True,True,18,5311.727993125103,False,0.6328720811707782,1724.6945432526222,1.359576351944782,21.21212121212121,0.6328720811707782,1724.6945432526222,1.359576351944782,21.21212121212121,1,81050.15046|193514.2408|45002.48149|577199.4181,E|G|H|residual,0.090380|0.215791|0.050183|0.643645
Japonica,2013,all,1017,134,A_main,E|G,False,True,11,8221.218030594076,False,0.5389623410446847,1760.797185583119,2.52439233406921,28.571428571428573,0.5389623410446847,1760.797185583119,2.52439233406921,28.571428571428573,1,1390089.012|413120.5892|509569.0935,E|G|residual,0.601047|0.178625|0.220328
Japonica,2013,tested_lines,1017,134,A_main,E|G,False,True,11,8221.218030594076,False,0.5389623410446847,1760.797185583119,2.52439233406921,28.571428571428573,0.5389623410446847,1760.797185583119,2.52439233406921,28.571428571428573,1,1390089.012|413120.5892|509569.0935,E|G|residual,0.601047|0.178625|0.220328
Japonica,2013,all,1017,134,B_Hadamard,E|G|H,False,True,12,8213.022901159113,False,0.5036738649527337,1753.8404724423117,2.5144187417288992,21.428571428571427,0.5036738649527337,1753.8404724423117,2.5144187417288992,21.428571428571427,1,1384584.343|451215.5275|41671.7762|466705.4573,E|G|H|residual,0.590648|0.192484|0.017777|0.199091
Japonica,2013,tested_lines,1017,134,B_Hadamard,E|G|H,False,True,12,8213.022901159113,False,0.5036738649527337,1753.8404724423117,2.5144187417288992,21.428571428571427,0.5036738649527337,1753.8404724423117,2.5144187417288992,21.428571428571427,1,1384584.343|451215.5275|41671.7762|466705.4573,E|G|H|residual,0.590648|0.192484|0.017777|0.199091
Japonica,2013,all,1017,134,C_original_C,E|G|C0,False,True,10,8203.371071651729,False,0.5444744523329111,1785.9021949241107,2.5603844935558504,35.714285714285715,0.5444744523329111,1785.9021949241107,2.5603844935558504,35.714285714285715,1,1232736.788|406035.4962|154035.5781|452079.4588,E|G|C0|residual,0.549131|0.180871|0.068616|0.201382
Japonica,2013,tested_lines,1017,134,C_original_C,E|G|C0,False,True,10,8203.371071651729,False,0.5444744523329111,1785.9021949241107,2.5603844935558504,35.714285714285715,0.5444744523329111,1785.9021949241107,2.5603844935558504,35.714285714285715,1,1232736.788|406035.4962|154035.5781|452079.4588,E|G|C0|residual,0.549131|0.180871|0.068616|0.201382
Japonica,2013,all,1017,134,D_original_P,E|G|P0,False,True,10,8201.832633622944,False,0.5603914492406598,1984.3702192046767,2.84492104504165,21.428571428571427,0.5603914492406598,1984.3702192046767,2.84492104504165,21.428571428571427,1,1204003.358|399213.5824|140044.1692|447766.2465,E|G|P0|residual,0.549515|0.182204|0.063917|0.204364
Japonica,2013,tested_lines,1017,134,D_original_P,E|G|P0,False,True,10,8201.832633622944,False,0.5603914492406598,1984.3702192046767,2.84492104504165,21.428571428571427,0.5603914492406598,1984.3702192046767,2.84492104504165,21.428571428571427,1,1204003.358|399213.5824|140044.1692|447766.2465,E|G|P0|residual,0.549515|0.182204|0.063917|0.204364
Japonica,2013,all,1017,134,E_original_CP,E|G|C0|P0,False,True,12,8178.287026085777,False,0.5662942880283378,1977.3144448652083,2.8348054321821388,35.714285714285715,0.5662942880283378,1977.3144448652083,2.8348054321821388,35.714285714285715,1,1193150.185|352179.9423|216462.0071|190444.2936|370106.4379,E|G|C0|P0|residual,0.513770|0.151649|0.093208|0.082005|0.159368
Japonica,2013,tested_lines,1017,134,E_original_CP,E|G|C0|P0,False,True,12,8178.287026085777,False,0.5662942880283378,1977.3144448652083,2.8348054321821388,35.714285714285715,0.5662942880283378,1977.3144448652083,2.8348054321821388,35.714285714285715,1,1193150.185|352179.9423|216462.0071|190444.2936|370106.4379,E|G|C0|P0|residual,0.513770|0.151649|0.093208|0.082005|0.159368
Japonica,2013,all,1017,134,F_original_HCP,E|G|H|C0|P0,False,True,13,8177.497383624268,False,0.5528153142796309,1956.4731470690162,2.8049260043755018,35.714285714285715,0.5528153142796309,1956.4731470690162,2.8049260043755018,35.714285714285715,1,1206105.007|364820.6085|14137.59844|202052.9863|178533.1146|363350.303,E|G|H|C0|P0|residual,0.517864|0.156643|0.006070|0.086755|0.076657|0.156011
Japonica,2013,tested_lines,1017,134,F_original_HCP,E|G|H|C0|P0,False,True,13,8177.497383624268,False,0.5528153142796309,1956.4731470690162,2.8049260043755018,35.714285714285715,0.5528153142796309,1956.4731470690162,2.8049260043755018,35.714285714285715,1,1206105.007|364820.6085|14137.59844|202052.9863|178533.1146|363350.303,E|G|H|C0|P0|residual,0.517864|0.156643|0.006070|0.086755|0.076657|0.156011
Japonica,2013,all,1017,134,MD_proposed_CPT,E|G|CSP|PSP|TSP,False,True,27,8220.255993458557,False,0.5408443991468224,1786.295854995462,2.5609488700067473,28.571428571428573,0.5408443991468224,1786.295854995462,2.5609488700067473,28.571428571428573,1,1274232.37|417697.3536|27.6172248|61.82199647|14202.74786|505803.8836,E|G|CSP|PSP|TSP|residual,0.576048|0.188830|0.000012|0.000028|0.006421|0.228661
Japonica,2013,tested_lines,1017,134,MD_proposed_CPT,E|G|CSP|PSP|TSP,False,True,27,8220.255993458557,False,0.5408443991468224,1786.295854995462,2.5609488700067473,28.571428571428573,0.5408443991468224,1786.295854995462,2.5609488700067473,28.571428571428573,1,1274232.37|417697.3536|27.6172248|61.82199647|14202.74786|505803.8836,E|G|CSP|PSP|TSP|residual,0.576048|0.188830|0.000012|0.000028|0.006421|0.228661
Japonica,2013,all,1017,134,MHD_proposed_HCPT,E|G|H|CSP|PSP|TSP,False,True,28,8213.022959745278,False,0.503698130753277,1753.790907902847,2.514347682810535,21.428571428571427,0.503698130753277,1753.790907902847,2.514347682810535,21.428571428571427,1,1384180.588|450775.7059|41599.05614|2.598259054|3.143766927|6.547553294|467078.6045,E|G|H|CSP|PSP|TSP|residual,0.590610|0.192339|0.017750|0.000001|0.000001|0.000003|0.199296
Japonica,2013,tested_lines,1017,134,MHD_proposed_HCPT,E|G|H|CSP|PSP|TSP,False,True,28,8213.022959745278,False,0.503698130753277,1753.790907902847,2.514347682810535,21.428571428571427,0.503698130753277,1753.790907902847,2.514347682810535,21.428571428571427,1,1384180.588|450775.7059|41599.05614|2.598259054|3.143766927|6.547553294|467078.6045,E|G|H|CSP|PSP|TSP|residual,0.590610|0.192339|0.017750|0.000001|0.000001|0.000003|0.199296
