dataset,kernel,dimension,minimum_eigenvalue,maximum_eigenvalue,negative_eigenvalues,positive_eigenvalues,zero_eigenvalues,spectral_negativity,relative_psd_projection_change,eigen_tolerance,mean_abs_diagonal,degenerate_product,product_relative_norm
EYT_1,original_C0,3064,-28791.033444694287,74811.68702197417,1576.0,1488.0,0.0,0.4199710065501269,0.40111431963087,5.089773248097648e-08,,,
EYT_1,original_P0,3064,-28413.521344903056,73811.82800621228,1487.0,1577.0,0.0,0.4194018662359001,0.4012218232781725,5.021748372936106e-08,,,
EYT_1,proposed_SGE,3064,-15042.543290578406,69618.13580407522,1.0,1.0,3062.0,0.17768039958385298,0.21119830341558524,4.7364327594154095e-08,23.88599228704387,,
EYT_2,original_C0,3875,-31606.84014875373,69050.11242608473,1915.0,1960.0,0.0,0.4340468122084867,0.4526140228628581,5.941229411800604e-08,,,
EYT_2,original_P0,3875,-31578.420366869443,68867.37242465361,1959.0,1916.0,0.0,0.4337306131663228,0.4539328520283605,5.925506044624668e-08,,,
EYT_2,proposed_CSP,3875,-16305.42679146488,16305.426791464863,1.0,1.0,3873.0,0.5000000000000003,0.7071067811865479,1.4029561693923756e-08,0.0,,
EYT_2,proposed_PSP,3875,-16305.426791464768,16305.42679146477,1.0,1.0,3873.0,0.5,0.7071067811865475,1.402956169392366e-08,0.0,,
EYT_2,proposed_TSP,3875,-17056.935366722162,58694.022527193345,3.0,3.0,3869.0,0.28158732527524294,0.3052578950569333,5.0501677793607195e-08,15.965466992674305,,
EYT_3,original_C0,4820,-31476.499087586675,72780.33388200894,2410.0,2410.0,0.0,0.43250749523949644,0.43593460751711993,7.789351592874707e-08,,,
EYT_3,original_P0,4820,-31975.942264726713,74456.88464040132,2410.0,2410.0,0.0,0.4331392149599899,0.4327581605635565,7.968785275352593e-08,,,
EYT_3,proposed_CSP,4820,-17167.467126099396,17167.467126099444,1.0,1.0,4818.0,0.4999999999999993,0.7071067811865466,1.837356745588699e-08,0.0,,
EYT_3,proposed_PSP,4820,-17167.46712609942,17167.467126099342,1.0,1.0,4818.0,0.5000000000000011,0.7071067811865491,1.8373567455886963e-08,0.0,,
EYT_3,proposed_TSP,4820,-16591.51097826907,63164.27193046549,3.0,3.0,4814.0,0.2679639686059846,0.28343134826291927,6.760187758577533e-08,14.785871152636537,,
Indica,all_matrix_product,981,,,,,,,,,,True,3.575254941572258e-17
Japonica,original_C0,1151,-6328.2003687614515,7094.130579469419,573.0,578.0,0.0,0.47550151484639086,0.6643692589404149,1.813070648497406e-09,,,
Japonica,original_P0,1151,-3602.6035874461923,4370.433889780139,579.0,572.0,0.0,0.4703418504151064,0.6299938998096432,1.116966387634686e-09,,,
Japonica,proposed_CSP,1151,-6052.243712814199,5991.705124432379,4.0,4.0,1143.0,0.5,0.7090446714308688,1.5467921418042304e-09,0.0,,
Japonica,proposed_PSP,1151,-3335.445530439219,3240.487811764662,4.0,4.0,1143.0,0.5000000000000003,0.7107499637414868,8.524509554986939e-10,0.0,,
Japonica,proposed_TSP,1151,-1368.4907175291241,1794.500290516684,5.0,5.0,1141.0,0.3918936577578063,0.5694155655854986,4.5862643336052124e-10,6.03752525613811,,
Wheat_1,original_C0,1773,-253416.64129593267,1868926.6869902122,897.0,876.0,0.0,0.14808482198160158,0.1346783240613929,7.357685607520028e-07,,,
Wheat_1,original_P0,1773,-14676.133498497278,1503423.044700738,875.0,898.0,0.0,0.04902948779438028,0.012604413355008334,5.918752284404879e-07,,,
Wheat_1,proposed_CSP,1773,-860623.1206523877,860623.120652385,1.0,1.0,1771.0,0.5000000000000008,0.7071067811865486,3.388144860042982e-07,0.0,,
Wheat_1,proposed_PSP,1773,-312197.6726062137,312197.672606214,1.0,1.0,1771.0,0.49999999999999983,0.7071067811865472,1.2290756713069615e-07,0.0,,
Wheat_1,proposed_TSP,1773,-382.5688904409612,1428728.06324613,2.0,2.0,1769.0,0.00027927569289311013,0.00026977433056935994,5.624689283524083e-07,911.7128677571753,,
Wheat_2,original_C0,1933,-264648.50650989456,2027881.6943617878,979.0,954.0,0.0,0.14230650457690375,0.12966146953333726,8.703916066113617e-07,,,
Wheat_2,original_P0,1933,-13572.59548327892,1616915.372594099,953.0,980.0,0.0,0.044933545822039886,0.010766062285341682,6.93999838757707e-07,,,
Wheat_2,proposed_CSP,1933,-982757.4724120094,982757.4724120046,1.0,1.0,1931.0,0.5000000000000012,0.7071067811865492,4.218115177528712e-07,0.0,,
Wheat_2,proposed_PSP,1933,-438061.9805849342,438061.98058493086,1.0,1.0,1931.0,0.5000000000000019,0.7071067811865502,1.8802155576273577e-07,0.0,,
Wheat_2,proposed_TSP,1933,-274.8825842822311,1471659.3494741786,2.0,2.0,1929.0,0.0001926583789413383,0.0001882627480812632,6.316541784142843e-07,912.5038951923152,,
Wheat_3,original_C0,1717,-201681.90472333916,1584147.1653198581,854.0,863.0,0.0,0.1414426392411757,0.12658733518305576,6.03957036128077e-07,,,
Wheat_3,original_P0,1717,-11733.267485424789,1263580.2278412208,862.0,855.0,0.0,0.047451326953857655,0.011729886642821544,4.817407031517398e-07,,,
Wheat_3,proposed_CSP,1717,-781292.7602299058,781292.7602299058,1.0,1.0,1715.0,0.5,0.7071067811865476,2.9786832318795493e-07,0.0,,
Wheat_3,proposed_PSP,1717,-374167.1937212682,374167.19372126827,1.0,1.0,1715.0,0.5,0.7071067811865475,1.4265146211376704e-07,0.0,,
Wheat_3,proposed_TSP,1717,-259.16393578079345,1123575.3467757283,2.0,2.0,1713.0,0.00023657085959588974,0.00023238062181388835,4.2836376011077824e-07,805.7967101114479,,
Wheat_5,original_C0,1895,-280479.756006354,2105507.096542328,946.0,949.0,0.0,0.14709203733734486,0.13242033503210232,8.8594375123823e-07,,,
Wheat_5,original_P0,1895,-13605.06211986571,1686545.1929230734,948.0,947.0,0.0,0.04655536383710909,0.01073381743027277,7.096552546912936e-07,,,
Wheat_5,proposed_CSP,1895,-966625.2776232646,966625.277623266,1.0,1.0,1893.0,0.4999999999999996,0.707106781186547,4.067312933333709e-07,0.0,,
Wheat_5,proposed_PSP,1895,-354967.55220590276,354967.55220590404,1.0,1.0,1893.0,0.4999999999999991,0.7071067811865462,1.4936130364300042e-07,0.0,,
Wheat_5,proposed_TSP,1895,-379.35998416924735,1606176.5020101015,2.0,2.0,1891.0,0.00023065951841320275,0.00023545570376279205,6.758381568403898e-07,960.1836537317894,,
Wheat_6,original_C0,1400,-107829.75655574651,1466999.201471703,694.0,706.0,0.0,0.10470066491264529,0.07413693327709217,4.5603496136256894e-07,,,
Wheat_6,original_P0,1400,-10192.84588776123,1338883.3618174887,705.0,695.0,0.0,0.045093090801598734,0.010237088669958878,4.1620855796164683e-07,,,
Wheat_6,proposed_CSP,1400,-418038.48942437716,418038.4894243771,1.0,1.0,1398.0,0.5000000000000001,0.7071067811865476,1.299524677187698e-07,0.0,,
Wheat_6,proposed_PSP,1400,-40623.73112538767,40623.73112538767,1.0,1.0,1398.0,0.5,0.7071067811865476,1.2628392459644363e-08,0.0,,
Wheat_6,proposed_TSP,1400,-267.6470677913904,1342160.1316341283,2.0,2.0,1396.0,0.0001995624750739956,0.00019941702260083163,4.1722718264475924e-07,967.5475729148849,,
