dataset,partition,trait,model,kernels_used,variance_parameters,fixed_effects,converged,iterations,COR_pooled,RMSE_pooled,NRMSE_pooled,PM10_pooled,COR_within,RMSE_within,NRMSE_within,PM10_within,environments_scored
EYT_1,partition_1,GY,B_Hadamard,E|G|H,2.501|0.06934|0.08045|0.1524,5.557,True,15,0.9400257747921462,0.504446919551509,0.34122451890216854,36.36363636363637,0.36000235801774705,0.4976588604529648,0.9355475748604544,33.97435897435897,4
EYT_1,partition_1,GY,F_original,E|G|H|C0|P0,2.431|0.06967|0.07096|0.04567|0.02851|0.1318,5.614,True,24,0.9424206967885487,0.49471394825406717,0.33464081639604376,41.55844155844156,0.4021234750565719,0.4886737144773682,0.9196877768034403,34.61538461538461,4
EYT_1,partition_1,GY,R1_conn_fixed,E|G|H,2.476|0.06952|0.08299|0.1514,5.525|-0.04835|-0.07199|-0.05168|-0.02908,True,15,0.9400350317622398,0.5044085240180183,0.34119854689810714,35.714285714285715,0.360798435480147,0.497610346215124,0.9354290073464654,33.33333333333333,4
EYT_1,partition_1,GY,R2_env_G,E|G|H|G_Bed5IR|G_EHT|G_Flat5IR|G_LHT,2.518|0.06009|0.01345|0.004764|0.06104|0.045|0.008367|0.1309,5.556,True,15,0.9387987728822472,0.50931229429879,0.3445156187048906,34.41558441558441,0.3536986804139678,0.5016338395367053,0.9414919675010024,33.33333333333333,4
EYT_1,partition_1,GY,R3_conn_kernel,E|G|H|CC|CC_E,2.498|0.06935|0.08045|7.07e-07|2.254e-07|0.1524,5.557,True,36,0.940025734827532,0.5044470887854008,0.34122463337754955,36.36363636363637,0.3600018517273565,0.497659058972438,0.9355480073630605,33.97435897435897,4
EYT_1,partition_1,GY,R4_conn_weight,E|G|H|DGD|DGD_E,2.501|0.05381|0.07534|0.01647|0.01637|0.1434,5.537,True,16,0.9402795740462992,0.5033864190941026,0.34050716144720433,37.01298701298701,0.3651314566845998,0.4964564079541799,0.9329995968653786,31.41025641025641,4
EYT_1,partition_2,GY,B_Hadamard,E|G|H,2.549|0.05893|0.07909|0.1623,5.551,True,17,0.9407907368551418,0.5001020231306329,0.3388780063537355,37.01298701298701,0.36061787529433414,0.4942935875839336,0.9366634006053609,33.333333333333336,4
EYT_1,partition_2,GY,F_original,E|G|H|C0|P0,2.456|0.06216|0.06848|0.04623|0.04617|0.1349,5.605,True,20,0.9418471018564847,0.49578333490725024,0.33595158656834506,37.66233766233766,0.3844609068398045,0.4903853060220768,0.9299914888115555,30.12820512820513,4
EYT_1,partition_2,GY,R1_conn_fixed,E|G|H,2.492|0.05832|0.08038|0.1621,5.518|-0.06949|-0.08231|-0.06941|-0.001262,True,16,0.9407400211055338,0.5003086968567723,0.3390180521384763,36.36363636363637,0.3610843036134213,0.49446613607351964,0.9369418774131777,32.69230769230769,4
EYT_1,partition_2,GY,R2_env_G,E|G|H|G_Bed5IR|G_EHT|G_Flat5IR|G_LHT,2.542|0.04365|0.01235|0.00539|0.06687|0.06866|0.004838|0.1306,5.546,True,16,0.9382744482937859,0.5104080167125405,0.3458615305088037,38.311688311688314,0.35111192245844086,0.5032947442015551,0.951688784423451,31.41025641025641,4
EYT_1,partition_2,GY,R3_conn_kernel,E|G|H|CC|CC_E,2.551|0.05891|0.0791|2.942e-06|2.149e-07|0.1623,5.551,True,38,0.9407909432232502,0.5001011792972498,0.3388774345572593,37.01298701298701,0.36062062392052113,0.4942926345449023,0.9366613919332345,33.333333333333336,4
EYT_1,partition_2,GY,R4_conn_weight,E|G|H|DGD|DGD_E,2.556|0.03317|0.0805|0.02349|1.5e-05|0.1608,5.522,True,29,0.9410572592789626,0.49903509558488657,0.3381550373136123,35.064935064935064,0.36312463177343524,0.4931699285548092,0.9344171629798722,31.41025641025641,4
EYT_1,partition_3,GY,B_Hadamard,E|G|H,2.577|0.07467|0.07323|0.1746,5.551,True,14,0.9442385030691317,0.48457361348685285,0.329186021777578,35.714285714285715,0.37812963691724305,0.47773268240339095,0.9310850598324067,30.769230769230774,4
EYT_1,partition_3,GY,F_original,E|G|H|C0|P0,2.49|0.07395|0.06337|0.03798|0.04628|0.1498,5.572,True,20,0.9461666466005185,0.47638619525014725,0.32362405232039576,38.311688311688314,0.41179972677581234,0.4705797269542662,0.9188857584064029,28.205128205128208,4
EYT_1,partition_3,GY,R1_conn_fixed,E|G|H,2.501|0.07493|0.07454|0.174,5.52|-0.07145|-0.04831|-0.1006|0.02246,True,15,0.94414504912636,0.4849745879346139,0.3294584162695998,35.064935064935064,0.3776337153554463,0.47816148926904517,0.9319862198364096,31.410256410256412,4
EYT_1,partition_3,GY,R2_env_G,E|G|H|G_Bed5IR|G_EHT|G_Flat5IR|G_LHT,2.573|0.06998|4.144e-06|2.208e-07|0.04671|0.07772|0.01217|0.1441,5.551,True,40,0.9415194446834302,0.49623445237009556,0.3371075945907211,32.467532467532465,0.368836268028245,0.48837598021838796,0.9509289653695066,29.48717948717949,4
EYT_1,partition_3,GY,R3_conn_kernel,E|G|H|CC|CC_E,2.576|0.07467|0.07324|3.199e-06|2.159e-07|0.1745,5.551,True,34,0.9442384337285865,0.4845739345239277,0.32918623986811074,35.714285714285715,0.37813300234719527,0.4777327832499633,0.931084914722604,30.769230769230774,4
EYT_1,partition_3,GY,R4_conn_weight,E|G|H|DGD|DGD_E,2.583|0.05486|0.07403|0.01687|1.222e-06|0.1736,5.531,True,32,0.9442996315788262,0.4842943297180346,0.3289962955724246,33.76623376623377,0.3792968391993764,0.47739849711681837,0.9303308757558997,28.846153846153847,4
EYT_1,partition_4,GY,B_Hadamard,E|G|H,2.585|0.05196|0.06232|0.1676,5.571,True,13,0.9375930962705713,0.5139965533950681,0.3483334109440555,33.76623376623377,0.37423460238903855,0.5043612774144548,0.9266587809128767,26.282051282051285,4
EYT_1,partition_4,GY,F_original,E|G|H|C0|P0,2.442|0.05136|0.0488|0.04551|0.03649|0.1467,5.649,True,20,0.9397522700372176,0.5052704706150521,0.34241977950262664,33.76623376623377,0.4081881686430915,0.49647119826279246,0.9133449190899023,30.12820512820513,4
EYT_1,partition_4,GY,R1_conn_fixed,E|G|H,2.518|0.05129|0.06287|0.1677,5.534|-0.08597|-0.06989|-0.09807|0.005037,True,14,0.9375387480925479,0.5142290866284317,0.34849099778739207,33.76623376623377,0.3732591894724972,0.504634404908761,0.9272372675200572,26.282051282051285,4
EYT_1,partition_4,GY,R2_env_G,E|G|H|G_Bed5IR|G_EHT|G_Flat5IR|G_LHT,2.574|0.04845|0.007822|0.001588|0.05015|0.03899|0.007476|0.1469,5.568,True,25,0.9366383793993172,0.5178497847062662,0.35094473041092833,31.818181818181817,0.36997481063842275,0.5079029051013106,0.9327791968537873,27.564102564102566,4
EYT_1,partition_4,GY,R3_conn_kernel,E|G|H|CC|CC_E,2.585|0.05164|0.06221|0.0007476|2.15e-07|0.1677,5.563,True,31,0.9376020924661489,0.5139627307655233,0.34831048948312626,33.116883116883116,0.37447196883001677,0.5043204094505852,0.9265707958492271,26.282051282051285,4
EYT_1,partition_4,GY,R4_conn_weight,E|G|H|DGD|DGD_E,2.589|0.03911|0.04823|0.01277|0.03415|0.1542,5.536,True,21,0.9375235584520888,0.5144475659398877,0.34863906034399383,34.41558441558441,0.37302432189212253,0.5048469231878556,0.9276502941736608,28.846153846153847,4
EYT_1,partition_5,GY,B_Hadamard,E|G|H,2.56|0.05217|0.09164|0.1542,5.554,True,14,0.9394208550381492,0.5037679550108468,0.34373502062287525,32.467532467532465,0.3763833072868303,0.49368947976422106,0.926936182354432,33.333333333333336,4
EYT_1,partition_5,GY,F_original,E|G|H|C0|P0,2.502|0.0497|0.07331|0.03215|0.05584|0.1344,5.572,True,18,0.9412502622696156,0.4961382649755718,0.3385290688835175,35.714285714285715,0.40317121773779463,0.48720193851778804,0.9164822439108368,32.05128205128205,4
EYT_1,partition_5,GY,R1_conn_fixed,E|G|H,2.528|0.05253|0.09421|0.1532,5.536|-0.04854|-0.007938|-0.06397|0.0009394,True,14,0.939428919265013,0.5037558890222706,0.34372678766007797,31.818181818181817,0.3770375238904755,0.4936493835984385,0.9268139320103408,33.33333333333333,4
EYT_1,partition_5,GY,R2_env_G,E|G|H|G_Bed5IR|G_EHT|G_Flat5IR|G_LHT,2.559|0.0443|0.01104|0.003131|0.04967|0.0646|0.009177|0.1357,5.552,True,24,0.937335723686806,0.5121335217672329,0.34944308171117233,31.16883116883117,0.3661183402186781,0.5012233531501382,0.940028034118902,32.69230769230769,4
EYT_1,partition_5,GY,R3_conn_kernel,E|G|H|CC|CC_E,2.562|0.05213|0.09165|2.302e-07|2.178e-07|0.1542,5.554,True,37,0.939421027419278,0.5037671989992601,0.34373450477494216,32.467532467532465,0.37638634825220096,0.4936886003768652,0.9269342973308691,33.333333333333336,4
EYT_1,partition_5,GY,R4_conn_weight,E|G|H|DGD|DGD_E,2.579|0.03957|0.08229|0.01101|0.01415|0.1498,5.532,True,24,0.9397879626324324,0.5021476090485651,0.34262941307634304,33.116883116883116,0.3824358089204335,0.4921263232654979,0.9240408895228928,33.97435897435898,4
Japonica,partition_1,GY,B_Hadamard,E|G|H,1.246e+06|2.507e+05|2.162e+04|4.266e+05,8750,True,11,0.835542161396151,813.8179542950194,0.5531214065643252,55.172413793103445,0.32731449099740895,792.0772981505303,0.9415766307460316,34.48809523809524,5
Japonica,partition_1,GY,F_original,E|G|H|C0|P0,1.147e+06|2.306e+05|3490|7.839e+04|1.247e+05|3.587e+05,8779,True,17,0.8465996119073429,786.5150969633557,0.5345646829496477,55.172413793103445,0.38024709767829956,774.7896507205556,0.9239602810176667,30.571428571428573,5
Japonica,partition_1,GY,R1_conn_fixed,E|G|H,1.243e+06|2.394e+05|2.002e+04|4.301e+05,8753|-4.301|-84.61|-132.3|-51.1|-54.44,True,13,0.8337518152848964,818.2584212067737,0.5561394246494135,51.724137931034484,0.3167845602537557,795.7577657279569,0.9457496793569955,31.904761904761905,5
Japonica,partition_1,GY,R2_env_G,E|G|H|G_2009|G_2010|G_2011|G_2012|G_2013,1.237e+06|2.421e+05|4.291|7356|1.619e+04|1.472e+04|1.261|0.467|4.184e+05,8763,True,26,0.8348706672614257,815.8866747720713,0.5545274379427391,53.44827586206897,0.3317024888147851,793.0970844666174,0.9425899708612482,29.130952380952387,5
Japonica,partition_1,GY,R3_conn_kernel,E|G|H|CC|CC_E,1.246e+06|2.432e+05|2.16e+04|4374|0.2892|4.263e+05,8751,True,35,0.8341005731917247,817.3514644722303,0.5555230003225033,53.44827586206897,0.3166609940963968,796.8933931018718,0.9475835523485394,27.904761904761905,5
Japonica,partition_1,GY,R4_conn_weight,E|G|H|DGD|DGD_E,1.246e+06|2.425e+05|2.233e+04|2.143e+04|1.581|4.2e+05,8756,True,27,0.8333914664612918,819.2448982149698,0.5568098959107528,53.44827586206897,0.31264566549748096,799.3455952997854,0.9508133213456205,37.345238095238095,5
Japonica,partition_2,GY,B_Hadamard,E|G|H,1.18e+06|3.258e+05|4.008e+04|4.697e+05,8771,True,14,0.8597847843617867,760.4193534340856,0.5124313533035855,57.89473684210526,0.39364230748591866,750.8693682192494,0.9158831429307093,33.75,5
Japonica,partition_2,GY,F_original,E|G|H|C0|P0,1.11e+06|3.117e+05|1.173e+04|1.751e+05|1.474e+05|3.763e+05,8782,True,13,0.8711595830631459,731.326203226915,0.4928260627948699,56.14035087719298,0.429876315161284,733.8148031873483,0.8983147752846037,39.00000000000001,5
Japonica,partition_2,GY,R1_conn_fixed,E|G|H,1.178e+06|3.245e+05|3.971e+04|4.725e+05,8773|57.28|-35.29|-98.86|-58.39|-21.41,True,15,0.8594442548916785,761.1912729070449,0.5129515343568208,56.14035087719298,0.3952591003971461,750.847362529817,0.9157974491821246,36.5,5
Japonica,partition_2,GY,R2_env_G,E|G|H|G_2009|G_2010|G_2011|G_2012|G_2013,1.18e+06|3.076e+05|315|52.91|3.16e+04|3.118e+04|194.8|12.04|4.639e+05,8778,True,23,0.859704217521761,760.6895850046167,0.5126134569399109,56.14035087719298,0.40797426162672934,749.6228576388041,0.9144594830170452,33.91666666666667,5
Japonica,partition_2,GY,R3_conn_kernel,E|G|H|CC|CC_E,1.187e+06|3.249e+05|4.016e+04|31.4|0.215|4.699e+05,8771,True,27,0.8597797380433138,760.4335126451216,0.5124408949119627,57.89473684210526,0.3935001889240223,750.9077435293508,0.9159320583179766,33.75,5
Japonica,partition_2,GY,R4_conn_weight,E|G|H|DGD|DGD_E,1.179e+06|2.803e+05|4.078e+04|2.526e+04|156.1|4.672e+05,8747,True,22,0.8578740387079165,764.926735924296,0.5154687879754999,56.14035087719298,0.3759559395320539,756.5081414748308,0.922968604001784,31.166666666666668,5
Japonica,partition_3,GY,B_Hadamard,E|G|H,1.229e+06|4.253e+05|1.656e+04|4.606e+05,8685,True,13,0.8510823860543315,768.6303893099958,0.5277450072677204,47.45762711864407,0.3419933737178268,760.479402544448,0.9760198595848457,27.440476190476193,5
Japonica,partition_3,GY,F_original,E|G|H|C0|P0,1.142e+06|4.469e+05|1.019e+04|8.983e+04|1.788e+05|3.567e+05,8711,True,15,0.8608804115854773,747.6480559421931,0.5133384448552905,54.23728813559322,0.41936414008119255,739.9440171403663,0.951569742944805,32.38095238095239,5
Japonica,partition_3,GY,R1_conn_fixed,E|G|H,1.224e+06|4.29e+05|1.203e+04|4.651e+05,8687|-32.34|-57.26|-111.1|19.84|15.74,True,14,0.8499972747068404,771.1373886575259,0.5294663240505113,49.152542372881356,0.3376060793471739,762.6797359802463,0.9790250337458101,27.797619047619047,5
Japonica,partition_3,GY,R2_env_G,E|G|H|G_2009|G_2010|G_2011|G_2012|G_2013,1.237e+06|4.193e+05|16.11|8.472|4.4e+04|9360|8451|1.136|4.359e+05,8685,True,26,0.8513847896573871,768.7130559410131,0.5278017665403093,47.45762711864407,0.3376463064169193,760.9789427867643,0.9766570423311857,27.440476190476193,5
Japonica,partition_3,GY,R3_conn_kernel,E|G|H|CC|CC_E,1.221e+06|4.127e+05|0.3314|0.5939|0.3955|4.782e+05,8690,True,27,0.8487731883148005,774.1392776514763,0.5315274342420448,49.152542372881356,0.33170423251011094,766.2958654019653,0.9839936640125929,28.690476190476193,5
Japonica,partition_3,GY,R4_conn_weight,E|G|H|DGD|DGD_E,1.236e+06|4.121e+05|1.884e+04|2.573e+04|0.4148|4.522e+05,8674,True,29,0.8498778280158701,772.2173079121477,0.5302078013623707,47.45762711864407,0.33492873138860535,764.6378746267834,0.981890555425261,28.690476190476193,5
Japonica,partition_4,GY,B_Hadamard,E|G|H,1.228e+06|2.59e+05|1.159e+04|4.617e+05,8751,True,12,0.8373412056683653,812.5629017497046,0.5503212972183004,52.54237288135593,0.31738463065915123,800.0988197738498,0.9484965479372842,23.607142857142858,5
Japonica,partition_4,GY,F_original,E|G|H|C0|P0,1.171e+06|2.305e+05|2.933|1.729e+05|1.101e+05|3.697e+05,8735,True,23,0.8514691015945557,780.2516391256707,0.5284379748026078,52.54237288135593,0.3918134418052469,773.9040055543321,0.9207000958673884,33.904761904761905,5
Japonica,partition_4,GY,R1_conn_fixed,E|G|H,1.222e+06|2.429e+05|5757|4.632e+05,8752|37.07|-214.6|-143.8|-107.3|-64.37,True,14,0.8270283871948789,836.8661906602667,0.5667810906092267,44.067796610169495,0.2759811547777234,818.3765696328285,0.9692484882891053,19.69047619047619,5
Japonica,partition_4,GY,R2_env_G,E|G|H|G_2009|G_2010|G_2011|G_2012|G_2013,1.226e+06|2.421e+05|4.642|0.7065|2.289e+04|7687|0.4167|0.2159|4.533e+05,8752,True,33,0.8369987447828986,813.0697000433072,0.5506645345156995,52.54237288135593,0.31209155363296587,801.1291612276888,0.9497041396536094,26.190476190476193,5
Japonica,partition_4,GY,R3_conn_kernel,E|G|H|CC|CC_E,1.225e+06|2.436e+05|7891|9583|2459|4.599e+05,8751,True,30,0.8295508906145693,830.8378432897509,0.5626982953722289,47.45762711864407,0.28106924966181024,815.6204264383462,0.9665260937859046,19.69047619047619,5
Japonica,partition_4,GY,R4_conn_weight,E|G|H|DGD|DGD_E,1.234e+06|2.6e+05|7420|10.2|3313|4.619e+05,8748,True,26,0.8370441770419296,813.3980710117969,0.5508869290367377,52.54237288135593,0.3156020036395506,800.668748139258,0.9490178748463783,24.940476190476193,5
Japonica,partition_5,GY,B_Hadamard,E|G|H,1.246e+06|2.654e+05|4.185e+04|4.768e+05,8777,True,11,0.8407862915554771,792.3571697914375,0.5475112673874992,48.275862068965516,0.3046275135156537,763.9060177379185,0.9606811208940756,28.714285714285715,5
Japonica,partition_5,GY,F_original,E|G|H|C0|P0,1.202e+06|2.232e+05|9888|2.333e+05|1.825e+05|3.613e+05,8813,True,16,0.8549267326829524,763.0349844268529,0.5272499162145672,55.172413793103445,0.381412758142342,747.9441836417597,0.9440153856845768,32.54761904761905,5
Japonica,partition_5,GY,R1_conn_fixed,E|G|H,1.247e+06|2.681e+05|3.694e+04|4.8e+05,8778|110.8|-97.85|-97.29|-35.43|-33.05,True,11,0.8386424906269618,798.3786443582113,0.5516720490365928,46.55172413793103,0.292128952782734,769.565082660653,0.9682097776170437,29.964285714285715,5
Japonica,partition_5,GY,R2_env_G,E|G|H|G_2009|G_2010|G_2011|G_2012|G_2013,1.249e+06|2.495e+05|2.424e+04|3675|2.178e+04|252.6|39.06|1155|4.759e+05,8778,True,39,0.839868682482673,794.7711886086373,0.5491793314279246,50.0,0.30640107185072885,764.6094947878506,0.9610601578434071,28.714285714285715,5
Japonica,partition_5,GY,R3_conn_kernel,E|G|H|CC|CC_E,1.246e+06|2.647e+05|4.185e+04|376.3|0.6622|4.767e+05,8777,True,23,0.8405683079342215,792.9463461803122,0.5479183826679384,50.0,0.30252377612803993,764.7408878779254,0.9618261811294644,28.714285714285715,5
Japonica,partition_5,GY,R4_conn_weight,E|G|H|DGD|DGD_E,1.25e+06|2.589e+05|3.737e+04|3664|3992|4.763e+05,8773,True,22,0.8406756073534295,792.6581869974276,0.5477192674135487,50.0,0.30226693502230134,764.0600149648293,0.960767389204792,28.714285714285715,5
Wheat_1,partition_1,GY,B_Hadamard,E|G|H,1.005|0.5092|0.09725|0.1006,5.931,True,18,0.8803014866895371,0.371718225881493,0.475571597651221,36.36363636363637,0.4894060959362569,0.3718351836749406,0.8729263444027006,38.79598662207358,2
Wheat_1,partition_1,GY,F_original,E|G|H|C0|P0,0.942|0.3768|0.1206|0.7786|0.3538|0.07057,5.812,True,19,0.8934967631146311,0.3510203098294421,0.4490909455885405,43.18181818181818,0.5635087871157229,0.3531568563619572,0.8288378700025938,42.50836120401338,2
Wheat_1,partition_1,GY,R1_conn_fixed,E|G|H,1.106|0.5095|0.1057|0.09979,6.45|0.06136|0.05157,True,19,0.8805720221146384,0.37131560165166444,0.47505648530294003,37.5,0.48963877683410195,0.3717745294135174,0.8727439434470405,38.79598662207358,2
Wheat_1,partition_1,GY,R2_env_G,E|G|H|G_YT_13_14|G_YT_14_15,1.02|0.514|0.03518|0.0317|0.02212|0.1009,5.938,True,25,0.8803433269785157,0.37165227911582593,0.4754872261931526,35.22727272727273,0.4896269258976168,0.37169513864004633,0.8726062193596524,38.79598662207358,2
Wheat_1,partition_1,GY,R3_conn_kernel,E|G|H|CC|CC_E,1.022|0.5067|0.09755|0.001574|6.325e-08|0.1006,6.176,True,41,0.8804042668600123,0.37156961032646435,0.47538146078942684,36.36363636363637,0.48914566269257354,0.37191264776125343,0.8730817689685058,38.02675585284281,2
Wheat_1,partition_1,GY,R4_conn_weight,E|G|H|DGD|DGD_E,1.02|0.3706|0.09734|0.139|3.726e-05|0.1006,5.922,True,40,0.880336267818811,0.3716716023091491,0.4755119480423399,36.36363636363637,0.48925553561929874,0.3718819268161575,0.8730251708110777,38.02675585284281,2
Wheat_1,partition_2,GY,B_Hadamard,E|G|H,0.7389|0.6563|0.1499|0.06875,5.884,True,18,0.8702128495823649,0.39273306237521177,0.49371108982721357,37.07865168539326,0.46450063805917385,0.38734862714264306,0.8871637875418471,38.52564102564102,2
Wheat_1,partition_2,GY,F_original,E|G|H|C0|P0,0.8257|0.5507|0.1562|0.5247|0.3009|0.04865,5.859,True,22,0.8867451033323462,0.36817732436963,0.4628416741000887,41.57303370786517,0.5422494120092538,0.3678702996762749,0.842491158347437,42.371794871794876,2
Wheat_1,partition_2,GY,R1_conn_fixed,E|G|H,1.079|0.6602|0.1599|0.06754,6.444|0.07086|0.0306,True,19,0.870164146766162,0.3928739581734684,0.4938882122158626,37.07865168539326,0.46504132635218065,0.38741844725471863,0.8873245625968695,39.294871794871796,2
Wheat_1,partition_2,GY,R2_env_G,E|G|H|G_YT_13_14|G_YT_14_15,0.7729|0.6725|0.04661|0.04395|0.04066|0.069,5.904,True,27,0.8702500982848032,0.3926848180869397,0.49365044115150325,37.07865168539326,0.46387360386169507,0.38755149852077786,0.8876253053248759,38.52564102564102,2
Wheat_1,partition_2,GY,R3_conn_kernel,E|G|H|CC|CC_E,0.799|0.6564|0.1492|0.0007739|0.0001385|0.06873,6.049,True,30,0.8702567357006794,0.3926901662438402,0.4936571644061127,37.07865168539326,0.46476506612066326,0.3873149116042367,0.8870864599431885,39.294871794871796,2
Wheat_1,partition_2,GY,R4_conn_weight,E|G|H|DGD|DGD_E,0.7382|0.6562|0.1484|0.0001012|0.001573|0.06874,5.885,True,42,0.8702134910777204,0.39273232722714124,0.4937101656606744,37.07865168539326,0.46450492365833473,0.38734816348246826,0.8871627223358652,38.52564102564102,2
Wheat_1,partition_3,GY,B_Hadamard,E|G|H,1.04|0.6315|0.07133|0.08539,6.055,True,18,0.8765134853706076,0.38669450768920743,0.4848254847356336,35.16483516483517,0.42746830346152964,0.3817964187029372,0.9129884105581667,33.07692307692308,2
Wheat_1,partition_3,GY,F_original,E|G|H|C0|P0,1.051|0.4565|0.1087|0.6981|0.2539|0.06411,6.111,True,23,0.8930701790233622,0.36141354580866153,0.453129005073787,39.56043956043956,0.5185194728559597,0.3612130659343727,0.863828451210525,36.15384615384615,2
Wheat_1,partition_3,GY,R1_conn_fixed,E|G|H,1.176|0.6335|0.07316|0.0852,6.43|0.04649|0.02494,True,26,0.876722574607739,0.38644158683143986,0.484508380471082,34.065934065934066,0.4280076517799435,0.3817893584674671,0.9129748287740627,31.53846153846154,2
Wheat_1,partition_3,GY,R2_env_G,E|G|H|G_YT_13_14|G_YT_14_15,1.074|0.6601|0.002921|0.001689|0.03966|0.08519,6.078,True,39,0.8765101935131892,0.38674400957898325,0.48488754865748573,35.16483516483517,0.42637225238073007,0.38218676252434414,0.9139264862962864,33.07692307692308,2
Wheat_1,partition_3,GY,R3_conn_kernel,E|G|H|CC|CC_E,1.04|0.6314|0.07135|6.022e-07|6.073e-08|0.08539,6.055,True,51,0.8765138478438714,0.3866939701046513,0.48482481072892325,35.16483516483517,0.4274714590990172,0.381795611634304,0.9129864768634341,33.07692307692308,2
Wheat_1,partition_3,GY,R4_conn_weight,E|G|H|DGD|DGD_E,1.055|0.6313|0.07083|0.0001004|0.0004427|0.08539,6.055,True,37,0.876513382660984,0.3866947915659902,0.4848258406514691,35.16483516483517,0.42746151177875136,0.38179786745390665,0.9129918908289756,33.07692307692308,2
Wheat_1,partition_4,GY,B_Hadamard,E|G|H,0.8458|0.7077|0.08447|0.07858,5.638,True,18,0.8766880867909833,0.38639763369154306,0.482791647298523,25.84269662921348,0.4412286175761757,0.38398683097712444,0.9041999445926987,24.26282051282051,2
Wheat_1,partition_4,GY,F_original,E|G|H|C0|P0,0.642|0.519|0.1181|0.6239|0.3384|0.05661,5.849,True,24,0.8863149192421861,0.3705628848952804,0.4630066284751189,28.089887640449437,0.48490482497723253,0.37313774719974885,0.8786151024153053,22.179487179487182,2
Wheat_1,partition_4,GY,R1_conn_fixed,E|G|H,1.119|0.7085|0.08388|0.07821,6.477|0.09459|0.05648,True,17,0.8760852370218425,0.3872174257676561,0.483815951622252,26.96629213483146,0.4388751282553074,0.38460733874001174,0.9056625625257726,25.576923076923077,2
Wheat_1,partition_4,GY,R2_env_G,E|G|H|G_YT_13_14|G_YT_14_15,0.9335|0.7345|0.01105|0.007784|0.03855|0.0788,5.657,True,21,0.8765234243144593,0.3865594164019719,0.48299378968880147,25.84269662921348,0.4388735200467375,0.38433741337286614,0.9050240493792185,26.346153846153847,2
Wheat_1,partition_4,GY,R3_conn_kernel,E|G|H|CC|CC_E,0.9457|0.7051|0.08027|0.004359|0.0002225|0.07877,6.211,True,42,0.8763700037816754,0.3868157864286855,0.4833141159452864,26.96629213483146,0.43949086633108997,0.38435868597972656,0.9050759069694099,27.115384615384613,2
Wheat_1,partition_4,GY,R4_conn_weight,E|G|H|DGD|DGD_E,0.8041|0.4452|0.0457|0.2624|0.0383|0.07866,5.68,True,23,0.8765718779221757,0.3865440473698239,0.4829745865682305,26.96629213483146,0.4405699300487792,0.38411986082689414,0.9045132932682085,24.26282051282051,2
Wheat_1,partition_5,GY,B_Hadamard,E|G|H,0.7651|0.4913|0.116|0.08574,6.003,True,20,0.8762105197839815,0.3970014293778602,0.48355401543722826,33.69565217391305,0.47354526753240145,0.39610015051096725,0.8856227302796106,31.737891737891736,2
Wheat_1,partition_5,GY,F_original,E|G|H|C0|P0,0.7992|0.3913|0.1324|0.5215|0.4614|0.05843,6.141,True,21,0.8899386335940112,0.3756125952932607,0.45750207747988464,34.78260869565217,0.545468050236487,0.378653088791991,0.846023027114294,29.88603988603989,2
Wheat_1,partition_5,GY,R1_conn_fixed,E|G|H,1.085|0.5015|0.1164|0.08489,6.449|0.06306|0.01881,True,17,0.8762078281553197,0.3970545341595237,0.4836186979005951,33.69565217391305,0.4737478045100355,0.3960785596790367,0.885585501383773,33.58974358974359,2
Wheat_1,partition_5,GY,R2_env_G,E|G|H|G_YT_13_14|G_YT_14_15,0.7617|0.4889|0.03904|0.06239|0.01734|0.08571,5.999,True,27,0.8761618085967022,0.39706933253539733,0.4836367225562918,33.69565217391305,0.47346522641370237,0.39619761411418963,0.8858362413463466,31.737891737891736,2
Wheat_1,partition_5,GY,R3_conn_kernel,E|G|H|CC|CC_E,0.8774|0.4932|0.1127|0.000191|0.000428|0.08578,6.106,True,41,0.8762359389386501,0.39698394671424947,0.4835327212766436,33.69565217391305,0.4736429433005447,0.3961141063091664,0.8856492803301043,33.58974358974359,2
Wheat_1,partition_5,GY,R4_conn_weight,E|G|H|DGD|DGD_E,0.7006|0.493|0.04308|7.424e-08|0.07309|0.08565,6.024,True,51,0.8762318821725806,0.39698215927459235,0.48353054414689145,33.69565217391305,0.47362505483172146,0.39610858098241003,0.8856374811146972,33.58974358974359,2
