dataset,trait,model,metric,reference,partitions,mean_difference,sd_difference,se_difference,partitions_better
EYT_1,GY,A_main,COR_within,B_Hadamard,5,-0.0928651965417474,0.0124117082261241,0.0055506846621013,0
EYT_1,GY,A_main,PM10_within,B_Hadamard,5,-8.076923076923077,3.992926026255753,1.7856908047671949,0
EYT_1,GY,A_main,COR_pooled,B_Hadamard,5,-0.0032943168717594,0.0004316701223251,0.0001930487474749,0
EYT_1,GY,F_original,COR_within,B_Hadamard,5,0.0320758096871786,0.007118230654491,0.0031833695245929,5
EYT_1,GY,F_original,PM10_within,B_Hadamard,5,-0.5128205128205131,2.845171925791301,1.2723995667486674,2
EYT_1,GY,F_original,COR_pooled,B_Hadamard,5,0.0018736397534856,0.000506449278101,0.0002264910025979,5
EYT_1,GY,M_masks,COR_within,B_Hadamard,5,5.190088148000482e-05,0.0001042871218916,4.663861874552804e-05,3
EYT_1,GY,M_masks,PM10_within,B_Hadamard,5,0.128205128205127,0.2866753817307396,0.128205128205127,1
EYT_1,GY,M_masks,COR_pooled,B_Hadamard,5,1.7232801295730126e-06,4.102169365496979e-06,1.834545911293685e-06,2
EYT_1,GY,V1_spectral,COR_within,B_Hadamard,5,4.627935611778433e-06,5.092616628712428e-06,2.277487393029359e-06,4
EYT_1,GY,V1_spectral,PM10_within,B_Hadamard,5,0.0,0.0,0.0,0
EYT_1,GY,V1_spectral,COR_pooled,B_Hadamard,5,3.944572349423581e-07,6.435249770739062e-07,2.877931187912496e-07,4
EYT_1,GY,V2_CGE,COR_within,B_Hadamard,5,2.3836897333762157e-08,1.5873113084371177e-07,7.098671974239061e-08,2
EYT_1,GY,V2_CGE,PM10_within,B_Hadamard,5,0.0,0.0,0.0,0
EYT_1,GY,V2_CGE,COR_pooled,B_Hadamard,5,1.4794954128483084e-08,2.3380823354710772e-08,1.045622207820959e-08,4
EYT_1,GY,V4_CRN,COR_within,B_Hadamard,5,-5.554222423431732e-07,2.6542105440811018e-06,1.1869990406324091e-06,2
EYT_1,GY,V4_CRN,PM10_within,B_Hadamard,5,0.0,0.0,0.0,0
EYT_1,GY,V4_CRN,COR_pooled,B_Hadamard,5,1.510396243631362e-08,3.3302916036078805e-07,1.489351682112801e-07,2
Wheat_1,GY,A_main,COR_within,B_Hadamard,5,-0.0165564218907647,0.0014390068005962,0.0006435434052435,0
Wheat_1,GY,A_main,PM10_within,B_Hadamard,5,-0.7285395763656609,3.5248672539580586,1.5763685583026463,3
Wheat_1,GY,A_main,COR_pooled,B_Hadamard,5,-0.0011395605495146,0.0006182904863799,0.0002765079114773,0
Wheat_1,GY,F_original,COR_within,B_Hadamard,5,0.0716995194322044,0.0173354237898369,0.0077526372025684,5
Wheat_1,GY,F_original,PM10_within,B_Hadamard,5,1.3400532639663112,3.0345098193064737,1.3570740468719755,3
Wheat_1,GY,F_original,COR_pooled,B_Hadamard,5,0.0139275560698064,0.0028620466972562,0.0012799461939687,5
Wheat_1,GY,M_masks,COR_within,B_Hadamard,5,-0.0005540272101681,0.0016148456116562,0.0007221809121661,2
Wheat_1,GY,M_masks,PM10_within,B_Hadamard,5,1.2987427226557655,0.8124750763960433,0.3633499001691775,4
Wheat_1,GY,M_masks,COR_pooled,B_Hadamard,5,-2.4454942674223545e-06,0.0001361481701299,6.088731268456151e-05,3
Wheat_1,GY,V1_spectral,COR_within,B_Hadamard,5,0.0038858697584906,0.0061108243819412,0.0027328437433167,4
Wheat_1,GY,V1_spectral,PM10_within,B_Hadamard,5,0.6708472686733572,2.0793907953228707,0.929931834025858,1
Wheat_1,GY,V1_spectral,COR_pooled,B_Hadamard,5,0.0004793445457005,0.0013282832877871,0.0005940263449737,4
Wheat_1,GY,V2_CGE,COR_within,B_Hadamard,5,-0.0001319677497008,0.0002774264059581,0.0001240688604951,2
Wheat_1,GY,V2_CGE,PM10_within,B_Hadamard,5,-0.1538461538461547,0.3440104580768927,0.1538461538461547,0
Wheat_1,GY,V2_CGE,COR_pooled,B_Hadamard,5,-1.0244373836520991e-05,2.591628430068893e-05,1.1590114684110211e-05,1
Wheat_1,GY,V3_CGE_dir,COR_within,B_Hadamard,5,-0.0046452549467522,0.0105690447776144,0.004726620515997,2
Wheat_1,GY,V3_CGE_dir,PM10_within,B_Hadamard,5,-0.3902204880465731,3.6019409347728315,1.6108369562182374,3
Wheat_1,GY,V3_CGE_dir,COR_pooled,B_Hadamard,5,-0.0010431172330869,0.0021614693724522,0.0009666384896174,2
Wheat_1,GY,V4_CRN,COR_within,B_Hadamard,5,-0.0007225229546237,0.0012678960496317,0.0005670203510759,2
Wheat_1,GY,V4_CRN,PM10_within,B_Hadamard,5,1.171652421652422,1.3432631121668632,0.6007255260946062,4
Wheat_1,GY,V4_CRN,COR_pooled,B_Hadamard,5,-8.037543667849256e-05,0.0001893492614871,8.467956403494381e-05,2
Wheat_1,GY,V5_CRN_dir,COR_within,B_Hadamard,5,-0.0004628453226064,0.0006989027812173,0.0003125588256931,2
Wheat_1,GY,V5_CRN_dir,PM10_within,B_Hadamard,5,0.9408831908831928,0.991847158195708,0.4435675338031181,3
Wheat_1,GY,V5_CRN_dir,COR_pooled,B_Hadamard,5,-6.175762124027706e-05,6.729400177885528e-05,3.0094792491102435e-05,2
Indica,GY,A_main,COR_within,B_Hadamard,5,-0.0185212618582137,0.0128708644702175,0.0057560255769186,0
Indica,GY,A_main,PM10_within,B_Hadamard,5,-3.137254901960783,5.113099925649137,2.286647801900118,1
Indica,GY,A_main,COR_pooled,B_Hadamard,5,-0.0440902774519408,0.0073985586833521,0.0033087360302993,0
Japonica,GY,A_main,COR_within,B_Hadamard,5,-0.0090581054642473,0.0047060144414467,0.0021045936388341,0
Japonica,GY,A_main,PM10_within,B_Hadamard,5,-0.8880952380952379,4.358911948948362,1.9493646851569255,2
Japonica,GY,A_main,COR_pooled,B_Hadamard,5,-0.0022036221225326,0.0003768904809444,0.0001685505470928,0
Japonica,GY,F_original,COR_within,B_Hadamard,5,0.0635545244559145,0.0183273380953486,0.0081962347655642,5
Japonica,GY,F_original,PM10_within,B_Hadamard,5,4.080952380952383,5.117998231309935,2.288838390786541,4
Japonica,GY,F_original,COR_pooled,B_Hadamard,5,0.0121010523383327,0.001950288858797,0.0008721956928061,5
Japonica,GY,M_masks,COR_within,B_Hadamard,5,-0.0037694377754345,0.0041267660359424,0.0018455458767209,2
Japonica,GY,M_masks,PM10_within,B_Hadamard,5,-0.8,1.7888543819998322,0.8000000000000002,0
Japonica,GY,M_masks,COR_pooled,B_Hadamard,5,-0.0006514887063592,0.0008076122204126,0.0003611751648604,2
Japonica,GY,V1_spectral,COR_within,B_Hadamard,5,-0.0031942088879382,0.023301173424996,0.0104206015467605,2
Japonica,GY,V1_spectral,PM10_within,B_Hadamard,5,1.1595238095238103,4.258682940239568,1.9045409097988697,2
Japonica,GY,V1_spectral,COR_pooled,B_Hadamard,5,0.0004966858963291,0.0024286191752693,0.0010861115134723,2
Japonica,GY,V2_CGE,COR_within,B_Hadamard,5,-3.3345970118503486e-08,1.0529307396391338e-07,4.7088494188644716e-08,1
Japonica,GY,V2_CGE,PM10_within,B_Hadamard,5,0.0,0.0,0.0,0
Japonica,GY,V2_CGE,COR_pooled,B_Hadamard,5,-1.0717390730441424e-08,1.5730509556319778e-08,7.034897737728216e-09,1
Japonica,GY,V3_CGE_dir,COR_within,B_Hadamard,5,-4.637631343062942e-07,6.30864099528763e-07,2.8213100222210144e-07,1
Japonica,GY,V3_CGE_dir,PM10_within,B_Hadamard,5,0.0,0.0,0.0,0
Japonica,GY,V3_CGE_dir,COR_pooled,B_Hadamard,5,-6.892116930501401e-08,7.392738471876807e-08,3.3061331525988915e-08,1
Japonica,GY,V4_CRN,COR_within,B_Hadamard,5,-0.0010256374354889,0.0019987695822428,0.0008938769314507,1
Japonica,GY,V4_CRN,PM10_within,B_Hadamard,5,0.25,0.5590169943749475,0.25,1
Japonica,GY,V4_CRN,COR_pooled,B_Hadamard,5,-0.0001164360996001,0.0002058350878268,9.205224970707544e-05,1
Japonica,GY,V5_CRN_dir,COR_within,B_Hadamard,5,-0.0013320331492428,0.0030763280511447,0.0013757757286898,2
Japonica,GY,V5_CRN_dir,PM10_within,B_Hadamard,5,0.25,0.5590169943749475,0.25,1
Japonica,GY,V5_CRN_dir,COR_pooled,B_Hadamard,5,-0.0001556447686791,0.0003071623567719,0.0001373671819742,1
Wheat_2,GY,A_main,COR_within,B_Hadamard,5,-0.017216698816742,0.012949898984181,0.0057913708860768,1
Wheat_2,GY,A_main,PM10_within,B_Hadamard,5,-3.31237322515213,3.415300163800396,1.5273686659647705,0
Wheat_2,GY,A_main,COR_pooled,B_Hadamard,5,-0.0023167033398307,0.0024955728750919,0.001116054118302,1
Wheat_2,GY,F_original,COR_within,B_Hadamard,5,0.0474974584115103,0.0116949698879627,0.0052301495328595,5
Wheat_2,GY,F_original,PM10_within,B_Hadamard,5,0.8644354293441523,3.4068941408369806,1.5236093782114462,3
Wheat_2,GY,F_original,COR_pooled,B_Hadamard,5,0.0066754081158874,0.0010205186082375,0.0004563897960645,5
Wheat_2,GY,M_masks,COR_within,B_Hadamard,5,-0.0019398459151307,0.0037748026718569,0.0016881430751839,3
Wheat_2,GY,M_masks,PM10_within,B_Hadamard,5,-0.1492537313432841,0.817496354485323,0.3655954839974894,1
Wheat_2,GY,M_masks,COR_pooled,B_Hadamard,5,-0.0004957359341839,0.0008993137805677,0.0004021853492903,3
Wheat_2,GY,V1_spectral,COR_within,B_Hadamard,5,0.0073513753938213,0.0066633700005201,0.0029799496560791,5
Wheat_2,GY,V1_spectral,PM10_within,B_Hadamard,5,0.1769751647442305,0.4423282291924546,0.197815197768287,2
Wheat_2,GY,V1_spectral,COR_pooled,B_Hadamard,5,0.0014284004856965,0.0011059103805436,0.0004945781575836,5
Wheat_2,GY,V2_CGE,COR_within,B_Hadamard,5,0.0002759972847881,0.000377101428839,0.0001686448858592,5
Wheat_2,GY,V2_CGE,PM10_within,B_Hadamard,5,0.0,0.0,0.0,0
Wheat_2,GY,V2_CGE,COR_pooled,B_Hadamard,5,4.477532078126512e-05,3.133605652486288e-05,1.4013910507273845e-05,5
Wheat_2,GY,V3_CGE_dir,COR_within,B_Hadamard,5,-0.0091434055653807,0.0061289260123734,0.0027409390385467,0
Wheat_2,GY,V3_CGE_dir,PM10_within,B_Hadamard,5,-1.381505252641459,1.6237642532130223,0.7261694499236999,1
Wheat_2,GY,V3_CGE_dir,COR_pooled,B_Hadamard,5,-0.0014485646888095,0.0008105909560438,0.0003625072959321,0
Wheat_2,GY,V4_CRN,COR_within,B_Hadamard,5,1.3202196693651302e-06,3.36090116806204e-05,1.5030406954890334e-05,2
Wheat_2,GY,V4_CRN,PM10_within,B_Hadamard,5,0.0,0.0,0.0,0
Wheat_2,GY,V4_CRN,COR_pooled,B_Hadamard,5,-1.319400375554558e-06,5.656161958209209e-06,2.5295125260608237e-06,2
Wheat_2,GY,V5_CRN_dir,COR_within,B_Hadamard,5,-5.635097553902124e-06,2.928845692422704e-05,1.3098196127729213e-05,4
Wheat_2,GY,V5_CRN_dir,PM10_within,B_Hadamard,5,0.0,0.0,0.0,0
Wheat_2,GY,V5_CRN_dir,COR_pooled,B_Hadamard,5,-8.487952109614838e-07,3.273174574995368e-06,1.4638081703827251e-06,3
Wheat_3,GY,A_main,COR_within,B_Hadamard,5,-0.036557532236586,0.003828780006096,0.0017122824729045,0
Wheat_3,GY,A_main,PM10_within,B_Hadamard,5,0.3905402020539362,2.82606438934265,1.2638544166723191,2
Wheat_3,GY,A_main,COR_pooled,B_Hadamard,5,-0.006476290538457,0.001496807190862,0.0006693925255956,0
Wheat_3,GY,F_original,COR_within,B_Hadamard,5,0.1131226429189886,0.024557702331132,0.0109825383567232,5
Wheat_3,GY,F_original,PM10_within,B_Hadamard,5,8.483806926238254,4.303021475453576,1.924369705551128,5
Wheat_3,GY,F_original,COR_pooled,B_Hadamard,5,0.0239159643859123,0.0087283562835135,0.0039034395963547,5
Wheat_3,GY,M_masks,COR_within,B_Hadamard,5,7.107302322801878e-05,0.0003689637395427,0.00016500560057,4
Wheat_3,GY,M_masks,PM10_within,B_Hadamard,5,0.3571428571428576,0.798595706249926,0.3571428571428576,1
Wheat_3,GY,M_masks,COR_pooled,B_Hadamard,5,3.434151057892798e-05,0.0001125830997836,5.034869284679453e-05,4
Wheat_3,GY,V1_spectral,COR_within,B_Hadamard,5,0.0043055245224411,0.0027361310257352,0.001223634993778,5
Wheat_3,GY,V1_spectral,PM10_within,B_Hadamard,5,1.7552392084829258,1.872730477704702,0.8375105303366736,3
Wheat_3,GY,V1_spectral,COR_pooled,B_Hadamard,5,0.0006066375217913,0.0005484501943736,0.0002452743833784,5
Wheat_3,GY,V2_CGE,COR_within,B_Hadamard,5,0.0001184059490833,7.651264823765143e-05,3.4217496519583615e-05,5
Wheat_3,GY,V2_CGE,PM10_within,B_Hadamard,5,0.3571428571428576,0.798595706249926,0.3571428571428576,1
Wheat_3,GY,V2_CGE,COR_pooled,B_Hadamard,5,1.2327625409946918e-05,3.21668047527535e-05,1.4385432409224028e-05,2
Wheat_3,GY,V3_CGE_dir,COR_within,B_Hadamard,5,-3.810605866316763e-06,0.0013919804907212,0.0006225126001212,3
Wheat_3,GY,V3_CGE_dir,PM10_within,B_Hadamard,5,0.3571428571428576,0.798595706249926,0.3571428571428576,1
Wheat_3,GY,V3_CGE_dir,COR_pooled,B_Hadamard,5,-0.0002648559374723,0.000903548992406,0.0004040793936042,4
Wheat_3,GY,V4_CRN,COR_within,B_Hadamard,5,5.317989865514239e-05,0.000664584803936,0.0002972113596828,4
Wheat_3,GY,V4_CRN,PM10_within,B_Hadamard,5,0.1876513317191289,1.14206180120668,0.5107455644007975,2
Wheat_3,GY,V4_CRN,COR_pooled,B_Hadamard,5,1.1808820940428788e-05,0.0001773711078065,7.932277085998637e-05,3
Wheat_3,GY,V5_CRN_dir,COR_within,B_Hadamard,5,-8.648402316402403e-07,1.499895806182705e-06,6.707737963582756e-07,2
Wheat_3,GY,V5_CRN_dir,PM10_within,B_Hadamard,5,0.0,0.0,0.0,0
Wheat_3,GY,V5_CRN_dir,COR_pooled,B_Hadamard,5,-6.048989717344355e-07,2.6286390976200438e-06,1.1755631421184245e-06,3
Wheat_5,GY,A_main,COR_within,B_Hadamard,5,-0.0169043594609489,0.0146593115088524,0.0065558434074278,1
Wheat_5,GY,A_main,PM10_within,B_Hadamard,5,-1.6528286528286509,4.7442065247432685,2.121673657724797,1
Wheat_5,GY,A_main,COR_pooled,B_Hadamard,5,-0.01524411692351,0.0090235414192749,0.0040354504022567,0
Wheat_5,GY,F_original,COR_within,B_Hadamard,5,0.0606211524688556,0.0087219801157872,0.0039005880874603,5
Wheat_5,GY,F_original,PM10_within,B_Hadamard,5,6.17924297924298,4.672793080922773,2.089736594746799,4
Wheat_5,GY,F_original,COR_pooled,B_Hadamard,5,0.050014756107052,0.007225037989411,0.0032311352168683,5
Wheat_5,GY,M_masks,COR_within,B_Hadamard,5,-0.00058008722399,0.0017626136550378,0.0007882647901468,3
Wheat_5,GY,M_masks,PM10_within,B_Hadamard,5,0.5132275132275155,1.7864944313211608,0.798944597971789,2
Wheat_5,GY,M_masks,COR_pooled,B_Hadamard,5,-0.0005287258408674,0.0010741966706071,0.0004803953553363,2
Wheat_5,GY,V1_spectral,COR_within,B_Hadamard,5,-6.66172430385803e-07,2.0107189809911496e-06,8.992208650290635e-07,2
Wheat_5,GY,V1_spectral,PM10_within,B_Hadamard,5,0.0,0.0,0.0,0
Wheat_5,GY,V1_spectral,COR_pooled,B_Hadamard,5,-1.4035435375037153e-06,3.137315526402425e-06,1.4030501567802715e-06,1
Wheat_5,GY,V2_CGE,COR_within,B_Hadamard,5,-0.0001131670928408,0.0001916777902756,8.572091376664171e-05,3
Wheat_5,GY,V2_CGE,PM10_within,B_Hadamard,5,0.0,0.0,0.0,0
Wheat_5,GY,V2_CGE,COR_pooled,B_Hadamard,5,-0.0001114475623176,0.0001551289959907,6.937579606333391e-05,2
Wheat_5,GY,V3_CGE_dir,COR_within,B_Hadamard,5,-0.0001214043283367,0.0004284900107268,0.0001916265583329,3
Wheat_5,GY,V3_CGE_dir,PM10_within,B_Hadamard,5,0.5132275132275126,0.8097139867217474,0.3621151033284379,2
Wheat_5,GY,V3_CGE_dir,COR_pooled,B_Hadamard,5,-0.0001679448038024,0.0003265499124522,0.0001460375604579,2
Wheat_5,GY,V4_CRN,COR_within,B_Hadamard,5,1.2090199366876498e-06,5.0505084533489685e-06,2.258656044525124e-06,3
Wheat_5,GY,V4_CRN,PM10_within,B_Hadamard,5,0.0,0.0,0.0,0
Wheat_5,GY,V4_CRN,COR_pooled,B_Hadamard,5,2.71795661114238e-06,7.11196904320146e-06,3.1805692468945203e-06,4
Wheat_5,GY,V5_CRN_dir,COR_within,B_Hadamard,5,4.593126174678996e-06,4.78339176258548e-06,2.139197828830734e-06,4
Wheat_5,GY,V5_CRN_dir,PM10_within,B_Hadamard,5,0.0,0.0,0.0,0
Wheat_5,GY,V5_CRN_dir,COR_pooled,B_Hadamard,5,5.166076019358368e-06,6.343131221218164e-06,2.836734520169014e-06,4
Wheat_6,GY,A_main,COR_within,B_Hadamard,5,-0.0684525367966809,0.0235571786193453,0.0105350905501921,0
Wheat_6,GY,A_main,PM10_within,B_Hadamard,5,2.3660714285714293,2.698724409918281,1.2069062466230565,5
Wheat_6,GY,A_main,COR_pooled,B_Hadamard,5,-0.0021656240509715,0.0009976279840407,0.0004461527977142,0
Wheat_6,GY,F_original,COR_within,B_Hadamard,5,0.0712913157073954,0.0245316156857357,0.010970872054241,5
Wheat_6,GY,F_original,PM10_within,B_Hadamard,5,3.906250000000001,5.796830544154183,2.5924214301551696,4
Wheat_6,GY,F_original,COR_pooled,B_Hadamard,5,0.0174451249380411,0.0023423908977134,0.0010475490554328,5
Wheat_6,GY,M_masks,COR_within,B_Hadamard,5,-0.0132314563787729,0.0201923596788001,0.0090302977735845,3
Wheat_6,GY,M_masks,PM10_within,B_Hadamard,5,-1.3541666666666663,3.9209791750240415,1.7535151947429608,2
Wheat_6,GY,M_masks,COR_pooled,B_Hadamard,5,-0.0002967255983501,0.000383807699457,0.0001716440212547,1
Wheat_6,GY,V1_spectral,COR_within,B_Hadamard,5,-0.0001399951525492,0.0003283250811511,0.0001468314400344,2
Wheat_6,GY,V1_spectral,PM10_within,B_Hadamard,5,0.0,0.0,0.0,0
Wheat_6,GY,V1_spectral,COR_pooled,B_Hadamard,5,-2.540842691445277e-06,7.011617820094199e-06,3.135690815595904e-06,3
Wheat_6,GY,V2_CGE,COR_within,B_Hadamard,5,-0.0045419643922172,0.0083656240257221,0.003741220799144,2
Wheat_6,GY,V2_CGE,PM10_within,B_Hadamard,5,0.46875,0.6987712429686843,0.3125,2
Wheat_6,GY,V2_CGE,COR_pooled,B_Hadamard,5,-0.0006201855959538,0.0008660705020278,0.0003873185031683,2
Wheat_6,GY,V3_CGE_dir,COR_within,B_Hadamard,5,-0.0017979157856086,0.0116208468504476,0.005197000702743,2
Wheat_6,GY,V3_CGE_dir,PM10_within,B_Hadamard,5,0.15625,1.0186253758129138,0.455543116784789,2
Wheat_6,GY,V3_CGE_dir,COR_pooled,B_Hadamard,5,-0.0011251103387846,0.000683789732949,0.000305800065038,1
Wheat_6,GY,V4_CRN,COR_within,B_Hadamard,5,-0.0066079819378952,0.0148940614826926,0.0066608267872723,2
Wheat_6,GY,V4_CRN,PM10_within,B_Hadamard,5,-1.3541666666666663,3.4812166490522944,1.5568474143369917,1
Wheat_6,GY,V4_CRN,COR_pooled,B_Hadamard,5,-0.000147193403989,0.0003318439270434,0.0001484051157579,3
Wheat_6,GY,V5_CRN_dir,COR_within,B_Hadamard,5,-0.0190919815552573,0.0264221439357415,0.0118163419903203,3
Wheat_6,GY,V5_CRN_dir,PM10_within,B_Hadamard,5,-1.6666666666666663,3.7267799624996494,1.6666666666666663,0
Wheat_6,GY,V5_CRN_dir,COR_pooled,B_Hadamard,5,-0.0003278881371291,0.0004811267951204,0.0002151664439371,3
EYT_2,GY,A_main,COR_within,B_Hadamard,5,-0.0395365199298666,0.009825016756462,0.0043938810695047,0
EYT_2,GY,A_main,PM10_within,B_Hadamard,5,-1.435897435897433,2.57433854318177,1.151279195930443,1
EYT_2,GY,A_main,COR_pooled,B_Hadamard,5,-0.0020481983551542,0.000711072293475,0.0003180011970253,0
EYT_2,GY,F_original,COR_within,B_Hadamard,5,0.0485599069585499,0.0073988586446856,0.0033088701770857,5
EYT_2,GY,F_original,PM10_within,B_Hadamard,5,4.307692307692306,3.564010329003908,1.5938738736328255,4
EYT_2,GY,F_original,COR_pooled,B_Hadamard,5,0.002499004682616,0.0007929510281292,0.000354618480345,5
EYT_2,GY,M_masks,COR_within,B_Hadamard,5,-0.0003201986613465,0.0004214397210356,0.0001884735729308,0
EYT_2,GY,M_masks,PM10_within,B_Hadamard,5,0.0,0.3626188621469486,0.1621680851368405,1
EYT_2,GY,M_masks,COR_pooled,B_Hadamard,5,-7.931912386438534e-06,1.126412318725726e-05,5.037469030727765e-06,0
EYT_2,GY,V1_spectral,COR_within,B_Hadamard,5,2.154774928908587e-06,5.080281192186628e-06,2.271970818108595e-06,2
EYT_2,GY,V1_spectral,PM10_within,B_Hadamard,5,0.0,0.0,0.0,0
EYT_2,GY,V1_spectral,COR_pooled,B_Hadamard,5,-6.33847076025873e-07,8.006001219162108e-07,3.580392590798533e-07,1
EYT_2,GY,V2_CGE,COR_within,B_Hadamard,5,1.3911111651498942e-07,3.8551144193010666e-07,1.7240595805193624e-07,3
EYT_2,GY,V2_CGE,PM10_within,B_Hadamard,5,0.0,0.0,0.0,0
EYT_2,GY,V2_CGE,COR_pooled,B_Hadamard,5,1.1602311444924853e-08,3.74149826664726e-08,1.6732488923841813e-08,2
EYT_2,GY,V3_CGE_dir,COR_within,B_Hadamard,5,0.0004989893628607,0.0008493360458669,0.0003798346268598,4
EYT_2,GY,V3_CGE_dir,PM10_within,B_Hadamard,5,-0.3076923076923073,0.4586806107691864,0.2051282051282045,0
EYT_2,GY,V3_CGE_dir,COR_pooled,B_Hadamard,5,5.3205220542418274e-05,8.118511876915678e-05,3.630708886584572e-05,4
EYT_2,GY,V4_CRN,COR_within,B_Hadamard,5,-5.159238245677766e-06,3.124136849320118e-05,1.39715647321836e-05,3
EYT_2,GY,V4_CRN,PM10_within,B_Hadamard,5,0.0,0.0,0.0,0
EYT_2,GY,V4_CRN,COR_pooled,B_Hadamard,5,6.114016199987306e-08,6.460590173032883e-07,2.889263760333731e-07,4
EYT_2,GY,V5_CRN_dir,COR_within,B_Hadamard,5,-1.8059387248303693e-06,3.7557668900189063e-06,1.6796300147450502e-06,2
EYT_2,GY,V5_CRN_dir,PM10_within,B_Hadamard,5,0.0,0.0,0.0,0
EYT_2,GY,V5_CRN_dir,COR_pooled,B_Hadamard,5,-1.836456738679715e-07,4.546663998631892e-07,2.0333299543583841e-07,2
EYT_3,GY,A_main,COR_within,B_Hadamard,5,-0.1159219280892939,0.0131298543535986,0.0058718493738636,0
EYT_3,GY,A_main,PM10_within,B_Hadamard,5,-5.061224489795913,2.1713365025747584,0.9710512043567612,0
EYT_3,GY,A_main,COR_pooled,B_Hadamard,5,-0.0023641336419175,0.0002467042684844,0.000110329502934,0
EYT_3,GY,F_original,COR_within,B_Hadamard,5,0.0608891097758755,0.0088384421186602,0.0039526714785043,5
EYT_3,GY,F_original,PM10_within,B_Hadamard,5,4.897959183673473,2.362415694446984,1.0565044167791655,5
EYT_3,GY,F_original,COR_pooled,B_Hadamard,5,0.0014031567157075,0.0004155174933048,0.000185825072174,5
EYT_3,GY,M_masks,COR_within,B_Hadamard,5,-8.695130723690437e-06,1.2607055905997078e-05,5.638046800389933e-06,2
EYT_3,GY,M_masks,PM10_within,B_Hadamard,5,0.0,0.0,0.0,0
EYT_3,GY,M_masks,COR_pooled,B_Hadamard,5,-3.010013550630575e-07,4.462481589618015e-07,1.9956824365454406e-07,2
EYT_3,GY,V1_spectral,COR_within,B_Hadamard,5,5.475136262093061e-05,7.866869490740988e-05,3.5181709902832e-05,5
EYT_3,GY,V1_spectral,PM10_within,B_Hadamard,5,-0.2448979591836732,0.3650723228571081,0.1632653061224488,0
EYT_3,GY,V1_spectral,COR_pooled,B_Hadamard,5,2.0901640037207512e-06,1.5509167717041002e-06,6.93591065794978e-07,5
EYT_3,GY,V2_CGE,COR_within,B_Hadamard,5,-8.219012160748384e-07,1.977671271368176e-06,8.844414799855347e-07,2
EYT_3,GY,V2_CGE,PM10_within,B_Hadamard,5,0.0,0.0,0.0,0
EYT_3,GY,V2_CGE,COR_pooled,B_Hadamard,5,-1.7952993025538434e-08,4.7138760630664944e-08,2.1081094629051532e-08,2
EYT_3,GY,V3_CGE_dir,COR_within,B_Hadamard,5,-0.0008399000640371,0.0009428799015476,0.0004216687108957,1
EYT_3,GY,V3_CGE_dir,PM10_within,B_Hadamard,5,-0.2448979591836703,0.4653777245302594,0.2081232454527662,2
EYT_3,GY,V3_CGE_dir,COR_pooled,B_Hadamard,5,-1.891050186018095e-05,2.8660451199230532e-05,1.2817343429458968e-05,2
EYT_3,GY,V4_CRN,COR_within,B_Hadamard,5,-9.723601415811966e-06,2.241197379855617e-05,1.0022939384703154e-05,2
EYT_3,GY,V4_CRN,PM10_within,B_Hadamard,5,0.0,0.0,0.0,0
EYT_3,GY,V4_CRN,COR_pooled,B_Hadamard,5,-3.350739944618653e-07,6.278585806257626e-07,2.807868933071475e-07,2
EYT_3,GY,V5_CRN_dir,COR_within,B_Hadamard,5,-3.099964006503253e-06,5.476537360346379e-06,2.4491819638103527e-06,1
EYT_3,GY,V5_CRN_dir,PM10_within,B_Hadamard,5,0.0,0.0,0.0,0
EYT_3,GY,V5_CRN_dir,COR_pooled,B_Hadamard,5,-2.1473771538715883e-08,1.5833778427517417e-07,7.081080980919734e-08,1
