dataset,scenario,split,subset,n,model,converged,COR_pooled,RMSE_pooled,NRMSE_pooled,PM10_pooled,COR_within,RMSE_within,NRMSE_within,PM10_within,environments_scored
Wheat_6,forward,predict_2019,all,124,B_Hadamard,True,0.2921551582542466,2.2008761715924727,6.208773277581025,30.76923076923077,0.2921551582542466,2.2008761715924727,6.208773277581025,30.76923076923077,1
Wheat_6,forward,predict_2019,tested,123,B_Hadamard,True,0.27934575771804154,2.2036932033187915,6.249145882088369,30.76923076923077,0.27934575771804154,2.2036932033187915,6.249145882088369,30.76923076923077,1
Wheat_6,forward,predict_2019,all,124,GK_Hadamard,True,0.26397367428191754,2.2616011753777303,6.380081316465425,23.076923076923077,0.26397367428191754,2.2616011753777303,6.380081316465425,23.076923076923077,1
Wheat_6,forward,predict_2019,tested,123,GK_Hadamard,True,0.25301337333740853,2.2643684162023447,6.421206247008976,30.76923076923077,0.25301337333740853,2.2643684162023447,6.421206247008976,30.76923076923077,1
Wheat_6,forward,predict_2019,all,124,ID_common,True,0.13517205388228676,2.351509406139388,6.6337165858152956,15.384615384615385,0.13517205388228676,2.351509406139388,6.6337165858152956,15.384615384615385,1
Wheat_6,forward,predict_2019,tested,123,ID_common,True,0.1209549609374019,2.3535131973644017,6.673999485772687,23.076923076923077,0.1209549609374019,2.3535131973644017,6.673999485772687,23.076923076923077,1
Wheat_6,forward,predict_2019,all,124,ID_env,True,0.4716197588656961,2.3563172396856507,6.647279706189985,30.76923076923077,0.4716197588656961,2.3563172396856507,6.647279706189985,30.76923076923077,1
Wheat_6,forward,predict_2019,tested,123,ID_env,True,0.4616989674556505,2.3596569855732623,6.691421796976445,30.76923076923077,0.4616989674556505,2.3596569855732623,6.691421796976445,30.76923076923077,1
Wheat_6,forward,predict_2019,all,124,GK_ID_env,True,0.42274065197188787,2.290221027068532,6.46081923924352,23.076923076923077,0.42274065197188787,2.290221027068532,6.46081923924352,23.076923076923077,1
Wheat_6,forward,predict_2019,tested,123,GK_ID_env,True,0.41346797580884304,2.293456833686029,6.503694028911136,30.76923076923077,0.41346797580884304,2.293456833686029,6.503694028911136,30.76923076923077,1
