dataset,env,split,model,COR,gamma,gamma_rel,variances,logL,converged,starts_ok
EYT_22_23,B2IR_22_23,1,KA,0.3222858666739528,,,0.146|0.03641|0.06825,-414.9497467057786,True,1
EYT_22_23,B2IR_22_23,1,CP_file,0.4504272123235034,,,0.1008|1.844e-07|0.1196|0.1338|0.06156,-354.523351616714,True,1
EYT_22_23,B2IR_22_23,1,CROSS,0.3222565782955024,0.9126645420634484,13.372939387274412,0.146|0.03638|0.06825,-414.9464400210777,True,6
EYT_22_23,B2IR_22_23,1,SPECTRAL,0.31766614955060973,,,0.1473|0.03412|2.104e-05|0.05313|0.06835,-414.84835666329843,True,1
EYT_22_23,B2IR_22_23,1,ID,0.5023375941460825,,,0.1062|3.901e-08|0.04374|0.0682,-347.16448096564307,True,1
EYT_22_23,B2IR_22_23,1,ID_CROSS,0.5023380533806936,0.04863679780826242,0.7131437988270566,0.1062|1.825e-08|0.04374|0.0682,-347.1644714355269,True,6
EYT_22_23,B2IR_22_23,2,KA,0.2495357036711557,,,0.09217|0.06421|0.08122,-412.48161543948163,True,1
EYT_22_23,B2IR_22_23,2,CP_file,0.5033548818475198,,,0.05985|0.01839|0.1338|0.1394|0.07367,-359.0746696983441,True,1
EYT_22_23,B2IR_22_23,2,CROSS,0.24954875026148426,0.9113831029589252,11.219922952437386,0.09216|0.0642|0.08123,-412.48077648191725,True,6
EYT_22_23,B2IR_22_23,2,SPECTRAL,0.24953464819310442,,,0.09217|0.06421|6.564e-07|3.643e-06|0.08122,-412.48162136654315,True,1
EYT_22_23,B2IR_22_23,2,ID,0.5236808065938161,,,0.06836|0.02156|0.03827|0.07855,-351.68570235431105,True,1
EYT_22_23,B2IR_22_23,2,ID_CROSS,0.5236812328874281,0.09135162434360916,1.162959021373145,0.06836|0.02156|0.03827|0.07855,-351.6856475966335,True,6
EYT_22_23,B2IR_22_23,3,KA,0.37436367590105435,,,0.1079|0.06599|0.07288,-413.1075056492399,True,1
EYT_22_23,B2IR_22_23,3,CP_file,0.5050434555257102,,,0.07865|0.01064|0.1265|0.1484|0.06665,-357.72766058030527,True,1
EYT_22_23,B2IR_22_23,3,CROSS,0.3743617006360983,-0.09049360268361703,-1.241596678908113,0.1079|0.06599|0.07288,-413.10748301214,True,6
EYT_22_23,B2IR_22_23,3,SPECTRAL,0.3743661931715409,,,0.1079|0.06599|6.898e-06|2.798e-07|0.07288,-413.10751551398425,True,1
EYT_22_23,B2IR_22_23,3,ID,0.5620880543651503,,,0.08297|0.01264|0.04287|0.07378,-349.446792544094,True,1
EYT_22_23,B2IR_22_23,3,ID_CROSS,0.5620808296741369,-0.9052532004575238,-12.269921963796497,0.08298|0.01264|0.04287|0.07378,-349.4456796103981,True,6
EYT_22_23,B2IR_22_23,4,KA,0.43771793993285785,,,0.1118|0.05311|0.07292,-403.4446267164422,True,1
EYT_22_23,B2IR_22_23,4,CP_file,0.5951690403315668,,,0.08341|0.006521|0.15|0.09032|0.06649,-349.1102720378976,True,1
EYT_22_23,B2IR_22_23,4,CROSS,0.4376817211648181,-0.8701682452728237,-11.933080824925463,0.1118|0.0531|0.07292,-403.44269532529574,True,6
EYT_22_23,B2IR_22_23,4,SPECTRAL,0.437717879721733,,,0.1118|0.0531|3.196e-06|2.493e-08|0.07292,-403.44463044650394,True,1
EYT_22_23,B2IR_22_23,4,ID,0.5999508787380574,,,0.0868|0.01089|0.0424|0.0705,-341.6557997612412,True,1
EYT_22_23,B2IR_22_23,4,ID_CROSS,0.5999270611190396,-0.8701682452728237,-12.341797521033268,0.08684|0.01085|0.0424|0.07051,-341.651330402053,True,6
EYT_22_23,B2IR_22_23,5,KA,0.3656078269603483,,,0.1029|0.05054|0.08366,-416.7707624053464,True,1
EYT_22_23,B2IR_22_23,5,CP_file,0.501149628853251,,,0.08205|7.994e-06|0.185|0.1162|0.06814,-356.0493199740621,True,1
EYT_22_23,B2IR_22_23,5,CROSS,0.36558873146819054,0.9101018412602164,10.877334268229587,0.1029|0.05052|0.08367,-416.7676607233985,True,6
EYT_22_23,B2IR_22_23,5,SPECTRAL,0.3656071553174726,,,0.1029|0.05054|1.327e-05|1.176e-07|0.08366,-416.7707703382224,True,1
EYT_22_23,B2IR_22_23,5,ID,0.5324852184034566,,,0.08689|0.002705|0.04639|0.07697,-350.96396420595806,True,1
EYT_22_23,B2IR_22_23,5,ID_CROSS,0.532490467462617,0.9101018412602164,11.823999979017914,0.08687|0.0027|0.04639|0.07697,-350.96316834077436,True,6
EYT_22_23,B5IR_22_23,1,KA,0.3278369030054361,,,0.1401|0.1206|0.1101,-574.2090259608792,True,1
EYT_22_23,B5IR_22_23,1,CP_file,0.43480159416932396,,,0.1142|0.009095|0.2453|0.09394|0.1135,-524.6812445964852,True,1
EYT_22_23,B5IR_22_23,1,CROSS,0.32783887108526866,-0.13674807418732646,-1.2425579557548265,0.1401|0.1206|0.1101,-574.2089581996395,True,6
EYT_22_23,B5IR_22_23,1,SPECTRAL,0.3268426668778247,,,0.1393|0.1177|7.843e-06|0.09954|0.1112,-574.0997365828408,True,1
EYT_22_23,B5IR_22_23,1,ID,0.4655338744035825,,,0.1218|0.02539|0.04824|0.1186,-525.512867376021,True,1
EYT_22_23,B5IR_22_23,1,ID_CROSS,0.4655480130350061,-1.366308513961094,-11.516882180707814,0.1218|0.02537|0.04824|0.1186,-525.5085503086897,True,6
EYT_22_23,B5IR_22_23,2,KA,0.20319923722790162,,,0.1845|0.06826|0.09945,-553.2231939238302,True,1
EYT_22_23,B5IR_22_23,2,CP_file,0.3444054019802715,,,0.1712|3.829e-06|0.1342|0.1008|0.08803,-502.50238262694126,True,1
EYT_22_23,B5IR_22_23,2,CROSS,0.20321043516150933,-1.3287399345597954,-13.36133148119277,0.1845|0.06826|0.09945,-553.2221906642495,True,6
EYT_22_23,B5IR_22_23,2,SPECTRAL,0.2002340179688607,,,0.1841|0.06259|3.54e-06|0.1111|0.1014,-552.9822812142702,True,1
EYT_22_23,B5IR_22_23,2,ID,0.361748747688093,,,0.1639|0.01943|0.03875|0.09187,-501.294750523451,True,1
EYT_22_23,B5IR_22_23,2,ID_CROSS,0.3617721741583152,-1.3287399345597954,-14.462639747878006,0.1638|0.01944|0.03874|0.09187,-501.2925053706367,True,6
EYT_22_23,B5IR_22_23,3,KA,0.40565943515912223,,,0.1439|0.07302|0.1256,-569.9251833955598,True,1
EYT_22_23,B5IR_22_23,3,CP_file,0.500114636648891,,,0.1135|0.007729|0.2091|0.0726|0.1171,-521.210940449506,True,1
EYT_22_23,B5IR_22_23,3,CROSS,0.4056379238543081,-1.330134316716227,-10.586501072399638,0.1439|0.07299|0.1256,-569.9218429769578,True,6
EYT_22_23,B5IR_22_23,3,SPECTRAL,0.4056594464621912,,,0.1439|0.07302|2.879e-05|2.66e-08|0.1256,-569.9252035607901,True,1
EYT_22_23,B5IR_22_23,3,ID,0.5176686857513039,,,0.1213|0.01067|0.04159|0.1259,-522.042576113997,True,1
EYT_22_23,B5IR_22_23,3,ID_CROSS,0.5176441399018208,-1.330134316716227,-10.562528324736418,0.1213|0.0106|0.04159|0.1259,-522.0338384652284,True,6
EYT_22_23,B5IR_22_23,4,KA,0.44012579002049734,,,0.1185|0.0968|0.1233,-561.2774127145576,True,1
EYT_22_23,B5IR_22_23,4,CP_file,0.5025689017657675,,,0.08437|0.01915|0.1805|0.08506|0.1212,-508.61186267110713,True,1
EYT_22_23,B5IR_22_23,4,CROSS,0.44008873097239404,-1.2962364999997875,-10.51047754456213,0.1185|0.09678|0.1233,-561.2722865160828,True,6
EYT_22_23,B5IR_22_23,4,SPECTRAL,0.43883852918586774,,,0.1176|0.09348|0.0002909|0.09701|0.1246,-561.113757227714,True,1
EYT_22_23,B5IR_22_23,4,ID,0.5006884133122712,,,0.101|0.02951|0.04523|0.1186,-506.9686721547916,True,1
EYT_22_23,B5IR_22_23,4,ID_CROSS,0.5006467902822381,-1.2962364999997875,-10.922688432244396,0.101|0.02944|0.04523|0.1187,-506.9574089403772,True,6
EYT_22_23,B5IR_22_23,5,KA,0.38280527777620665,,,0.1397|0.0822|0.1203,-562.7222670597572,True,1
EYT_22_23,B5IR_22_23,5,CP_file,0.5315917986546769,,,0.1221|0.01928|0.142|0.06729|0.1117,-518.8299633765456,True,1
EYT_22_23,B5IR_22_23,5,CROSS,0.3828085525424502,-0.13103552636554489,-1.0890375123025537,0.1397|0.08221|0.1203,-562.7222404327066,True,6
EYT_22_23,B5IR_22_23,5,SPECTRAL,0.36443357343231625,,,0.1372|0.07579|3.849e-05|0.273|0.1227,-561.7888657459118,True,1
EYT_22_23,B5IR_22_23,5,ID,0.4980517316076401,,,0.1253|0.02064|0.03658|0.116,-513.1950256258112,True,1
EYT_22_23,B5IR_22_23,5,ID_CROSS,0.4980912965221037,-1.3094334101037532,-11.284916170382733,0.1252|0.02065|0.03658|0.116,-513.1922441597749,True,6
EYT_22_23,BDRT_22_23,1,KA,0.39199394268812465,,,0.05538|0.01473|0.03576,-90.84325043383467,True,1
EYT_22_23,BDRT_22_23,1,CP_file,0.4663888509868057,,,0.03236|0.003254|0.04911|0.03132|0.03828,-55.14607114226146,True,1
EYT_22_23,BDRT_22_23,1,CROSS,0.39200400636433763,-0.40222520119287847,-11.248497620305717,0.05538|0.01474|0.03576,-90.84306848000779,True,6
EYT_22_23,BDRT_22_23,1,SPECTRAL,0.39198226991620616,,,0.05529|0.01476|1.862e-05|1.04e-06|0.03581,-90.84334037058215,True,1
EYT_22_23,BDRT_22_23,1,ID,0.5170445003955053,,,0.03464|0.003926|0.0159|0.03849,-44.87673069036816,True,1
EYT_22_23,BDRT_22_23,1,ID_CROSS,0.5170364143959651,-0.40222520119287847,-10.449190209959639,0.03464|0.003923|0.0159|0.03849,-44.87156141596449,True,6
EYT_22_23,BDRT_22_23,2,KA,0.35246433092342283,,,0.06038|0.01776|0.03199,-89.89682991655377,True,1
EYT_22_23,BDRT_22_23,2,CP_file,0.480341278560999,,,0.039|0.008225|0.03736|0.02597|0.03478,-58.61902575408999,True,1
EYT_22_23,BDRT_22_23,2,CROSS,0.352472372917648,-0.40135095733906156,-12.549451571238453,0.06039|0.01776|0.03198,-89.89645403879422,True,6
EYT_22_23,BDRT_22_23,2,SPECTRAL,0.3517143587144124,,,0.06041|0.01755|3.868e-06|0.007725|0.03202,-89.8829998479639,True,1
EYT_22_23,BDRT_22_23,2,ID,0.5094958966156532,,,0.03756|0.004834|0.01485|0.03702,-45.77363185043271,True,1
EYT_22_23,BDRT_22_23,2,ID_CROSS,0.5095088615982217,-0.40135095733906156,-10.839207120758521,0.03755|0.004832|0.01485|0.03703,-45.769210586709505,True,6
EYT_22_23,BDRT_22_23,3,KA,0.34964360817322,,,0.0708|0.01217|0.03136,-100.93613521816042,True,1
EYT_22_23,BDRT_22_23,3,CP_file,0.4538811039335911,,,0.0434|0.005673|0.03387|0.03461|0.03458,-68.00152751086011,True,1
EYT_22_23,BDRT_22_23,3,CROSS,0.34964366799593494,-0.41403001435258346,-13.205849385956572,0.07081|0.01217|0.03135,-100.93560499549517,True,6
EYT_22_23,BDRT_22_23,3,SPECTRAL,0.34967575428434244,,,0.07072|0.01216|5.293e-06|8.281e-09|0.03139,-100.93616201866962,True,1
EYT_22_23,BDRT_22_23,3,ID,0.46621456775900644,,,0.04088|0.00422|0.01612|0.03639,-52.82466872345299,True,1
EYT_22_23,BDRT_22_23,3,ID_CROSS,0.46622560197950685,-0.41403001435258346,-11.37807183458253,0.04089|0.00422|0.01612|0.03639,-52.82218613084865,True,6
EYT_22_23,BDRT_22_23,4,KA,0.28395314528563487,,,0.0664|0.02075|0.03023,-104.29626108218235,True,1
EYT_22_23,BDRT_22_23,4,CP_file,0.43200096543229655,,,0.04566|0.008735|0.04212|0.03195|0.03248,-72.70439941596351,True,1
EYT_22_23,BDRT_22_23,4,CROSS,0.28392812271295714,-0.4213410338750078,-13.937305350744236,0.06641|0.02075|0.03023,-104.29337676315618,True,6
EYT_22_23,BDRT_22_23,4,SPECTRAL,0.2839756122326375,,,0.06633|0.02077|3.704e-06|9.487e-09|0.03027,-104.29627952645819,True,1
EYT_22_23,BDRT_22_23,4,ID,0.4389594873090083,,,0.04618|0.007463|0.01639|0.03312,-58.74102556415846,True,1
EYT_22_23,BDRT_22_23,4,ID_CROSS,0.4389306073320293,-0.4213410338750078,-12.718252155415446,0.04618|0.007458|0.01639|0.03313,-58.73316023109692,True,6
EYT_22_23,BDRT_22_23,5,KA,0.26272408810047926,,,0.06078|0.01642|0.03408,-99.59400268584636,True,1
EYT_22_23,BDRT_22_23,5,CP_file,0.4233725808543344,,,0.03706|0.006261|0.03864|0.02699|0.03818,-70.37272869028959,True,1
EYT_22_23,BDRT_22_23,5,CROSS,0.26268216922432164,0.4170445713664319,12.234807856768345,0.06077|0.01642|0.03409,-99.59183605389353,True,6
EYT_22_23,BDRT_22_23,5,SPECTRAL,0.26272396861373,,,0.06078|0.01643|9.312e-06|1.812e-07|0.03408,-99.59402556586076,True,1
EYT_22_23,BDRT_22_23,5,ID,0.46842982386719606,,,0.03611|0.004686|0.014|0.03996,-58.51501366013099,True,1
EYT_22_23,BDRT_22_23,5,ID_CROSS,0.4684595587177437,-0.4170445713664319,-10.436607547688086,0.03611|0.00469|0.014|0.03996,-58.51429571183451,True,6
EYT_22_23,BEHT_22_23,1,KA,0.3979720698918001,,,0.1691|0.04267|0.1057,-530.2269282557112,True,1
EYT_22_23,BEHT_22_23,1,CP_file,0.4131988195421773,,,0.1491|0.01857|0.1412|0.06136|0.09628,-512.5136968917101,True,1
EYT_22_23,BEHT_22_23,1,CROSS,0.3979831725362908,1.2394372352699168,11.724396515121988,0.169|0.04264|0.1057,-530.2235946147521,True,6
EYT_22_23,BEHT_22_23,1,SPECTRAL,0.39111811433859694,,,0.1341|0.03401|1.929|6.9e-07|0.1205,-529.8067683658792,True,1
EYT_22_23,BEHT_22_23,1,ID,0.45694662305402545,,,0.1687|0.01575|0.02984|0.09529,-505.90199353924356,True,1
EYT_22_23,BEHT_22_23,1,ID_CROSS,0.45693726665057893,1.2394372352699168,13.002992711537463,0.1686|0.01572|0.02984|0.09532,-505.8984022646613,True,6
EYT_22_23,BEHT_22_23,2,KA,0.2869096976110802,,,0.2381|0.02004|0.09264,-545.538125379101,True,1
EYT_22_23,BEHT_22_23,2,CP_file,0.3540513415819662,,,0.2019|0.01382|0.0828|0.1005|0.08426,-529.800346993638,True,1
EYT_22_23,BEHT_22_23,2,CROSS,0.2869099702247002,0.1326962747345102,1.4323481376700884,0.2381|0.02004|0.09264,-545.5380698335786,True,6
EYT_22_23,BEHT_22_23,2,SPECTRAL,0.2868940482143747,,,0.2383|0.02001|8.423e-06|2.646e-08|0.09259,-545.5381364736761,True,1
EYT_22_23,BEHT_22_23,2,ID,0.3837785750202787,,,0.2135|0.01751|0.02964|0.08159,-521.6478459356276,True,1
EYT_22_23,BEHT_22_23,2,ID_CROSS,0.3837769439623151,0.13275077567494084,1.6270792295978989,0.2134|0.01751|0.02964|0.08159,-521.6477840997836,True,6
EYT_22_23,BEHT_22_23,3,KA,0.3350426014324351,,,0.2238|0.0247|0.09666,-546.3585815954566,True,1
EYT_22_23,BEHT_22_23,3,CP_file,0.41814472562226984,,,0.1987|0.0205|0.08031|0.06482|0.0877,-535.2582134644441,True,1
EYT_22_23,BEHT_22_23,3,CROSS,0.3350574794290879,1.3182020299409605,13.634325581785639,0.2238|0.02466|0.09668,-546.3559485939238,True,6
EYT_22_23,BEHT_22_23,3,SPECTRAL,0.3352147371562172,,,0.2231|0.02429|0.03625|8.797e-06|0.09709,-546.3578961034424,True,1
EYT_22_23,BEHT_22_23,3,ID,0.4316908699773843,,,0.204|0.0206|0.02792|0.08637,-525.9525282075874,True,1
EYT_22_23,BEHT_22_23,3,ID_CROSS,0.43169600803221214,1.3182020299409605,15.259438411414838,0.204|0.02058|0.02792|0.08639,-525.9508490186636,True,6
EYT_22_23,BEHT_22_23,4,KA,0.3562570268039757,,,0.2124|0.01752|0.1084,-550.9137364079538,True,1
EYT_22_23,BEHT_22_23,4,CP_file,0.4390340682715129,,,0.1865|0.00686|0.08012|0.06726|0.1018,-538.053651413042,True,1
EYT_22_23,BEHT_22_23,4,CROSS,0.35613204284158156,1.3193383885599916,12.168523449428873,0.2124|0.01738|0.1084,-550.9029411158326,True,6
EYT_22_23,BEHT_22_23,4,SPECTRAL,0.3479857821495223,,,0.1899|0.007241|1.24|0.001906|0.1199,-550.350485687153,True,1
EYT_22_23,BEHT_22_23,4,ID,0.456236494813412,,,0.2064|0.009815|0.02547|0.09416,-531.0885564251545,True,1
EYT_22_23,BEHT_22_23,4,ID_CROSS,0.45613144538740985,1.3193383885599916,14.004036243237369,0.2063|0.009732|0.02547|0.09421,-531.0801906089853,True,6
EYT_22_23,BEHT_22_23,5,KA,0.33731381808171684,,,0.2385|0.02577|0.09555,-556.9495627635577,True,1
EYT_22_23,BEHT_22_23,5,CP_file,0.3728516712226012,,,0.2116|0.009971|0.104|0.08851|0.08611,-541.8185823418179,True,1
EYT_22_23,BEHT_22_23,5,CROSS,0.3373208835803262,1.3382874502073558,14.003417237867573,0.2385|0.02572|0.09557,-556.9455891705486,True,6
EYT_22_23,BEHT_22_23,5,SPECTRAL,0.3374141388274853,,,0.2308|0.02199|0.4106|3.927e-07|0.09958,-556.8412517745347,True,1
EYT_22_23,BEHT_22_23,5,ID,0.41657225511584156,,,0.2308|0.01064|0.0363|0.08163,-534.9600659993391,True,1
EYT_22_23,BEHT_22_23,5,ID_CROSS,0.41658117553580193,1.3382874502073558,16.390631681149163,0.2308|0.01063|0.0363|0.08165,-534.9584286001145,True,6
EYT_22_23,F5IR_22_23,1,KA,0.2760653332875105,,,0.06559|0.1203|0.119,-520.9643077686148,True,1
EYT_22_23,F5IR_22_23,1,CP_file,0.5183114822183521,,,0.08462|0.01199|0.2082|0.1377|0.09684,-462.05891251512713,True,1
EYT_22_23,F5IR_22_23,1,CROSS,0.27606316745380394,1.129507640195567,9.491052874056445,0.06554|0.1203|0.119,-520.9597362144436,True,6
EYT_22_23,F5IR_22_23,1,SPECTRAL,0.27598999205035,,,0.0587|0.1189|0.1484|0.06001|0.1221,-520.7192066419143,True,1
EYT_22_23,F5IR_22_23,1,ID,0.5302053733263967,,,0.08291|0.01309|0.05989|0.1097,-455.7621353340428,True,1
EYT_22_23,F5IR_22_23,1,ID_CROSS,0.5302355932515663,1.129507640195567,10.29141525300773,0.08283|0.01314|0.05988|0.1098,-455.7585148677629,True,6
EYT_22_23,F5IR_22_23,2,KA,0.2874260291124423,,,0.0521|0.1244|0.1267,-525.5565944457716,True,1
EYT_22_23,F5IR_22_23,2,CP_file,0.5414760217059778,,,0.07887|0.03097|0.1538|0.1918|0.09621,-472.4914117734415,True,1
EYT_22_23,F5IR_22_23,2,CROSS,0.28743088938982564,1.128764818821656,8.907991346610206,0.05204|0.1244|0.1267,-525.5518514899239,True,6
EYT_22_23,F5IR_22_23,2,SPECTRAL,0.28325753686628097,,,0.04356|0.1229|0.1617|0.001326|0.1309,-525.3132518541116,True,1
EYT_22_23,F5IR_22_23,2,ID,0.5803455885643218,,,0.077|0.03259|0.05241|0.1078,-462.73306245681744,True,1
EYT_22_23,F5IR_22_23,2,ID_CROSS,0.5803545057841168,1.128764818821656,10.466202298764868,0.07697|0.03257|0.05241|0.1078,-462.72979876790515,True,6
EYT_22_23,F5IR_22_23,3,KA,0.28323186747980583,,,0.08379|0.1152|0.1153,-527.7189461751176,True,1
EYT_22_23,F5IR_22_23,3,CP_file,0.4718882954703835,,,0.1115|1.294e-06|0.2036|0.1567|0.09015,-466.48470666629225,True,1
EYT_22_23,F5IR_22_23,3,CROSS,0.2832242614082168,1.1462152986185186,9.936656193213327,0.0837|0.1152|0.1154,-527.7151843005117,True,6
EYT_22_23,F5IR_22_23,3,SPECTRAL,0.28283609557503436,,,0.07954|0.1121|0.01885|0.1304|0.1179,-527.424278315031,True,1
EYT_22_23,F5IR_22_23,3,ID,0.5067724587330148,,,0.09857|8.491e-08|0.0524|0.1121,-460.2056958919437,True,1
EYT_22_23,F5IR_22_23,3,ID_CROSS,0.5067555649507263,1.1462152986185186,10.21954525598995,0.09843|2.292e-08|0.05238|0.1122,-460.2001791280887,True,6
EYT_22_23,F5IR_22_23,4,KA,0.36011092862496313,,,0.07591|0.1299|0.1168,-534.0601431672358,True,1
EYT_22_23,F5IR_22_23,4,CP_file,0.5370184752196869,,,0.137|0.006667|0.2061|0.1633|0.07619,-470.8307169002152,True,1
EYT_22_23,F5IR_22_23,4,CROSS,0.3601068810501574,-0.11569536424618591,-0.9907522667898587,0.07592|0.1299|0.1168,-534.0601188290357,True,6
EYT_22_23,F5IR_22_23,4,SPECTRAL,0.35865879199457895,,,0.07524|0.1265|2.916e-06|0.1549|0.1177,-533.7311473483028,True,1
EYT_22_23,F5IR_22_23,4,ID,0.5451019470990515,,,0.1224|0.01705|0.05893|0.09169,-463.30078735038273,True,1
EYT_22_23,F5IR_22_23,4,ID_CROSS,0.5450611416772269,-1.155206387219943,-12.60030182875096,0.1224|0.01706|0.05893|0.09168,-463.29886145989155,True,6
EYT_22_23,F5IR_22_23,5,KA,0.28053350813803035,,,0.0552|0.1452|0.1201,-529.8905171294441,True,1
EYT_22_23,F5IR_22_23,5,CP_file,0.5191139766748604,,,0.0746|0.03038|0.2295|0.1547|0.09458,-470.4607772664417,True,1
EYT_22_23,F5IR_22_23,5,CROSS,0.2804126408590067,1.1619747331169692,9.673854608053347,0.05511|0.1452|0.1201,-529.880609485562,True,6
EYT_22_23,F5IR_22_23,5,SPECTRAL,0.265831825531674,,,0.04248|0.1422|0.2202|0.176|0.1258,-529.0022168656412,True,1
EYT_22_23,F5IR_22_23,5,ID,0.5051066698686799,,,0.07469|0.03372|0.06421|0.1051,-459.6595014450131,True,1
EYT_22_23,F5IR_22_23,5,ID_CROSS,0.5050627585083785,1.1619747331169692,11.047261210933957,0.07464|0.03369|0.0642|0.1052,-459.6514146377763,True,6
EYT_22_23,BLHT_22_23,1,KA,0.26393900841916096,,,0.1848|0.0508|0.1613,-642.5683214775204,True,1
EYT_22_23,BLHT_22_23,1,CP_file,0.22530519304989402,,,0.1719|0.04779|0.1128|3.296e-07|0.1537,-638.7102607717679,True,1
EYT_22_23,BLHT_22_23,1,CROSS,0.26393874732957645,-0.15359148356176852,-0.9520508081284492,0.1848|0.0508|0.1613,-642.5683161504519,True,5
EYT_22_23,BLHT_22_23,1,SPECTRAL,0.26392954211588737,,,0.1847|0.05084|2.653e-05|3.071e-08|0.1613,-642.5683546873039,True,1
EYT_22_23,BLHT_22_23,1,ID,0.26725562470491127,,,0.1812|0.04408|0.01478|0.1572,-640.3556943490951,True,1
EYT_22_23,BLHT_22_23,1,ID_CROSS,0.26725611464294674,0.15450102703035956,0.9829481071933901,0.1812|0.04408|0.01478|0.1572,-640.3556318213957,True,6
EYT_22_23,BLHT_22_23,2,KA,0.2050834456945778,,,0.1568|0.06631|0.1589,-628.7464652738206,True,1
EYT_22_23,BLHT_22_23,2,CP_file,0.21063474395302906,,,0.155|0.06447|0.02734|0.0001752|0.1566,-628.2229027905839,True,1
EYT_22_23,BLHT_22_23,2,CROSS,0.20508349339398382,0.14805049086775826,0.931693180581896,0.1568|0.0663|0.1589,-628.746435198347,True,6
EYT_22_23,BLHT_22_23,2,SPECTRAL,0.20506537605437952,,,0.1567|0.06631|8.171e-07|3.33e-08|0.1589,-628.7464675237779,True,1
EYT_22_23,BLHT_22_23,2,ID,0.2175549775616007,,,0.152|0.065|0.003699|0.1593,-628.5324498610161,True,1
EYT_22_23,BLHT_22_23,2,ID_CROSS,0.21755698854128222,0.14894417130066137,0.9348520921116262,0.152|0.065|0.003699|0.1593,-628.5324020433634,True,6
EYT_22_23,BLHT_22_23,3,KA,0.29511287512385853,,,0.177|0.06447|0.1658,-652.7825763522432,True,1
EYT_22_23,BLHT_22_23,3,CP_file,0.300827228372724,,,0.1768|0.06147|0.03346|1.084e-06|0.1623,-652.3423615937611,True,1
EYT_22_23,BLHT_22_23,3,CROSS,0.2951132193597606,0.15660770428510012,0.9446546915457701,0.177|0.06447|0.1658,-652.7825590491559,True,6
EYT_22_23,BLHT_22_23,3,SPECTRAL,0.29511151795313845,,,0.177|0.06448|3.985e-06|5.446e-08|0.1658,-652.7825810080343,True,1
EYT_22_23,BLHT_22_23,3,ID,0.306920051970872,,,0.1738|0.06361|0.001992|0.1663,-652.6875473471855,True,1
EYT_22_23,BLHT_22_23,3,ID_CROSS,0.306919968655878,0.15703389110049595,0.9444904765583423,0.1738|0.06361|0.001992|0.1663,-652.6875232787726,True,6
EYT_22_23,BLHT_22_23,4,KA,0.305986974637909,,,0.1727|0.04675|0.1569,-624.1067888656764,True,1
EYT_22_23,BLHT_22_23,4,CP_file,0.301100629931216,,,0.1711|0.04246|0.07894|2.27e-07|0.1488,-621.6189314720971,True,1
EYT_22_23,BLHT_22_23,4,CROSS,0.3059798576422621,-1.4516378971099353,-9.250131232094866,0.1728|0.04674|0.1569,-624.1061425692682,True,6
EYT_22_23,BLHT_22_23,4,SPECTRAL,0.30598629242803616,,,0.1728|0.04675|2.194e-06|3.151e-08|0.1569,-624.1067928267025,True,1
EYT_22_23,BLHT_22_23,4,ID,0.310483873172231,,,0.1679|0.03853|0.01632|0.1534,-621.4611238650988,True,1
EYT_22_23,BLHT_22_23,4,ID_CROSS,0.310482701032281,-0.1455922699580542,-0.9492895319525159,0.1679|0.03853|0.01632|0.1534,-621.4610806372852,True,6
EYT_22_23,BLHT_22_23,5,KA,0.25472922742517007,,,0.265|4.537e-07|0.1587,-656.4103416915309,True,1
EYT_22_23,BLHT_22_23,5,CP_file,0.24629951621607643,,,0.2609|7.718e-07|0.08031|3.169e-08|0.1487,-654.0514999806292,True,1
EYT_22_23,BLHT_22_23,5,CROSS,0.254693332357405,-1.5843979545384959,-9.983899570020094,0.265|3.169e-08|0.1587,-656.4073671816141,True,6
EYT_22_23,BLHT_22_23,5,SPECTRAL,0.2547268714061399,,,0.265|3.821e-08|2.926e-07|3.169e-08|0.1587,-656.4103405454734,True,1
EYT_22_23,BLHT_22_23,5,ID,0.27895938422777417,,,0.2576|6.006e-07|0.00979|0.1554,-655.0072088412206,True,1
EYT_22_23,BLHT_22_23,5,ID_CROSS,0.27892109039276664,-1.5843979545384959,-10.199380576716619,0.2578|1.412e-07|0.009797|0.1553,-655.0042343345065,True,6
