dataset,scenario,ec,split,subset,n,model,converged,COR_pooled,RMSE_pooled,NRMSE_pooled,PM10_pooled,COR_within,RMSE_within,NRMSE_within,PM10_within,environments_scored
Indica,forward,previous,predict_2012,all,327,B_Hadamard,True,0.6328720365977825,1724.6935002776322,1.3595755297678132,21.21212121212121,0.6328720365977825,1724.6935002776322,1.3595755297678132,21.21212121212121,1
Indica,forward,previous,predict_2012,tested,327,B_Hadamard,True,0.6328720365977825,1724.6935002776322,1.3595755297678132,21.21212121212121,0.6328720365977825,1724.6935002776322,1.3595755297678132,21.21212121212121,1
Indica,forward,previous,predict_2012,all,327,GK_Hadamard,True,0.639742783224059,1720.3804772442031,1.35617557460208,21.21212121212121,0.639742783224059,1720.3804772442031,1.35617557460208,21.21212121212121,1
Indica,forward,previous,predict_2012,tested,327,GK_Hadamard,True,0.639742783224059,1720.3804772442031,1.35617557460208,21.21212121212121,0.639742783224059,1720.3804772442031,1.35617557460208,21.21212121212121,1
Indica,forward,previous,predict_2012,all,327,ID_common,True,0.6196414957079763,1729.3222364662815,1.363224361548547,30.303030303030305,0.6196414957079763,1729.3222364662815,1.363224361548547,30.303030303030305,1
Indica,forward,previous,predict_2012,tested,327,ID_common,True,0.6196414957079763,1729.3222364662815,1.363224361548547,30.303030303030305,0.6196414957079763,1729.3222364662815,1.363224361548547,30.303030303030305,1
Indica,forward,previous,predict_2012,all,327,ID_env,True,0.6409228944355988,1712.9895847454684,1.3503493355730545,15.151515151515152,0.6409228944355988,1712.9895847454684,1.3503493355730545,15.151515151515152,1
Indica,forward,previous,predict_2012,tested,327,ID_env,True,0.6409228944355988,1712.9895847454684,1.3503493355730545,15.151515151515152,0.6409228944355988,1712.9895847454684,1.3503493355730545,15.151515151515152,1
Indica,forward,previous,predict_2012,all,327,GK_ID_env,True,0.6462374477087447,1712.1296455739543,1.349671445701903,18.181818181818183,0.6462374477087447,1712.1296455739543,1.349671445701903,18.181818181818183,1
Indica,forward,previous,predict_2012,tested,327,GK_ID_env,True,0.6462374477087447,1712.1296455739543,1.349671445701903,18.181818181818183,0.6462374477087447,1712.1296455739543,1.349671445701903,18.181818181818183,1
