dataset,scenario,split,model,var_ID,var_ID_E,var_G,var_H,var_resid,converged,COR_pooled,RMSE_pooled,NRMSE_pooled,PM10_pooled,COR_within,RMSE_within,NRMSE_within,PM10_within,environments_scored
EYT_2,cv1,partition_1,B_Hadamard,,,0.11410905532397916,0.044718553642329635,0.12713455316379052,True,0.9361284306420853,0.46991207172576815,0.35165299407065687,39.69072164948454,0.4193140457407023,0.46164469705232314,0.9141968744917854,31.794871794871796,5
EYT_2,cv1,partition_1,R6_both,0.0038397948250912723,0.024419910051554264,0.11054218725802345,0.03951181344249277,0.11301283583883821,True,0.9392953200770792,0.4586646783458852,0.34323614377991885,40.20618556701031,0.4768146361006627,0.4486441631936665,0.8840880330335796,34.35897435897436,5
EYT_2,cv1,partition_1,ID_common,0.008100008867122432,,0.10223308408209045,0.04495116229463065,0.12683708113493686,True,0.9362559443777495,0.46953997429777916,0.35137453947774167,39.69072164948454,0.421874295570695,0.4612951956104078,0.913561697791941,32.30769230769231,5
EYT_2,cv1,partition_1,ID_env,,0.02528870673118706,0.11391426930493989,0.03938591170903631,0.11295046022137648,True,0.9392930097004731,0.45863154171480175,0.3432113463843314,39.175257731958766,0.476480900315293,0.4486377206799929,0.8841259239554802,35.38461538461539,5
EYT_2,cv1,partition_1,GK_Hadamard,,,0.13225606375277793,0.13488120127543457,0.08942865647816711,True,0.9399024643090045,0.4563016631855914,0.341467810072083,39.69072164948454,0.46824035890239646,0.44718726148925325,0.8832004206784223,34.871794871794876,5
EYT_2,cv1,partition_1,GK_ID_common,0.004187750651492646,,0.12501625863238516,0.13479116385602552,0.08947479852027043,True,0.9398192955016258,0.45665774747992094,0.341734281430826,38.65979381443299,0.46766358891676096,0.447522143399679,0.8838959916426556,33.84615384615385,5
EYT_2,cv1,partition_1,GK_ID_env,,0.02316980529904341,0.13161121237662507,0.11411063677707671,0.0829616257739028,True,0.9426422615000919,0.44615310213336556,0.3338732576137525,40.20618556701031,0.5156218686854547,0.43531886701121597,0.8557286921668024,36.410256410256416,5
EYT_2,cv1,partition_2,B_Hadamard,,,0.09528965236943505,0.05566166572630367,0.12904919064512999,True,0.9359695263945198,0.47051158857777786,0.3523494211143752,42.2680412371134,0.4092501965766558,0.46235308592869756,0.9188402579940659,25.641025641025642,5
EYT_2,cv1,partition_2,R6_both,0.006371698133019106,0.025477925895780483,0.08883764997886197,0.043886735184421294,0.11811354486157491,True,0.9380002813859714,0.46366626419426027,0.3472232007567361,43.29896907216495,0.4522551965295582,0.4534446350950227,0.8962199633237693,32.30769230769231,5
EYT_2,cv1,partition_2,ID_common,0.010883052576193123,,0.08192897251348907,0.05659088398456234,0.12809596911894733,True,0.9354095965994754,0.47284449623310504,0.3540964528173615,42.78350515463917,0.4006410500164086,0.46499670510059926,0.9253553553215447,28.205128205128204,5
EYT_2,cv1,partition_2,ID_env,,0.027328232880358707,0.09348442495514503,0.04334341194367174,0.1181516111625342,True,0.9382016090684252,0.462795541089173,0.34657114714216775,43.29896907216495,0.45445156606494663,0.4526450191779257,0.8946651733918843,31.28205128205128,5
EYT_2,cv1,partition_2,GK_Hadamard,,,0.11056643732849147,0.20959484613304896,0.06518107074443107,True,0.937989160860365,0.46352465785031977,0.3471171567941115,43.29896907216495,0.44678839683496285,0.45297940890282673,0.8959039128061453,31.28205128205128,5
EYT_2,cv1,partition_2,GK_ID_common,0.006165556594260061,,0.1010453971311258,0.20985225041983574,0.06507031489143485,True,0.9373916626597607,0.46592485096439734,0.3489145761878915,44.329896907216494,0.4367628466202721,0.4557904444342655,0.9027405797442059,33.333333333333336,5
EYT_2,cv1,partition_2,GK_ID_env,,0.023847708668599633,0.1097669100964887,0.17127444938667655,0.06565698465659632,True,0.9399705353347958,0.456544192041491,0.3418897338218441,42.2680412371134,0.48357788325814044,0.4440331400231695,0.8736179476056213,31.28205128205128,5
EYT_2,cv1,partition_3,B_Hadamard,,,0.11506598801243988,0.0582795473275261,0.1261923322593049,True,0.9361869063775876,0.4665029523252014,0.351726585735923,36.08247422680412,0.3876520508402359,0.4584416165657094,0.9339225502505124,25.12820512820513,5
EYT_2,cv1,partition_3,R6_both,0.005734026484638791,0.048287120388531286,0.11483108882411602,0.040768452147164284,0.10811488482708959,True,0.9380176929119127,0.45997390387036863,0.3468039160943344,36.597938144329895,0.4350771942716277,0.45052307014447235,0.9145615874582212,28.205128205128204,5
EYT_2,cv1,partition_3,ID_common,0.011998038973704874,,0.1037401168038302,0.05970872160138817,0.12472148235010441,True,0.9361877637847934,0.4663901322391217,0.3516415234153494,35.05154639175258,0.3904237225198839,0.458331320579121,0.9337518579451343,24.615384615384613,5
EYT_2,cv1,partition_3,ID_env,,0.04932523667355923,0.11824270494204461,0.04027598664172166,0.10840132696969716,True,0.9380294808727369,0.459956949106463,0.3467911328071317,35.56701030927835,0.43414600585696894,0.4506061120077298,0.9149199222397794,28.20512820512821,5
EYT_2,cv1,partition_3,GK_Hadamard,,,0.1326141709306957,0.17092611517995857,0.0799180664833401,True,0.9403711502227551,0.45147818576925935,0.34039844769122135,37.628865979381445,0.44014264777381334,0.4427209042056831,0.9000870850120499,28.205128205128204,5
EYT_2,cv1,partition_3,GK_ID_common,1.773883371478276e-07,,0.1326139606242483,0.17093008702364967,0.07991443240212004,True,0.9403711066159451,0.4514783452924985,0.3403985679660534,37.628865979381445,0.44014297009540365,0.4427210153531333,0.900087224129013,28.205128205128204,5
EYT_2,cv1,partition_3,GK_ID_env,,0.04250164660350156,0.13681743413977498,0.1209803286918308,0.07650070721237016,True,0.9423806341937401,0.4439693652905453,0.334737064892424,39.175257731958766,0.4767676483053987,0.4341312603444706,0.8800651564455461,29.743589743589745,5
EYT_2,cv1,partition_4,B_Hadamard,,,0.12114513933887745,0.04016402877388484,0.14877220783813375,True,0.9417388898849476,0.4493300611327649,0.339400683446946,40.72164948453608,0.4270228232451611,0.4422628542286381,0.9171079144295892,28.205128205128204,5
EYT_2,cv1,partition_4,R6_both,3.0638801888363363e-06,0.03598888761727945,0.12292231250137149,0.030695021350737397,0.1321325372514657,True,0.9443482823779331,0.43968157438664196,0.33211271569422685,42.78350515463917,0.480975430233635,0.43082555067918793,0.8886897389694027,30.769230769230766,5
EYT_2,cv1,partition_4,ID_common,0.005228480679464497,,0.11266721366964132,0.040225189110016296,0.148683214169873,True,0.9420680088279156,0.44804696454741055,0.33843149866349337,43.81443298969072,0.4328593474795527,0.4407375983621855,0.9133257456937391,27.69230769230769,5
EYT_2,cv1,partition_4,ID_env,,0.036030536871177916,0.12298814737261365,0.0306742729367312,0.13212966262813505,True,0.9443470103711009,0.4396867763681489,0.3321166450019484,42.78350515463917,0.4809660191817608,0.4308306106880311,0.8887002027217624,30.769230769230766,5
EYT_2,cv1,partition_4,GK_Hadamard,,,0.1418690741468042,0.14459954428964303,0.1016286184405949,True,0.9453077359617938,0.43515148593658554,0.3286909212294893,42.2680412371134,0.47789544033266507,0.42736721254518806,0.8843104273549134,30.769230769230766,5
EYT_2,cv1,partition_4,GK_ID_common,0.002379476887465945,,0.1374989199411311,0.14417271795773406,0.1018509941826329,True,0.945421997432133,0.4346463269916365,0.32830935029534614,42.78350515463917,0.48090465015264067,0.426723753874165,0.8826496005943065,30.769230769230766,5
EYT_2,cv1,partition_4,GK_ID_env,,0.03458432952164938,0.1429798666661364,0.1162320583582048,0.09341624113267448,True,0.9477035983438501,0.42577586547586316,0.3216090625528491,43.81443298969072,0.5261484239079397,0.416034002941909,0.8559726237504381,32.82051282051282,5
EYT_2,cv1,partition_5,B_Hadamard,,,0.12264655062968335,0.06095314693464685,0.11046672430808034,True,0.9314949586106092,0.48332647111706706,0.36817060064456736,40.72164948453608,0.41317895416690636,0.47236061269795276,0.9228644614868557,29.74358974358974,5
EYT_2,cv1,partition_5,R6_both,0.005872375053464287,0.03743195534059369,0.1220941499756505,0.052425576112162184,0.09187394492737788,True,0.9354520537975296,0.46948651282721643,0.35762810802111683,43.81443298969072,0.471620976462208,0.4576479044321341,0.8914968055961074,33.333333333333336,5
EYT_2,cv1,partition_5,ID_common,0.010455119840629098,,0.10946991513453623,0.061404663454721835,0.10997967551422459,True,0.9323916094372876,0.47957202840118224,0.3653106798407301,40.20618556701031,0.42403075853660344,0.46861966954791406,0.9152974514167745,30.256410256410255,5
EYT_2,cv1,partition_5,ID_env,,0.03826989705003793,0.126691364619497,0.052143396096140236,0.0919769464865455,True,0.9352178787712251,0.470475599927269,0.3583815382871532,42.2680412371134,0.46898783333420574,0.45864918469911486,0.8935502969578917,31.794871794871796,5
EYT_2,cv1,partition_5,GK_Hadamard,,,0.13443101398763982,0.2085696888390031,0.0503525146552588,True,0.9356825800233347,0.46765357866843155,0.35623188308722875,42.78350515463917,0.4701166324007325,0.4559747152022819,0.8891749672492437,32.30769230769231,5
EYT_2,cv1,partition_5,GK_ID_common,0.0006157712139414522,,0.13327504647398802,0.20840478702672036,0.050426233558734525,True,0.9357372025478214,0.4673798878464082,0.3560234009941575,43.29896907216495,0.47081239230460803,0.4557111739113563,0.888662126936205,32.820512820512825,5
EYT_2,cv1,partition_5,GK_ID_env,,0.03388325836674736,0.13750503200485018,0.17160568460499748,0.04506257975471222,True,0.9385526700393234,0.4572569193676111,0.3483122996830066,46.391752577319586,0.5083881127995818,0.44519406182369237,0.8666684146499428,36.92307692307692,5
EYT_2,loeo,leave_Bed2IR,B_Hadamard,,,0.16042666590999535,0.05838576620509778,0.14040144366568727,True,0.4449100362763325,1.1553530254414568,3.1637617818276738,21.794871794871796,0.4449100362763325,1.1553530254414568,3.1637617818276738,21.794871794871796,1
EYT_2,loeo,leave_Bed2IR,R6_both,0.0454491779230458,0.040509538618928115,0.1364707912701692,0.05006085582588786,0.12310821875786111,True,0.4326229930186667,1.1564518068736502,3.166770630746754,21.794871794871796,0.4326229930186667,1.1564518068736502,3.166770630746754,21.794871794871796,1
EYT_2,loeo,leave_Bed2IR,ID_common,0.04754854074070611,,0.12318406342451556,0.06103849704811575,0.13706291180015062,True,0.42083356800928,1.1562369126912215,3.166182175108924,23.076923076923077,0.42083356800928,1.1562369126912215,3.166182175108924,23.076923076923077,1
EYT_2,loeo,leave_Bed2IR,ID_env,,0.04958554188525963,0.1579726536293322,0.048381972213187914,0.12377297284974086,True,0.4632826295935361,1.1515851170528395,3.1534439272024346,26.923076923076923,0.4632826295935361,1.1515851170528395,3.1534439272024346,26.923076923076923,1
EYT_2,loeo,leave_Bed2IR,GK_Hadamard,,,0.16703622013163105,0.20672803798160153,0.07716672481730623,True,0.4409802698025634,1.1645977530032026,3.1890770881446193,25.641025641025642,0.4409802698025634,1.1645977530032026,3.1890770881446193,25.641025641025642,1
EYT_2,loeo,leave_Bed2IR,GK_ID_common,0.010342660924584806,,0.15278107912016745,0.20723169548726722,0.07696133228703134,True,0.42157987252856066,1.1639261731673496,3.187238067021785,25.641025641025642,0.42157987252856066,1.1639261731673496,3.187238067021785,25.641025641025642,1
EYT_2,loeo,leave_Bed2IR,GK_ID_env,,0.04169964744776198,0.1645959785584101,0.1686745921740285,0.07371947991358319,True,0.46809720698913915,1.1584344893378329,3.1721999106876484,28.205128205128204,0.46809720698913915,1.1584344893378329,3.1721999106876484,28.205128205128204,1
EYT_2,loeo,leave_Bed5IR,B_Hadamard,,,0.1046552299497905,0.06564420034337766,0.14345956696847206,True,0.6487564933592394,1.267330971944055,2.740359245567614,46.15384615384615,0.6487564933592394,1.267330971944055,2.740359245567614,46.15384615384615,1
EYT_2,loeo,leave_Bed5IR,R6_both,0.03618353297990309,0.056405375163062384,0.09287197296283438,0.05240834969998378,0.11964498091196744,True,0.6506731447529995,1.2664413665638816,2.7384356451960983,50.0,0.6506731447529995,1.2664413665638816,2.7384356451960983,50.0,1
EYT_2,loeo,leave_Bed5IR,ID_common,0.038738459306817935,,0.07679824544919452,0.06795961727006061,0.14074764127038897,True,0.6334569473791327,1.2698955150226958,2.745904576260061,51.282051282051285,0.6334569473791327,1.2698955150226958,2.745904576260061,51.282051282051285,1
EYT_2,loeo,leave_Bed5IR,ID_env,,0.06352538679786275,0.10681916485189343,0.05079791682289617,0.120566830110596,True,0.6518612748095357,1.2670486646657704,2.7397488104269407,46.15384615384615,0.6518612748095357,1.2670486646657704,2.7397488104269407,46.15384615384615,1
EYT_2,loeo,leave_Bed5IR,GK_Hadamard,,,0.11994788041170429,0.23420008498059397,0.07338822946327392,True,0.6603193922743911,1.2758168296533097,2.758708279202021,50.0,0.6603193922743911,1.2758168296533097,2.758708279202021,50.0,1
EYT_2,loeo,leave_Bed5IR,GK_ID_common,0.005948272626802981,,0.11147497937129357,0.23330160240199133,0.073746555524083,True,0.6510692033710455,1.2767201809757105,2.7606616025272923,51.282051282051285,0.6510692033710455,1.2767201809757105,2.7606616025272923,51.282051282051285,1
EYT_2,loeo,leave_Bed5IR,GK_ID_env,,0.05186653640705842,0.12409422766017587,0.17807750785540777,0.06865490615638788,True,0.6680654641719899,1.2713713001071274,2.7490956773931683,50.0,0.6680654641719899,1.2713713001071274,2.7490956773931683,50.0,1
EYT_2,loeo,leave_EHT,B_Hadamard,,,0.10625743454707498,0.05657109663408245,0.10019623643104623,True,0.51165892433826,1.3517157876211783,2.065712029555526,41.02564102564103,0.51165892433826,1.3517157876211783,2.065712029555526,41.02564102564103,1
EYT_2,loeo,leave_EHT,R6_both,0.03135060027987801,0.04380037804843551,0.09406449993286725,0.040133950108849244,0.08358144016592026,True,0.5135275257017586,1.3505247024363323,2.063891795585416,41.02564102564103,0.5135275257017586,1.3505247024363323,2.063891795585416,41.02564102564103,1
EYT_2,loeo,leave_EHT,ID_common,0.034398184556237284,,0.07865820507886374,0.05822521983277337,0.09835782001491075,True,0.4995828485531827,1.3545916946954606,2.070107033219487,39.743589743589745,0.4995828485531827,1.3545916946954606,2.070107033219487,39.743589743589745,1
EYT_2,loeo,leave_EHT,ID_env,,0.05107305070917258,0.10676592334260791,0.038604451378550515,0.08426335787929348,True,0.5190115792397312,1.3498247141268505,2.0628220631130376,37.17948717948718,0.5190115792397312,1.3498247141268505,2.0628220631130376,37.17948717948718,1
EYT_2,loeo,leave_EHT,GK_Hadamard,,,0.11077007003721158,0.19287788883834145,0.044505328981532664,True,0.5224718796346155,1.3222524701683194,2.020685752692922,41.02564102564103,0.5224718796346155,1.3222524701683194,2.020685752692922,41.02564102564103,1
EYT_2,loeo,leave_EHT,GK_ID_common,0.007332812390428277,,0.10122509991092231,0.19170453962981385,0.04494866984105057,True,0.51223779411355,1.3240320232188112,2.0234052919461423,39.743589743589745,0.51223779411355,1.3240320232188112,2.0234052919461423,39.743589743589745,1
EYT_2,loeo,leave_EHT,GK_ID_env,,0.03793974144400007,0.11334139926314317,0.1356023527699225,0.04560687674526379,True,0.5327785862418307,1.327435409282252,2.0286063967914467,42.30769230769231,0.5327785862418307,1.327435409282252,2.0286063967914467,42.30769230769231,1
EYT_2,loeo,leave_Flat5IR,B_Hadamard,,,0.10226806709509786,0.061909542774207,0.1318246768500332,True,0.5525090505735127,1.2485759966796248,2.4425721804105294,44.87179487179487,0.5525090505735127,1.2485759966796248,2.4425721804105294,44.87179487179487,1
EYT_2,loeo,leave_Flat5IR,R6_both,0.016117484255786296,0.04528857053196855,0.10128528402811497,0.04961473275913421,0.1121544434450879,True,0.5632950294432733,1.2474595514540483,2.4403880938541667,44.87179487179487,0.5632950294432733,1.2474595514540483,2.4403880938541667,44.87179487179487,1
EYT_2,loeo,leave_Flat5IR,ID_common,0.018771521817602856,,0.08618723359808766,0.0633874763866749,0.13010913335087312,True,0.5497263818520713,1.2500408036011799,2.445437762197924,48.717948717948715,0.5497263818520713,1.2500408036011799,2.445437762197924,48.717948717948715,1
EYT_2,loeo,leave_Flat5IR,ID_env,,0.04765556387028727,0.10879849261626438,0.04879724358600591,0.1127692061249026,True,0.5624354491108334,1.2474861294235757,2.440440087973189,42.30769230769231,0.5624354491108334,1.2474861294235757,2.440440087973189,42.30769230769231,1
EYT_2,loeo,leave_Flat5IR,GK_Hadamard,,,0.1172710056199391,0.21616758551679652,0.0673372702801414,True,0.5713688674680643,1.235385257852179,2.416767318083637,48.717948717948715,0.5713688674680643,1.235385257852179,2.416767318083637,48.717948717948715,1
EYT_2,loeo,leave_Flat5IR,GK_ID_common,0.000707537532427561,,0.1159186285334545,0.2159666645776054,0.06742234975218951,True,0.570143006050202,1.2353736248548222,2.4167445606096876,48.717948717948715,0.570143006050202,1.2353736248548222,2.4167445606096876,48.717948717948715,1
EYT_2,loeo,leave_Flat5IR,GK_ID_env,,0.03910959556166757,0.12351343444383281,0.16637898683140637,0.06444732930045811,True,0.5773157549979756,1.2352152646009373,2.4164347626064817,44.87179487179487,0.5773157549979756,1.2352152646009373,2.4164347626064817,44.87179487179487,1
EYT_2,loeo,leave_LHT,B_Hadamard,,,0.15167385031238978,0.03735998452556146,0.1269252174179043,True,0.35031557530883217,2.541694978950898,4.985961994152064,24.358974358974358,0.35031557530883217,2.541694978950898,4.985961994152064,24.358974358974358,1
EYT_2,loeo,leave_LHT,R6_both,0.029203104994622007,0.03926372854710264,0.14383090772328688,0.03034541956686773,0.10786205172197146,True,0.3485395499252011,2.540518479086361,4.9836540918824035,23.076923076923077,0.3485395499252011,2.540518479086361,4.9836540918824035,23.076923076923077,1
EYT_2,loeo,leave_LHT,ID_common,0.029649974379060764,,0.1289280090842766,0.03920298422540417,0.12418843760012234,True,0.3445948605838066,2.541195110130099,4.984981417425429,23.076923076923077,0.3445948605838066,2.541195110130099,4.984981417425429,23.076923076923077,1
EYT_2,loeo,leave_LHT,ID_env,,0.044216873151610804,0.15707215760106277,0.02928000059189345,0.10872441935284693,True,0.34956032018675137,2.5387318276357265,4.980149274701965,23.076923076923077,0.34956032018675137,2.5387318276357265,4.980149274701965,23.076923076923077,1
EYT_2,loeo,leave_LHT,GK_Hadamard,,,0.16379366793246744,0.14838662470373287,0.07594236573877429,True,0.35458786216525595,2.540595238491819,4.983804668360492,21.794871794871796,0.35458786216525595,2.540595238491819,4.983804668360492,21.794871794871796,1
EYT_2,loeo,leave_LHT,GK_ID_common,0.0010081345313013646,,0.16194751893363507,0.1482434214562742,0.07600005665290106,True,0.3539842511515623,2.541189135006074,4.984969696215156,21.794871794871796,0.3539842511515623,2.541189135006074,4.984969696215156,21.794871794871796,1
EYT_2,loeo,leave_LHT,GK_ID_env,,0.03622926295653323,0.16742468816118314,0.11300455412521387,0.07111860984626742,True,0.352855498597881,2.5411128553610256,4.984820060867764,24.358974358974358,0.352855498597881,2.5411128553610256,4.984820060867764,24.358974358974358,1
