dataset,lag,nb_within,nb_cross,same_line_cross_env
EYT_1,1,0.23635060845852746,0.022385661193074873,0.19309091980052284
EYT_1,5,0.130643993088264,0.03411377200697285,0.19309091980052284
EYT_1,50,0.004693688694940344,-0.004779933529864683,0.19309091980052284
EYT_2,1,0.2954340689570737,0.1095585817026474,0.35911090049964517
EYT_2,5,0.13522537709478136,0.031015582132949908,0.35911090049964517
EYT_2,50,0.03803438862744182,0.011662060807098952,0.35911090049964517
EYT_3,1,0.3173011192493091,0.05633950896520466,0.19314022941920803
EYT_3,5,0.13785138757924922,0.015571624204247769,0.19314022941920803
EYT_3,50,0.026172800356239805,-0.0016135751066961204,0.19314022941920803
Japonica,1,0.3249308610544269,0.18121245518982326,0.3329204464603606
Japonica,5,0.18481293133554988,0.08374190933406907,0.3329204464603606
Japonica,50,-0.06706041719474219,0.00464075748576038,0.3329204464603606
Indica,1,0.32732527069636363,0.16890719278057556,0.32816628302985623
Indica,5,0.19790858061166897,0.0722025793286827,0.32816628302985623
Indica,50,0.013966221811521698,-0.04236214220142164,0.32816628302985623
Wheat_1,1,0.34379318313555307,0.23604022108169506,0.5002253422610974
Wheat_1,5,0.12796541460410132,0.10808477711478878,0.5002253422610974
Wheat_1,50,0.10659311943909702,0.10593311789090089,0.5002253422610974
Wheat_2,1,0.33440150732159235,0.0704948490278374,0.27014079116737
Wheat_2,5,0.1408095230823876,0.03086698454845218,0.27014079116737
Wheat_2,50,0.03444488623539864,0.007900522850395494,0.27014079116737
Wheat_3,1,0.4510269603418749,0.12526629274958967,0.29973177903809434
Wheat_3,5,0.28480155659017276,0.03631288617555123,0.29973177903809434
Wheat_3,50,0.08860093724573277,-0.010399848771169347,0.29973177903809434
Wheat_5,1,0.3435765711822887,0.1919156069417756,0.47753405068387117
Wheat_5,5,0.2872261215710589,0.17661852802531974,0.47753405068387117
Wheat_5,50,0.1776946064696619,0.12527653027419924,0.47753405068387117
Wheat_6,1,0.5047193871999861,0.06610092947209827,0.21910084512929828
Wheat_6,5,0.36345936702366544,0.0021383674205110266,0.21910084512929828
Wheat_6,50,0.25246514449666335,-0.0652755561695583,0.21910084512929828
