dataset,lines,example_ids,G_adjacent,G_random,adjacent_in_top5pct,corr_rank_distance_G
EYT_1,766,"GID6569128, GID6688880, GID6688916",0.2673170974427711,0.02158874788732108,0.41045751633986927,-0.02399944998719488
EYT_2,775,"GID7044340, GID7044357, GID7044358",0.32125100033511755,0.013401522470770028,0.537467700258398,-0.06721808353130707
EYT_3,964,"GID7305339, GID7305341, GID7305349",0.3363335644848118,0.008874292752583631,0.5794392523364486,-0.07021529167319024
Indica,327,"Line_1, Line_2, Line_3",0.3812993111172839,-0.00937838212864798,0.2331288343558282,-0.19594612004056536
Japonica,320,"Line_1, Line_3, Line_4",0.3377441528562639,-0.002384696449141393,0.4043887147335423,-0.2480569519112758
Wheat_1,1301,"GID7044340, GID7044348, GID7044357",0.8933398328416171,0.844143271820848,0.36153846153846153,-0.10949117921881422
Wheat_2,1403,"GID7305339, GID7305341, GID7305344",0.8825011040946661,0.8227663062399719,0.47075606276747506,-0.039800957343423725
Wheat_3,1275,"GID7459918, GID7460296, GID7460318",0.8871110135205332,0.8336083297628761,0.4317111459968603,-0.03742794487060253
Wheat_5,1398,"GID8234053, GID8234064, GID8234078",0.8874425753207245,0.8358345756942276,0.3350035790980673,-0.0871416064849973
Wheat_6,1277,"GID8291702, GID8291782, GID8292394",0.8791672231323412,0.8237439215155964,0.4263322884012539,-0.0009954701715504184
