"Line","Env","GY","PHR","GC","PH"
"Line_1","2010",9803.079,59.763,2.245,63.0935
"Line_10","2010",10072.879,60.323,2.935,70.5935
"Line_100","2010",9941.012,61.914,2.726,65.034
"Line_101","2010",9654.512,60.779,2.106,65.8675
"Line_102","2010",11364.462,62.719,3.061,63.0345
"Line_103","2010",11379.412,62.334,4.476,64.3675
"Line_104","2010",11230.712,62.064,2.796,64.201
"Line_105","2010",10965.512,62.439,3.056,63.8675
"Line_106","2010",10682.621,61.417,1.381,62.034
"Line_107","2010",10696.171,62.267,2.351,62.201
"Line_108","2010",11231.921,61.237,1.881,61.5345
"Line_109","2010",11151.071,62.032,2.266,65.701
"Line_11","2010",9616.762,59.203,3.46,61.26
"Line_110","2010",12165.671,61.892,2.906,65.701
"Line_111","2010",11858.571,61.327,2.721,64.3675
"Line_112","2010",11099.121,61.692,2.266,64.534
"Line_113","2010",11693.971,61.422,2.096,63.201
"Line_114","2010",11221.621,60.647,2.276,67.534
"Line_115","2010",8266.471,60.322,2.676,64.0345
"Line_116","2010",12086.721,61.632,2.621,64.201
"Line_117","2010",10591.371,63.017,8.026,66.8675
"Line_118","2010",11704.721,62.237,1.971,64.034
"Line_119","2010",10762.359,60.727,1.821,63.2005
"Line_12","2010",9971.229,60.498,6.55,67.2605
"Line_120","2010",11160.633,62.587,1.766,65.5345
"Line_121","2010",11211.721,62.077,2.501,63.8675
"Line_122","2010",12054.271,57.877,4.116,66.8675
"Line_123","2010",10637.021,59.442,2.961,67.701
"Line_124","2010",11295.421,62.332,3.366,69.3675
"Line_125","2010",11603.771,61.702,2.901,66.8675
"Line_126","2010",11535.021,60.032,2.121,74.227
"Line_127","2010",10865.271,61.732,3.656,64.5605
"Line_128","2010",10275.171,60.957,1.621,70.3935
"Line_129","2010",10224.321,60.847,2.051,66.5605
"Line_13","2010",11034.903,60.938,2.375,63.0935
"Line_130","2010",11804.421,62.242,4.626,66.8935
"Line_131","2010",11330.671,62.017,2.326,63.8935
"Line_132","2010",10248.671,61.777,1.811,63.8935
"Line_133","2010",10960.471,61.247,3.736,66.06
"Line_134","2010",11521.459,62.717,3.761,64.727
"Line_135","2010",11469.583,60.552,2.791,70.06
"Line_136","2010",10659.254,62.382,1.646,70.227
"Line_137","2010",9616.104,62.727,2.086,71.727
"Line_138","2010",9837.354,59.402,1.491,66.727
"Line_139","2010",10173.504,63.827,1.581,69.5605
"Line_14","2010",10419.865,62.298,1.675,66.427
"Line_140","2010",10260.454,61.022,2.826,63.727
"Line_141","2010",9909.554,63.295,3.198,68.227
"Line_142","2010",10158.654,63.692,2.491,67.0605
"Line_143","2010",11723.954,63.877,1.926,68.394
"Line_144","2010",9598.054,59.647,1.381,62.227
"Line_145","2010",10769.504,63.062,2.586,64.227
"Line_146","2010",11229.705,62.683,7.009,74.06
"Line_147","2010",10573.276,64.873,2.894,63.727
"Line_148","2010",10595.913,61.278,3.419,65.727
"Line_149","2010",10699.007,61.938,4.214,68.5605
"Line_15","2010",10949.798,59.958,2.115,65.9265
"Line_150","2010",10742.285,62.508,2.249,70.394
"Line_151","2010",11234.918,64.593,3.964,70.56
"Line_152","2010",10406.213,62.228,2.019,65.727
"Line_153","2010",10550.555,63.248,5.044,68.394
"Line_154","2010",11581.018,63.658,4.039,72.727
"Line_155","2010",10393.005,61.733,2.979,65.5285
"Line_156","2010",13390.88,60.453,5.469,69.529
"Line_157","2010",11751.755,62.443,5.559,66.862
"Line_158","2010",12087.877,62.073,6.589,69.6955
"Line_159","2010",9564.044,62.343,2.584,67.029
"Line_16","2010",12171.998,61.708,3.81,65.0935
"Line_160","2010",10271.973,62.163,4.969,65.529
"Line_161","2010",10020.39,64.928,2.224,60.862
"Line_162","2010",10123.286,61.243,4.139,64.362
"Line_163","2010",9676.728,62.353,1.774,66.029
"Line_164","2010",10794.054,64.963,2.809,67.362
"Line_165","2010",10097.263,65.008,2.409,70.529
"Line_166","2010",10563.649,66.328,2.499,70.029
"Line_167","2010",9610.17,63.253,3.599,65.6955
"Line_168","2010",11004.925,63.698,3.569,64.3625
"Line_169","2010",10012.812,62.808,7.059,73.362
"Line_17","2010",10460.298,61.863,1.63,64.5935
"Line_170","2010",10537.399,62.528,1.664,69.8625
"Line_171","2010",9863.422,61.258,5.319,68.6955
"Line_172","2010",10030.594,62.323,4.974,65.529
"Line_173","2010",11186.243,62.768,2.689,68.029
"Line_174","2010",10213.984,63.768,2.514,68.862
"Line_175","2010",11065.673,62.958,5.789,69.1955
"Line_176","2010",11378.114,58.863,5.319,63.029
"Line_177","2010",10684.275,63.723,5.654,67.5285
"Line_178","2010",11306.79,64.413,5.444,64.1955
"Line_179","2010",10825.939,65.328,4.474,77.362
"Line_18","2010",10844.748,61.758,4.215,67.0935
"Line_180","2010",11510.714,65.248,2.619,64.529
"Line_181","2010",10399.754,58.63,4.528,69.1955
"Line_182","2010",10723.515,58.94,0.608,74.1955
"Line_183","2010",9824.793,61.257,1.235,71.6955
"Line_184","2010",9674.471,59.052,0.69,73.64
"Line_185","2010",10197.931,59.187,1.25,72.3065
"Line_186","2010",10302.99,59.072,0.71,70.9735
"Line_187","2010",9868.557,61.112,1.77,75.14
"Line_188","2010",9942.748,59.982,2.305,77.4735
"Line_189","2010",10740.832,62.637,0.955,71.4735
"Line_19","2010",11676.998,60.548,4.955,68.5935
"Line_190","2010",12825.563,58.112,0.785,68.307
"Line_191","2010",10626.602,55.307,4.1,77.723
"Line_192","2010",9404.819,66.007,3.557,71.3065
"Line_193","2010",9183.574,63.647,3.497,70.64
"Line_194","2010",11149.951,63.642,2.607,71.8065
"Line_195","2010",9099.639,64.112,5.082,71.14
"Line_196","2010",10091.22,64.062,2.217,69.14
"Line_197","2010",10441.656,63.817,4.397,72.473
"Line_198","2010",9565.124,61.657,6.827,71.973
"Line_199","2010",11463.224,54.587,4.214,67.9735
"Line_2","2010",10754.579,60.368,2.72,65.76
"Line_20","2010",9836.548,59.313,3.075,64.7605
"Line_200","2010",12351.147,55.819,5.132,73.3065
"Line_201","2010",10659.206,55.377,4.764,72.307
"Line_202","2010",10995.774,58.132,7.974,68.64
"Line_203","2010",11884.745,62.362,3.649,65.807
"Line_204","2010",10621.046,60.462,3.764,68.307
"Line_205","2010",11429.397,62.969,7.218,72.4735
"Line_206","2010",12626.277,61.619,4.728,68.973
"Line_207","2010",11709.943,63.489,1.618,68.307
"Line_208","2010",11397.978,64.864,2.703,71.64
"Line_209","2010",11384.758,63.489,3.623,72.14
"Line_21","2010",10029.848,61.303,3.725,64.0935
"Line_210","2010",11559.165,65.259,3.033,65.5915
"Line_211","2010",11107.621,61.854,6.633,66.925
"Line_212","2010",11884.581,64.524,4.923,66.592
"Line_213","2010",11323.754,61.084,4.328,68.5915
"Line_214","2010",13187.443,55.357,4.51,71.0915
"Line_215","2010",12463.799,60.772,4.54,65.2585
"Line_216","2010",11493.559,57.292,4.04,67.092
"Line_217","2010",14111.371,62.567,2.745,66.425
"Line_218","2010",11043.371,61.317,1.79,66.7585
"Line_219","2010",13658.286,58.037,2.87,67.0915
"Line_22","2010",11892.248,61.698,4.85,65.5935
"Line_220","2010",11461.304,62.932,1.6,65.592
"Line_221","2010",11783.887,60.252,3.905,67.2585
"Line_222","2010",10471.582,61.567,4.635,65.592
"Line_223","2010",11602.727,61.702,3.045,66.2585
"Line_224","2010",11315.545,61.202,3.055,69.425
"Line_225","2010",12209.209,61.097,4.615,64.7585
"Line_226","2010",11871.703,60.732,5.105,68.425
"Line_227","2010",11125.713,63.687,3.86,67.7585
"Line_228","2010",10622.532,59.672,2.65,69.592
"Line_229","2010",10271.549,58.362,3.66,74.258
"Line_23","2010",10894.598,62.033,6.36,64.76
"Line_230","2010",11112.095,59.642,3.635,65.092
"Line_231","2010",11097.529,59.017,2.24,61.925
"Line_232","2010",10834.011,58.507,4.385,67.592
"Line_233","2010",11471.161,61.067,2.8,66.7585
"Line_234","2010",11419.69,62.072,5.695,68.425
"Line_235","2010",10488.216,57.622,6.655,62.425
"Line_236","2010",10580.867,58.307,1.065,70.425
"Line_237","2010",12147.466,61.052,1.51,68.0915
"Line_238","2010",11825.073,59.542,1.325,69.7585
"Line_239","2010",10711.732,55.962,8.005,71.724
"Line_24","2010",10778.748,59.163,2.415,67.0935
"Line_240","2010",10088.234,57.062,4.272,70.5575
"Line_241","2010",10824.921,54.702,3.387,67.224
"Line_242","2010",10611.348,55.077,5.657,69.724
"Line_243","2010",10328.972,59.252,2.037,72.057
"Line_244","2010",10660.191,62.727,1.612,72.3905
"Line_245","2010",9927.449,60.062,1.327,68.057
"Line_246","2010",9989.3,61.398,5.221,58.0575
"Line_247","2010",11621.057,62.408,4.081,64.3905
"Line_248","2010",10735.104,62.403,7.181,64.057
"Line_249","2010",10033.009,61.033,3.741,63.0575
"Line_25","2010",11071.548,60.008,3.94,67.0935
"Line_250","2010",10213.537,60.938,7.016,66.8905
"Line_251","2010",13809.754,59.323,5.061,66.557
"Line_252","2010",10388.159,61.053,2.776,66.8905
"Line_253","2010",10941.583,60.688,4.556,64.224
"Line_254","2010",10782.433,61.008,4.496,66.5575
"Line_255","2010",15388.342,60.458,4.541,64.5575
"Line_256","2010",11213.87,61.553,3.581,64.224
"Line_257","2010",10615.66,59.365,4.445,63.8905
"Line_258","2010",10447.682,54.323,6.616,62.2235
"Line_259","2010",11243.542,61.966,5.381,67.5575
"Line_26","2010",10695.498,62.383,1.66,65.4265
"Line_260","2010",10174.025,59.191,3.231,66.7235
"Line_261","2010",11437.165,58.701,0.09,67.7235
"Line_262","2010",10230.687,50.061,6.519,68.057
"Line_263","2010",12056.766,61.485,2.019,64.724
"Line_264","2010",11523.307,61.005,1.749,65.724
"Line_265","2010",11524.469,62.07,2.584,65.724
"Line_266","2010",11288.811,59.865,2.734,64.8905
"Line_267","2010",10920.352,60.655,2.809,65.224
"Line_268","2010",10760.264,62.485,2.059,61.7225
"Line_269","2010",10611.005,59.65,3.609,62.5555
"Line_27","2010",9828.972,60.773,1.95,65.5935
"Line_270","2010",11019.159,60.97,7.594,63.5555
"Line_271","2010",11504.361,60.9,2.544,62.7225
"Line_272","2010",11763.519,61.995,3.004,63.556
"Line_273","2010",11628.037,61.205,3.489,60.8895
"Line_274","2010",10778.024,62.28,2.829,63.389
"Line_275","2010",10891.866,61.44,1.349,64.2225
"Line_276","2010",10713.002,60.615,3.149,66.0555
"Line_277","2010",10706.713,60.78,4.309,61.889
"Line_278","2010",11876.321,61.34,5.809,63.389
"Line_279","2010",11702.398,60.91,3.464,64.2225
"Line_28","2010",10865.634,60.608,3.44,63.2605
"Line_280","2010",11369.517,61.655,6.794,61.889
"Line_281","2010",11801.55,61.575,4.284,65.0555
"Line_282","2010",11589.762,61.01,3.144,64.3895
"Line_283","2010",10979.655,59.835,7.144,61.8895
"Line_284","2010",11521.085,61.42,2.544,62.2225
"Line_285","2010",11774.033,61.495,2.904,63.0555
"Line_286","2010",11402.528,63.345,4.684,63.5555
"Line_287","2010",10842.861,61.555,3.339,63.389
"Line_288","2010",10261.104,62.667,2.736,74.056
"Line_289","2010",10495.56,53.196,8.116,71.889
"Line_29","2010",10787.893,60.473,3.215,65.4265
"Line_290","2010",10520.847,57.222,2.449,69.8895
"Line_291","2010",11243.74,59.989,4.368,70.7225
"Line_292","2010",10218.588,56.272,4.65,63.5055
"Line_293","2010",10255.652,60.85,1.789,63.056
"Line_294","2010",10295.727,54.381,0.633,67.2225
"Line_295","2010",10310.483,56.276,0,62.7225
"Line_296","2010",9848.366,53.167,0.675,71.1035
"Line_297","2010",10012.934,58.872,1.41,65.7705
"Line_298","2010",10134.5,59.192,4.909,72.27
"Line_299","2010",10164.442,54.687,3.419,78.1035
"Line_3","2010",11426.529,60.608,1.91,67.2605
"Line_30","2010",11649.943,62.633,1.8,65.264
"Line_300","2010",10684.02,52.669,4.583,67.1035
"Line_301","2010",10463.24,58.349,4.353,69.937
"Line_302","2010",10488.032,58.889,4.048,70.104
"Line_303","2010",10516.282,63.799,4.722,74.7705
"Line_304","2010",10668.947,62.124,6.123,68.6035
"Line_305","2010",10575.068,63.349,2.553,66.437
"Line_306","2010",10770.013,61.864,1.408,72.27
"Line_307","2010",10392.035,55.907,1.595,64.437
"Line_308","2010",9975.593,61.032,2.235,67.604
"Line_309","2010",10077.164,58.887,4.105,65.2705
"Line_31","2010",11476.893,60.793,2.135,64.931
"Line_310","2010",9750.378,59.577,6.785,71.27
"Line_311","2010",9496.468,59.532,4.34,68.1035
"Line_312","2010",10056.938,60.237,1.482,73.604
"Line_313","2010",9990.335,55.982,1.462,72.2705
"Line_314","2010",9388.231,51.778,6.971,64.937
"Line_315","2010",9881.333,57.683,4.466,65.437
"Line_316","2010",10730.944,61.446,0,67.937
"Line_317","2010",10790.705,53.916,2.28,70.604
"Line_318","2010",8832.867,52.836,2.054,71.1695
"Line_319","2010",9421.208,60.716,3.774,63.7705
"Line_32","2010",10766.893,60.703,2.805,63.764
"Line_320","2010",10454.34,60.935,3.469,62.7705
"Line_321","2010",9899.336,61.27,4.504,65.2705
"Line_322","2010",10265.596,60.535,6.779,69.937
"Line_323","2010",9813.838,55.771,0,65.7705
"Line_324","2010",10009.032,56.291,0,66.1035
"Line_325","2010",10032.848,56.946,0,68.437
"Line_326","2010",10709.765,61.791,7.47,68.3615
"Line_327","2010",10884.372,61.143,3.764,64.7915
"Line_33","2010",11934.943,61.568,4.16,66.097
"Line_34","2010",9194.643,59.008,4.505,66.764
"Line_35","2010",10934.493,62.813,1.535,65.9305
"Line_36","2010",11254.825,61.923,2.405,66.4305
"Line_37","2010",10684.743,64.088,5.47,66.097
"Line_38","2010",10969.326,61.178,2.34,64.097
"Line_39","2010",10281.314,62.154,1.946,64.4305
"Line_4","2010",9565.129,59.278,2.34,69.927
"Line_40","2010",10697.214,61.199,1.821,64.4305
"Line_41","2010",10860.564,60.864,2.401,65.764
"Line_42","2010",10477.564,59.984,2.406,63.764
"Line_43","2010",11615.964,60.924,2.696,66.0975
"Line_44","2010",11064.864,60.339,2.921,65.764
"Line_45","2010",11282.264,59.124,2.491,65.764
"Line_46","2010",10484.562,58.759,1.846,63.597
"Line_47","2010",11011.214,61.619,1.481,64.9305
"Line_48","2010",11012.964,59.929,3.856,65.0975
"Line_49","2010",11090.214,60.114,2.211,67.4305
"Line_5","2010",11336.329,61.028,3.735,66.7605
"Line_50","2010",10633.719,61.829,1.541,67.9305
"Line_51","2010",10978.272,61.209,1.826,66.597
"Line_52","2010",11082.655,60.649,2.591,65.4305
"Line_53","2010",10825.405,60.759,2.651,64.602
"Line_54","2010",9546.305,62.079,3.756,64.7685
"Line_55","2010",10921.255,62.244,2.411,67.435
"Line_56","2010",10552.155,61.574,3.101,64.602
"Line_57","2010",10183.289,61.404,4.026,64.935
"Line_58","2010",10798.855,60.924,2.081,64.2685
"Line_59","2010",10524.405,61.394,2.211,62.7685
"Line_6","2010",11154.729,61.183,3.86,65.4265
"Line_60","2010",11843.605,59.289,3.466,61.1015
"Line_61","2010",10032.255,62.194,2.081,67.2685
"Line_62","2010",10370.305,63.024,5.956,64.7685
"Line_63","2010",11431.613,61.724,2.356,71.7685
"Line_64","2010",10515.569,61.124,2.646,69.102
"Line_65","2010",10495.769,62.284,2.586,68.935
"Line_66","2010",10320.319,61.104,2.456,64.1015
"Line_67","2010",12424.469,61.744,2.111,69.435
"Line_68","2010",11375.669,62.079,3.421,63.935
"Line_69","2010",10353.319,61.094,2.806,73.435
"Line_7","2010",12552.629,60.868,2.255,63.5935
"Line_70","2010",9988.819,61.099,2.311,62.9355
"Line_71","2010",11100.367,61.434,1.551,71.102
"Line_72","2010",11073.719,60.449,3.541,65.2685
"Line_73","2010",10982.219,62.404,2.376,65.7685
"Line_74","2010",10865.558,59.424,6.221,71.2685
"Line_75","2010",10555.108,60.674,4.046,64.8025
"Line_76","2010",9968.658,60.519,2.856,65.636
"Line_77","2010",10183.108,62.169,3.676,63.6355
"Line_78","2010",9594.108,60.654,2.696,64.3025
"Line_79","2010",10665.058,62.609,5.451,72.136
"Line_8","2010",10085.829,59.878,2.54,63.5935
"Line_80","2010",10369.108,61.709,3.076,65.8025
"Line_81","2010",9607.758,61.504,3.021,63.6355
"Line_82","2010",11322.058,61.424,2.811,66.6355
"Line_83","2010",10850.408,63.594,3.041,65.469
"Line_84","2010",10291.702,61.304,2.631,63.969
"Line_85","2010",10639.858,60.889,2.616,63.3025
"Line_86","2010",10324.308,61.869,3.126,63.802
"Line_87","2010",10563.858,61.134,3.741,63.469
"Line_88","2010",11037.508,61.279,3.436,63.6355
"Line_89","2010",10616.108,59.684,2.316,67.469
"Line_9","2010",10299.311,61.423,5.195,64.76
"Line_90","2010",10120.158,61.149,2.756,67.802
"Line_91","2010",11465.208,60.814,3.596,65.469
"Line_92","2010",10876.008,61.699,2.556,64.6355
"Line_93","2010",10585.058,61.679,2.636,66.469
"Line_94","2010",10657.012,61.139,3.411,64.969
"Line_95","2010",10624.862,61.369,3.201,69.469
"Line_96","2010",10857.462,61.014,3.961,61.701
"Line_97","2010",10298.912,61.624,3.856,64.3675
"Line_98","2010",9435.012,59.949,4.081,68.034
"Line_99","2010",10932.562,61.949,2.421,66.5345
"Line_1","2011",9683.699,62.132,6.06,66.859
"Line_10","2011",10673.563,60.212,6.094,73.525
"Line_100","2011",10272.726,58.626,3.45,66.576
"Line_101","2011",10983.025,60.145,0.53,67.243
"Line_102","2011",10647.302,58.285,2.023,67.243
"Line_103","2011",10264.122,60.543,1.157,68.576
"Line_104","2011",11324,61.594,0.13,66.243
"Line_105","2011",10390.529,58.947,2.157,66.243
"Line_106","2011",9574.288,58.953,1.43,65.576
"Line_107","2011",10781.529,58.403,2.007,66.243
"Line_108","2011",10278.801,58.286,2.223,64.243
"Line_109","2011",11325.13,59.719,2.243,65.243
"Line_11","2011",10468.43,60.386,5.02,65.192
"Line_110","2011",10659.849,60.06,2.663,66.576
"Line_111","2011",10840.403,56.887,2.417,67.909
"Line_112","2011",11461.47,60.065,1.667,68.576
"Line_113","2011",11025.717,59.337,1.29,68.576
"Line_114","2011",10787.218,60.725,0.153,70.576
"Line_115","2011",10571.024,57.951,2.343,68.243
"Line_116","2011",10143.45,58.389,3.86,67.243
"Line_117","2011",10024.198,62.229,1.633,69.576
"Line_118","2011",11038.063,58.214,3.21,66.576
"Line_119","2011",10982.301,57.85,4.747,67.909
"Line_12","2011",11500.009,59.882,5.334,69.859
"Line_120","2011",11054.02,60.417,2.41,72.243
"Line_121","2011",10536.35,59.644,0.393,66.243
"Line_122","2011",12131.701,63.249,1.96,73.909
"Line_123","2011",9298.98,59.869,0,73.243
"Line_124","2011",10151.458,64.153,0.287,73.576
"Line_125","2011",11001.076,59.738,1.44,67.576
"Line_126","2011",10956.012,58.826,1.661,76.141
"Line_127","2011",10465.926,61.827,2.52,68.475
"Line_128","2011",10441.647,58.333,0,74.808
"Line_129","2011",9994.785,60.618,0.158,70.475
"Line_13","2011",11298.773,61.636,3.77,67.525
"Line_130","2011",10727.731,61.498,0.984,69.141
"Line_131","2011",11232.254,61.659,0.238,70.808
"Line_132","2011",10526.2,58.683,1.824,69.141
"Line_133","2011",10880.763,59.662,0.348,69.141
"Line_134","2011",10316.318,60.671,2.828,68.475
"Line_135","2011",10178.766,55.213,13.867,74.141
"Line_136","2011",10470.277,61.553,0,73.475
"Line_137","2011",8138.007,60.987,0,73.141
"Line_138","2011",9023.896,57.912,0,67.141
"Line_139","2011",8594.659,60.763,0,71.808
"Line_14","2011",9440.672,61.422,5.187,67.859
"Line_140","2011",10357.109,60.77,0.361,69.475
"Line_141","2011",9942.008,61.254,0,72.141
"Line_142","2011",9825.47,61.986,0,68.808
"Line_143","2011",10099.19,62.208,0,69.475
"Line_144","2011",8397.592,58.017,0,65.141
"Line_145","2011",11267.815,59.562,0,67.475
"Line_146","2011",9329.547,63.32,0.521,73.141
"Line_147","2011",8979.042,63.57,0,66.141
"Line_148","2011",9995.039,58.477,0,68.475
"Line_149","2011",9297.489,63.132,0.698,70.808
"Line_15","2011",11359.585,61.306,5.707,70.525
"Line_150","2011",9884.052,60.323,0.938,73.475
"Line_151","2011",10331.556,64.934,0.464,74.141
"Line_152","2011",8988.051,61.773,0,66.808
"Line_153","2011",8708.14,61.23,0,72.475
"Line_154","2011",9785.275,62.08,0.388,73.808
"Line_155","2011",9350.552,58.732,4.436,67.152
"Line_156","2011",10810.789,63.012,6.103,73.819
"Line_157","2011",10545.762,60.699,6.856,66.152
"Line_158","2011",10558.804,60.145,7.356,70.819
"Line_159","2011",8900.426,60.854,1.053,67.486
"Line_16","2011",10221.364,62.819,3.63,68.859
"Line_160","2011",8981.71,56.519,5.046,66.486
"Line_161","2011",8146.124,62.232,3.479,59.819
"Line_162","2011",8394.826,57.204,4.249,64.152
"Line_163","2011",7907.874,61.582,1.766,66.486
"Line_164","2011",9526.207,57.692,3.616,68.819
"Line_165","2011",10362.687,57.563,1.639,73.486
"Line_166","2011",8764.901,65.587,2.336,67.486
"Line_167","2011",8445.596,61.087,3.429,68.152
"Line_168","2011",9339.595,64.675,2.633,63.486
"Line_169","2011",7921.703,61.596,4.026,74.819
"Line_17","2011",10559.307,60.626,4.82,67.859
"Line_170","2011",9601.951,63.389,1.166,76.486
"Line_171","2011",8654.799,62.78,2.666,70.152
"Line_172","2011",8983.729,61.955,2.843,66.486
"Line_173","2011",10082.625,63.748,1.526,72.486
"Line_174","2011",9606.424,62.327,5.369,70.819
"Line_175","2011",9530.341,54.191,7.726,66.819
"Line_176","2011",9185.57,52.522,5.603,61.819
"Line_177","2011",10624.272,62.149,3.966,68.152
"Line_178","2011",9521.51,63.563,2.126,62.152
"Line_179","2011",9393.146,65.818,6.509,79.152
"Line_18","2011",10547.844,61.782,4.11,70.192
"Line_180","2011",9595.24,64.8,3.736,64.819
"Line_181","2011",9899.036,53.471,5.246,69.819
"Line_182","2011",8232.207,61.859,1.713,72.152
"Line_183","2011",7730.281,61.634,1.149,70.819
"Line_184","2011",9337.851,60.21,3.142,75.565
"Line_185","2011",8773.779,60.505,4.392,70.565
"Line_186","2011",10418.075,55.366,9.359,72.232
"Line_187","2011",9581.189,56.714,6.019,74.898
"Line_188","2011",10557.144,60.126,6.655,72.232
"Line_189","2011",10065.036,58.65,4.119,70.565
"Line_19","2011",10360.95,58.959,7.04,72.859
"Line_190","2011",9721.927,63.106,3.505,68.232
"Line_191","2011",10670.436,62.818,4.755,68.398
"Line_192","2011",10508.976,60.295,6.225,68.898
"Line_193","2011",10192.922,61.214,4.152,67.565
"Line_194","2011",10797.593,62.112,4.642,74.898
"Line_195","2011",9131.998,55.644,6.665,72.232
"Line_196","2011",9304.747,61.758,6.762,72.232
"Line_197","2011",8879.844,58.265,5.015,73.898
"Line_198","2011",9458.987,60.225,6.379,73.898
"Line_199","2011",9457.363,61.111,3.219,65.565
"Line_2","2011",11835.41,60.382,4.497,69.192
"Line_20","2011",10776.667,61.442,5.95,66.859
"Line_200","2011",11287.338,59.973,6.612,74.565
"Line_201","2011",9746.026,58.886,7.392,72.232
"Line_202","2011",9699.931,60.173,6.939,68.898
"Line_203","2011",10020.334,59.367,6.032,67.232
"Line_204","2011",10304.711,57.847,7.285,70.232
"Line_205","2011",10412.24,59.434,6.912,71.232
"Line_206","2011",11378.091,59.318,5.232,72.898
"Line_207","2011",10462.728,53.814,8.329,71.232
"Line_208","2011",10004.838,56.378,9.379,72.232
"Line_209","2011",10048.876,58.109,6.809,76.232
"Line_21","2011",11775.915,60.239,3.537,66.525
"Line_210","2011",8486.334,61.724,4.397,68.839
"Line_211","2011",10593.52,56.634,18.987,67.839
"Line_212","2011",11268.543,63.423,6.984,69.506
"Line_213","2011",9830.927,60.466,1.471,71.172
"Line_214","2011",11134.932,52.842,6.872,75.172
"Line_215","2011",11104.541,60.558,10.037,69.506
"Line_216","2011",9142.607,57.756,7.314,69.506
"Line_217","2011",11190.076,64.18,4.077,71.172
"Line_218","2011",9829.448,63.986,0.891,68.506
"Line_219","2011",9032.064,61.199,2.051,69.839
"Line_22","2011",10510.267,60.226,4.354,66.859
"Line_220","2011",11099.383,62.722,4.457,69.506
"Line_221","2011",8758.907,62.871,3.354,68.839
"Line_222","2011",10966.304,62.313,5.711,69.506
"Line_223","2011",10253.824,63.896,1.781,69.506
"Line_224","2011",10671.281,62.804,3.844,72.172
"Line_225","2011",11244.639,57.064,16.554,67.839
"Line_226","2011",11507.447,60.664,10.907,71.172
"Line_227","2011",9843.32,62.992,4.767,74.506
"Line_228","2011",9164.815,60.425,3.441,69.506
"Line_229","2011",9509.665,60.731,1.984,75.172
"Line_23","2011",11291.437,60.092,4.397,68.192
"Line_230","2011",9675.346,54.94,6.177,69.506
"Line_231","2011",9767.883,56.512,4.59,65.172
"Line_232","2011",9056.191,56.418,3.864,68.506
"Line_233","2011",9651.296,61.017,2.734,67.839
"Line_234","2011",10296.049,65.029,16.377,68.506
"Line_235","2011",7586.243,53.261,6.271,66.172
"Line_236","2011",9034.43,63.078,0,72.172
"Line_237","2011",10132.178,64.295,1.667,71.172
"Line_238","2011",9744.337,65.121,0,66.839
"Line_239","2011",7966.9,60.009,4.028,69.453
"Line_24","2011",9683.279,58.652,5.367,66.525
"Line_240","2011",9295.77,61.384,6.811,69.453
"Line_241","2011",10103.629,63.081,3.428,67.786
"Line_242","2011",10473.34,51.262,6.704,66.786
"Line_243","2011",9529.607,61.021,2.574,71.786
"Line_244","2011",9207.098,64.47,1.774,70.453
"Line_245","2011",8849.715,62.757,1.268,69.119
"Line_246","2011",8225.086,63.273,3.831,60.453
"Line_247","2011",11507.695,64.536,3.798,66.119
"Line_248","2011",10368.185,65.056,6.418,66.786
"Line_249","2011",10000.746,63.118,3.864,64.453
"Line_25","2011",11359.044,57.302,4.807,69.525
"Line_250","2011",9718.082,61.169,4.711,66.453
"Line_251","2011",10247.694,63.052,4.198,68.786
"Line_252","2011",10339.386,62.563,1.654,67.786
"Line_253","2011",10376.769,61.39,2.751,63.453
"Line_254","2011",10408.284,61.909,4.384,66.453
"Line_255","2011",10106.278,55.697,4.091,64.453
"Line_256","2011",11231.989,62.082,3.458,64.453
"Line_257","2011",9531.441,58.499,1.468,65.786
"Line_258","2011",9509.694,55.313,2.384,62.119
"Line_259","2011",8791.335,62.522,4.071,69.453
"Line_26","2011",10924.369,58.946,7.407,67.525
"Line_260","2011",10863.498,60.078,2.164,66.119
"Line_261","2011",9031.308,62.835,1.408,68.119
"Line_262","2011",6522.846,44.821,7.508,67.786
"Line_263","2011",10705.359,63.611,2.584,68.786
"Line_264","2011",10684.077,59.857,4.864,65.786
"Line_265","2011",10170.827,62.497,2.348,66.453
"Line_266","2011",10191.021,60.339,2.451,65.453
"Line_267","2011",10147.547,64.826,4.141,65.453
"Line_268","2011",9231.739,62.776,1.19,64.667
"Line_269","2011",10743,62.297,2.134,65.333
"Line_27","2011",12174.621,58.562,5.56,67.859
"Line_270","2011",10265.093,61.355,3.96,66.333
"Line_271","2011",10261.062,62.957,5.43,65.667
"Line_272","2011",10971.048,60.622,2.744,68
"Line_273","2011",10546.78,62.037,4.4,63.667
"Line_274","2011",9656.158,61.258,3.274,66.333
"Line_275","2011",10967.035,62.085,2.547,63.667
"Line_276","2011",9641.243,62.458,2.297,67.333
"Line_277","2011",10151.132,62.47,1.967,64
"Line_278","2011",11009.429,60.301,6.74,68
"Line_279","2011",11312.887,61.939,4.1,69.333
"Line_28","2011",10745.794,59.986,8.387,67.859
"Line_280","2011",10293.441,60.119,7.627,64
"Line_281","2011",12192.445,63.45,2.094,68.333
"Line_282","2011",10930.425,63.784,2.31,67.667
"Line_283","2011",11728.505,61.819,3.934,64.667
"Line_284","2011",11177.37,60.654,5.87,64
"Line_285","2011",10568.38,62.082,3.567,65.333
"Line_286","2011",10770.434,61.031,2.75,66.333
"Line_287","2011",11151.424,63.289,3.487,66.333
"Line_288","2011",8567.842,62.466,2.14,74
"Line_289","2011",10011.122,55.756,4.217,74.333
"Line_29","2011",12048.243,58.589,5.53,70.525
"Line_290","2011",9657.529,60.634,3.98,66.667
"Line_291","2011",9716.72,61.516,2.567,72.333
"Line_292","2011",8912.852,59.853,4.61,65.667
"Line_293","2011",11320.979,60.066,3.797,67.667
"Line_294","2011",8882.757,56.151,3.614,66.667
"Line_295","2011",11162.506,58.134,0.07,67.667
"Line_296","2011",9508.716,58.047,1.249,69.011
"Line_297","2011",9949.482,60.963,1.236,67.011
"Line_298","2011",10163.944,64.305,3.029,73.344
"Line_299","2011",10248.612,58.721,1.802,77.344
"Line_3","2011",11159.718,58.459,5.91,69.859
"Line_30","2011",11379.603,59.577,5.816,68.141
"Line_300","2011",10583.755,55.639,8.092,68.344
"Line_301","2011",12138.178,59.629,4.429,72.344
"Line_302","2011",11345.443,60.338,2.089,72.678
"Line_303","2011",10426.919,53.063,7.746,73.678
"Line_304","2011",10610.271,60.015,4.346,69.011
"Line_305","2011",10266.155,62.67,2.969,67.344
"Line_306","2011",11283.721,60.165,1.199,76.344
"Line_307","2011",9290.24,60.166,2.152,69.678
"Line_308","2011",11052.749,63.273,2.616,70.678
"Line_309","2011",8466.326,64.627,4.372,69.011
"Line_31","2011",11132.788,59.837,5.402,66.475
"Line_310","2011",10982.455,63.493,2.411,72.344
"Line_311","2011",8763.811,62.784,3.066,64.011
"Line_312","2011",10908.906,63.618,1.539,75.678
"Line_313","2011",10023.743,56.418,1.089,74.011
"Line_314","2011",9795.494,57.04,1.606,67.344
"Line_315","2011",9955.913,60.396,1.902,69.011
"Line_316","2011",10608.527,63.464,1.892,70.678
"Line_317","2011",8935.497,56.556,5.142,71.678
"Line_318","2011",9444.945,56.035,2.419,71.809
"Line_319","2011",10328.488,62.637,3.529,67.011
"Line_32","2011",12185.754,59.894,4.169,67.808
"Line_320","2011",11078.724,63.049,2.369,65.011
"Line_321","2011",12297.368,62.532,2.742,66.678
"Line_322","2011",7709.054,59.96,2.506,71.344
"Line_323","2011",9933.397,58.195,0.746,66.678
"Line_324","2011",10698.704,58.338,0.739,70.011
"Line_325","2011",9312.432,60.847,3.102,71.344
"Line_326","2011",10579.501,60.818,6.517,70.056
"Line_327","2011",10986.647,60.65,4.097,67.611
"Line_33","2011",10236.213,59.574,5.892,68.141
"Line_34","2011",10935.359,58.8,3.829,70.808
"Line_35","2011",11001.327,58.727,6.736,69.808
"Line_36","2011",11544.66,59.114,5.319,71.141
"Line_37","2011",10582.618,62.56,7.432,68.141
"Line_38","2011",10704.354,59.844,4.769,68.141
"Line_39","2011",9728.366,60.924,3.606,65.141
"Line_4","2011",10492.246,60.519,5.06,71.859
"Line_40","2011",9525.663,58.817,5.736,66.808
"Line_41","2011",11541.899,59.276,4.839,67.808
"Line_42","2011",10582.82,60.29,5.469,67.141
"Line_43","2011",11012.002,58.96,4.842,70.808
"Line_44","2011",10812.888,58.63,5.489,68.475
"Line_45","2011",11659.785,60.364,4.566,69.808
"Line_46","2011",11310.111,59.317,4.496,68.141
"Line_47","2011",12147.709,59.667,5.506,69.141
"Line_48","2011",11402.101,58.32,8.276,66.808
"Line_49","2011",12088.83,57.857,4.809,70.808
"Line_5","2011",11318.267,60.966,4.747,67.859
"Line_50","2011",11244.496,58.194,4.359,69.808
"Line_51","2011",11961.008,58.634,4.366,70.141
"Line_52","2011",11587.635,59.94,5.342,69.141
"Line_53","2011",8739.181,60.287,3.816,65.161
"Line_54","2011",11907.336,59.927,4.639,67.828
"Line_55","2011",10704.085,59.494,6.013,72.161
"Line_56","2011",10875.877,60.994,3.529,67.828
"Line_57","2011",10866.094,60.83,3.813,69.494
"Line_58","2011",11456.148,60.57,7.206,68.494
"Line_59","2011",12089.29,61.007,4.989,67.494
"Line_6","2011",10720.116,61.019,3.47,67.525
"Line_60","2011",8594.209,60.09,7.993,69.494
"Line_61","2011",11054.252,59.574,3.436,73.161
"Line_62","2011",12005.451,59.48,6.769,66.494
"Line_63","2011",11063.22,62.044,2.506,75.494
"Line_64","2011",9954.747,60.347,3.223,73.161
"Line_65","2011",10741.224,59.427,7.003,73.161
"Line_66","2011",11485.222,60.684,5.049,66.494
"Line_67","2011",10762.033,59.234,5.739,71.161
"Line_68","2011",8805.624,62.29,2.563,66.494
"Line_69","2011",9478.165,63.24,2.956,72.494
"Line_7","2011",11539.234,61.722,4.667,66.192
"Line_70","2011",11204.871,59.98,5.236,64.828
"Line_71","2011",9908.193,63.457,2.356,73.828
"Line_72","2011",9873.823,58.89,5.173,68.494
"Line_73","2011",12172.506,60.054,6.466,70.161
"Line_74","2011",10009.019,58.957,5.479,75.494
"Line_75","2011",10822.287,60.585,1.425,68.435
"Line_76","2011",10169.246,63.588,2.241,72.102
"Line_77","2011",11291.749,60.225,2.048,66.435
"Line_78","2011",10276.561,60.852,2.465,67.102
"Line_79","2011",10722.238,63.538,3.251,75.102
"Line_8","2011",10210.874,59.262,6.327,66.859
"Line_80","2011",10629.602,60.635,2.721,68.435
"Line_81","2011",10738.278,58.922,3.585,66.435
"Line_82","2011",10433.47,59.802,3.121,70.768
"Line_83","2011",10814.273,62.138,1.718,70.102
"Line_84","2011",10208.524,60.332,5.171,67.768
"Line_85","2011",10701.23,58.912,4.418,66.435
"Line_86","2011",11256.568,60.435,2.261,67.768
"Line_87","2011",10532.556,62.288,2.105,66.768
"Line_88","2011",9492.335,61.685,0.161,65.435
"Line_89","2011",10838.749,58.362,7.315,70.768
"Line_9","2011",11503.762,60.472,2.654,65.525
"Line_90","2011",10961.339,59.512,3.445,71.768
"Line_91","2011",10953.877,60.795,2.508,67.435
"Line_92","2011",12252.91,60.352,1.828,68.435
"Line_93","2011",11028.451,61.132,3.755,69.768
"Line_94","2011",11226.825,61.218,2.681,70.768
"Line_95","2011",10331.468,60.528,4.821,71.102
"Line_96","2011",10581.592,60.906,1.263,66.576
"Line_97","2011",9291.419,61.041,0.77,67.909
"Line_98","2011",9508.438,58.033,4.397,67.909
"Line_99","2011",11700.362,60.029,1.137,71.243
"Line_1","2012",10938.973,60.857,2.888,59.328
"Line_10","2012",11048.672,61.357,3.154,67.662
"Line_100","2012",11284.165,61.031,5.198,63.492
"Line_101","2012",11999.481,59.397,5.132,64.492
"Line_102","2012",11902.048,60.431,5.065,58.826
"Line_103","2012",11437.528,58.931,5.365,60.159
"Line_104","2012",11969.363,59.131,5.498,62.159
"Line_105","2012",12462.742,61.797,4.432,61.492
"Line_106","2012",11477.371,61.131,4.232,58.492
"Line_107","2012",11787.803,61.497,4.898,58.159
"Line_108","2012",11373.86,60.664,5.532,58.826
"Line_109","2012",11815.131,60.364,4.598,66.159
"Line_11","2012",11747.895,59.157,3.054,57.328
"Line_110","2012",10640.557,62.797,4.332,64.826
"Line_111","2012",12895.973,61.764,4.532,60.826
"Line_112","2012",14919.224,60.064,5.698,60.492
"Line_113","2012",13132.901,62.497,3.998,57.826
"Line_114","2012",12178.579,62.597,4.498,64.492
"Line_115","2012",10909.851,59.564,4.532,59.826
"Line_116","2012",12479.179,60.297,5.898,61.159
"Line_117","2012",10695.745,61.864,7.598,64.159
"Line_118","2012",12019.163,56.731,4.565,61.492
"Line_119","2012",11826.042,61.397,4.498,58.492
"Line_12","2012",11716.907,61.49,3.288,64.662
"Line_120","2012",12782.099,59.631,4.932,58.826
"Line_121","2012",13368.668,60.731,5.298,61.492
"Line_122","2012",11842.927,62.331,6.298,59.826
"Line_123","2012",11799.378,60.997,4.598,62.159
"Line_124","2012",11201.241,59.664,4.865,65.159
"Line_125","2012",12228.319,60.897,7.398,66.159
"Line_126","2012",12849.554,60.099,0,72.313
"Line_127","2012",13456.769,60.632,2.065,60.646
"Line_128","2012",13177.703,56.599,0.132,65.979
"Line_129","2012",11341.29,62.199,0.965,62.646
"Line_13","2012",12296.703,58.59,4.021,58.662
"Line_130","2012",14248.515,63.499,5.599,64.646
"Line_131","2012",14316.288,59.665,2.765,56.979
"Line_132","2012",13557.979,58.365,2.465,58.646
"Line_133","2012",13511.959,59.532,2.299,62.979
"Line_134","2012",13642.951,59.432,2.999,60.979
"Line_135","2012",11795.418,56.232,7.965,65.979
"Line_136","2012",11827.8,60.699,0,66.979
"Line_137","2012",11605.333,58.032,7.799,70.313
"Line_138","2012",10588,57.299,0,66.313
"Line_139","2012",9634.03,60.365,0,67.313
"Line_14","2012",11147.327,61.29,3.288,64.995
"Line_140","2012",12332.473,58.665,1.399,57.979
"Line_141","2012",9974.438,61.256,0,64.313
"Line_142","2012",10917.834,64.065,0,65.313
"Line_143","2012",11394.634,64.932,0,67.313
"Line_144","2012",9179.544,58.765,0,59.313
"Line_145","2012",13744.55,60.532,0.265,60.979
"Line_146","2012",11264.483,65.632,0,74.979
"Line_147","2012",13470.905,63.199,0.265,61.313
"Line_148","2012",12838.685,62.199,0.632,62.979
"Line_149","2012",11228.743,60.699,0.999,66.313
"Line_15","2012",11682.748,59.49,3.221,61.328
"Line_150","2012",10174.481,65.132,0.932,67.313
"Line_151","2012",12692.706,64.265,1.565,66.979
"Line_152","2012",10207.982,61.465,2.532,64.646
"Line_153","2012",10742.121,59.399,1.199,64.313
"Line_154","2012",12231.492,61.865,2.332,71.646
"Line_155","2012",11939.307,60.636,3.618,63.905
"Line_156","2012",10734.474,61.803,5.985,65.239
"Line_157","2012",10885.101,59.07,2.385,67.572
"Line_158","2012",12456.323,63.336,5.085,68.572
"Line_159","2012",12455.75,61.836,4.318,66.572
"Line_16","2012",12769.807,62.557,3.054,61.328
"Line_160","2012",12331.368,61.77,4.385,64.572
"Line_161","2012",11595.655,62.036,4.485,61.905
"Line_162","2012",10257.135,56.77,3.651,64.572
"Line_163","2012",10270.85,61.17,2.685,65.572
"Line_164","2012",11560.736,57.336,5.918,65.905
"Line_165","2012",11288.741,60.97,2.318,67.572
"Line_166","2012",11031.697,64.703,2.085,72.572
"Line_167","2012",10818.818,61.136,5.985,63.239
"Line_168","2012",12574.19,62.736,5.085,65.239
"Line_169","2012",9157.982,60.37,6.485,71.905
"Line_17","2012",12175.704,60.857,2.721,61.328
"Line_170","2012",11152.497,59.803,7.651,63.239
"Line_171","2012",11357.975,63.77,2.951,67.239
"Line_172","2012",12200.868,61.236,4.351,64.572
"Line_173","2012",11438.802,58.703,5.251,63.572
"Line_174","2012",12509.144,62.436,3.285,66.905
"Line_175","2012",10953.803,57.97,2.951,71.572
"Line_176","2012",11838.254,61.736,4.018,64.239
"Line_177","2012",11735.219,63.403,3.451,66.905
"Line_178","2012",11316.789,59.103,5.551,66.239
"Line_179","2012",11527.143,59.303,6.251,75.572
"Line_18","2012",12670.529,61.623,3.221,63.995
"Line_180","2012",12378.887,61.903,4.685,64.239
"Line_181","2012",10950.402,58.67,6.851,68.572
"Line_182","2012",11542.181,61.97,2.285,76.239
"Line_183","2012",10941.91,62.103,16.731,72.572
"Line_184","2012",10256.779,65.869,0,71.715
"Line_185","2012",9692.24,65.269,0,74.048
"Line_186","2012",10632.201,65.202,0,69.715
"Line_187","2012",11148.063,64.569,0,75.382
"Line_188","2012",11180.79,62.236,0,82.715
"Line_189","2012",9979.526,67.19,0,72.382
"Line_19","2012",12088.493,63.523,3.021,64.328
"Line_190","2012",10760.028,64.897,0,68.382
"Line_191","2012",10671.491,55.602,0.668,87.048
"Line_192","2012",9580.919,61.736,2.235,73.715
"Line_193","2012",10464.161,60.112,0.411,73.715
"Line_194","2012",12281.227,59.336,2.735,68.715
"Line_195","2012",10141.291,59.269,0.735,70.048
"Line_196","2012",10559.152,66.302,0,66.048
"Line_197","2012",9967.245,64.705,0,71.048
"Line_198","2012",9946.334,62.402,0,70.048
"Line_199","2012",11655.593,45.369,10.968,70.382
"Line_2","2012",12153.083,62.357,3.488,62.328
"Line_20","2012",11466.963,61.99,3.088,62.662
"Line_200","2012",12208.029,46.369,7.568,72.048
"Line_201","2012",10763.725,44.202,9.435,72.382
"Line_202","2012",8234.817,59.797,0.251,68.382
"Line_203","2012",8360.444,57.94,4.666,64.382
"Line_204","2012",11622.487,57.912,7.111,66.382
"Line_205","2012",12497.992,59.136,10.668,73.715
"Line_206","2012",11553.043,56.269,9.235,65.048
"Line_207","2012",11797.727,51.469,3.335,65.382
"Line_208","2012",11899.931,57.469,5.635,71.048
"Line_209","2012",11800.829,55.902,6.335,68.048
"Line_21","2012",12195.842,62.29,3.421,61.662
"Line_210","2012",10985.895,63.256,2.673,62.344
"Line_211","2012",11074.755,59.923,3.006,66.011
"Line_212","2012",12545.762,63.556,3.339,63.678
"Line_213","2012",12877.171,58.723,2.206,66.011
"Line_214","2012",11691.957,49.623,7.973,67.011
"Line_215","2012",11608.33,60.69,4.306,61.011
"Line_216","2012",11461.144,49.656,6.639,64.678
"Line_217","2012",10815.736,62.523,1.906,61.678
"Line_218","2012",10507.125,62.923,2.239,65.011
"Line_219","2012",12372.012,61.456,0,64.344
"Line_22","2012",12808.551,61.79,3.088,64.328
"Line_220","2012",11872.936,65.49,2.239,61.678
"Line_221","2012",10696.839,63.69,1.539,65.678
"Line_222","2012",11824.214,62.823,2.573,61.678
"Line_223","2012",10948.823,63.123,1.239,63.011
"Line_224","2012",11839.263,62.456,3.273,66.678
"Line_225","2012",11940.479,57.923,8.039,61.678
"Line_226","2012",11671.321,62.656,3.206,65.678
"Line_227","2012",11656.374,59.19,4.239,61.011
"Line_228","2012",9230.899,59.756,0.573,69.678
"Line_229","2012",10215.698,65.556,0.339,73.344
"Line_23","2012",13189.685,60.69,4.288,61.328
"Line_230","2012",10805.697,54.423,5.273,60.678
"Line_231","2012",8639.928,55.49,5.339,58.678
"Line_232","2012",10739.371,57.723,3.173,66.678
"Line_233","2012",9957.552,59.89,3.373,65.678
"Line_234","2012",12069.713,68.156,22.306,68.344
"Line_235","2012",9067.663,51.623,3.273,58.678
"Line_236","2012",10547.294,62.023,0,68.678
"Line_237","2012",10470.487,63.09,1.306,65.011
"Line_238","2012",12494.38,66.79,1.139,72.678
"Line_239","2012",9482.831,62.184,4.753,73.995
"Line_24","2012",12513.063,60.757,3.254,67.662
"Line_240","2012",9561.668,50.017,6.587,71.662
"Line_241","2012",10640.758,66.25,2.52,66.662
"Line_242","2012",9383.774,55.517,5.453,72.662
"Line_243","2012",9855.598,63.217,2.587,72.328
"Line_244","2012",9186.435,63.284,2.02,74.328
"Line_245","2012",8947.837,64.884,2.22,66.995
"Line_246","2012",7927.725,58.85,5.52,55.662
"Line_247","2012",12662.514,61.917,7.087,62.662
"Line_248","2012",13406.414,61.884,6.92,61.328
"Line_249","2012",12934.192,61.25,5.653,61.662
"Line_25","2012",11725.961,59.49,3.754,64.662
"Line_250","2012",12720.522,60.417,4.187,67.328
"Line_251","2012",10718.654,61.284,5.453,64.328
"Line_252","2012",12262.446,56.284,4.22,65.995
"Line_253","2012",12649.605,58.784,6.62,64.995
"Line_254","2012",12026.043,58.984,5.987,66.662
"Line_255","2012",11885.995,46.917,4.887,64.662
"Line_256","2012",13008.942,59.917,5.587,63.995
"Line_257","2012",9079.501,45.05,2.587,61.995
"Line_258","2012",9631.977,45.584,2.953,62.328
"Line_259","2012",11068.84,62.55,3.453,65.662
"Line_26","2012",11280.426,62.257,2.921,63.328
"Line_260","2012",9145.923,61.784,2.553,67.328
"Line_261","2012",10694.54,62.317,2.887,67.328
"Line_262","2012",9557.954,51.617,4.887,68.328
"Line_263","2012",13306.799,60.084,7.753,60.662
"Line_264","2012",12295.066,59.684,4.887,65.662
"Line_265","2012",13181.821,62.95,4.22,64.995
"Line_266","2012",12129.133,60.317,4.953,64.328
"Line_267","2012",13248.928,63.917,3.92,64.995
"Line_268","2012",12987.774,64.201,3.652,58.778
"Line_269","2012",12551.351,62.068,4.185,59.778
"Line_27","2012",12659.513,59.89,3.488,63.328
"Line_270","2012",12460.568,63.668,3.519,60.778
"Line_271","2012",13576.362,64.334,4.785,59.778
"Line_272","2012",13062.241,62.301,3.285,59.112
"Line_273","2012",13079.511,63.368,5.552,58.112
"Line_274","2012",12738.282,63.234,4.219,60.445
"Line_275","2012",12981.853,64.934,3.319,64.778
"Line_276","2012",13191.616,63.434,4.652,64.778
"Line_277","2012",12404.833,61.834,3.085,59.778
"Line_278","2012",13226.351,58.601,8.152,58.778
"Line_279","2012",11022.729,56.601,8.119,59.112
"Line_28","2012",12572.372,61.757,3.354,58.662
"Line_280","2012",14076.163,60.634,5.519,59.778
"Line_281","2012",13776.511,63.134,5.085,61.778
"Line_282","2012",13475.414,62.368,4.085,61.112
"Line_283","2012",14097.745,62.468,4.219,59.112
"Line_284","2012",13370.055,61.668,7.319,60.445
"Line_285","2012",13808.228,61.068,4.752,60.778
"Line_286","2012",12608.975,60.868,3.585,60.778
"Line_287","2012",13255.301,62.534,6.152,60.445
"Line_288","2012",11038.554,66.834,1.185,74.112
"Line_289","2012",11165.841,55.034,4.252,69.445
"Line_29","2012",12574.921,61.59,4.188,60.328
"Line_290","2012",11270.112,60.468,3.052,73.112
"Line_291","2012",11553.964,56.968,3.885,69.112
"Line_292","2012",10207.95,60.856,3.639,61.344
"Line_293","2012",12997.297,58.234,4.519,58.445
"Line_294","2012",10043.519,60.068,3.085,67.778
"Line_295","2012",10383.44,59.501,0.252,57.778
"Line_296","2012",9480.832,54.335,0,73.196
"Line_297","2012",9441.344,59.635,0,64.53
"Line_298","2012",10828.431,63.302,4.61,71.196
"Line_299","2012",9523.998,59.469,0.076,78.863
"Line_3","2012",12668.578,62.723,4.054,64.662
"Line_30","2012",13020.422,62.003,5.294,62.387
"Line_300","2012",10919.377,48.069,5.276,65.863
"Line_301","2012",11359.912,56.502,3.143,67.53
"Line_302","2012",10727.14,56.835,4.61,67.53
"Line_303","2012",11057.631,59.535,2.11,75.863
"Line_304","2012",11926.622,60.202,3.276,68.196
"Line_305","2012",10709.451,60.635,2.043,65.53
"Line_306","2012",12354.11,58.535,0.076,68.196
"Line_307","2012",10539.734,56.235,7.276,59.196
"Line_308","2012",10961.171,58.635,1.676,64.53
"Line_309","2012",10566.732,67.135,4.176,61.53
"Line_31","2012",12530.358,60.403,4.861,63.387
"Line_310","2012",10716.21,63.002,3.676,70.196
"Line_311","2012",10402.424,66.702,2.91,72.196
"Line_312","2012",10717.35,62.235,0.276,71.53
"Line_313","2012",9913.636,54.269,0,70.53
"Line_314","2012",9039.669,42.569,3.21,62.53
"Line_315","2012",9613.419,46.402,2.143,61.863
"Line_316","2012",9663.27,66.035,0,65.196
"Line_317","2012",9351.378,57.235,1.31,69.53
"Line_318","2012",8632.709,54.369,2.276,70.53
"Line_319","2012",13415.691,62.802,3.943,60.53
"Line_32","2012",12432.868,61.203,5.094,59.72
"Line_320","2012",12489.451,60.669,6.076,60.53
"Line_321","2012",13180.941,62.669,1.876,63.863
"Line_322","2012",8936.273,56.169,0,68.53
"Line_323","2012",9974.661,59.235,0,64.863
"Line_324","2012",10435.286,58.402,0,62.196
"Line_325","2012",10501.813,55.735,0,65.53
"Line_326","2012",11590.356,61.231,5.814,66.667
"Line_327","2012",12357.362,60.97,4.511,61.972
"Line_33","2012",12297.873,62.436,4.394,64.053
"Line_34","2012",12839.094,62.003,4.561,62.72
"Line_35","2012",12425.306,60.936,4.627,62.053
"Line_36","2012",12393.453,61.636,4.094,61.72
"Line_37","2012",11220.965,63.97,5.427,64.053
"Line_38","2012",13173.352,60.47,2.894,60.053
"Line_39","2012",12209.817,62.603,4.094,63.72
"Line_4","2012",11230.265,62.79,4.221,67.995
"Line_40","2012",11665.951,58.736,2.927,62.053
"Line_41","2012",13129.552,61.536,3.061,63.72
"Line_42","2012",13317.242,59.503,3.427,60.387
"Line_43","2012",12160.878,60.403,5.094,61.387
"Line_44","2012",12245.841,60.403,3.827,63.053
"Line_45","2012",13210.184,60.336,4.427,61.72
"Line_46","2012",12516.873,59.636,4.794,59.053
"Line_47","2012",12774.088,59.57,4.494,60.72
"Line_48","2012",12473.542,58.036,3.561,63.387
"Line_49","2012",13795.356,61.336,5.261,64.053
"Line_5","2012",13199.803,59.557,3.054,65.662
"Line_50","2012",10793.229,62.203,3.694,66.053
"Line_51","2012",12306.598,62.27,3.361,63.053
"Line_52","2012",12887.504,61.703,3.194,61.72
"Line_53","2012",12383.426,59.597,3.386,64.043
"Line_54","2012",11955.463,61.63,3.819,61.709
"Line_55","2012",12893.647,61.664,2.419,62.709
"Line_56","2012",12258.23,59.764,3.653,61.376
"Line_57","2012",11160.308,61.697,2.619,60.376
"Line_58","2012",11469.735,60.964,3.819,60.043
"Line_59","2012",11980.542,60.164,4.886,58.043
"Line_6","2012",11344.134,62.023,3.054,63.328
"Line_60","2012",10871.084,63.35,2.002,52.709
"Line_61","2012",11345.611,57.197,2.986,61.376
"Line_62","2012",10834.714,59.797,3.953,63.043
"Line_63","2012",11155.226,61.297,2.419,68.043
"Line_64","2012",9910.071,64.364,1.953,65.043
"Line_65","2012",13069.002,61.397,4.719,64.709
"Line_66","2012",12753.359,61.13,5.619,61.709
"Line_67","2012",11982.578,61.564,3.019,67.709
"Line_68","2012",11451.786,61.264,3.486,61.376
"Line_69","2012",10323.025,64.23,3.486,74.376
"Line_7","2012",11816.804,61.59,3.821,60.995
"Line_70","2012",12062.555,61.997,2.653,61.043
"Line_71","2012",9685.161,62.864,2.319,68.376
"Line_72","2012",11788.767,61.164,4.853,62.043
"Line_73","2012",11573.875,60.497,3.919,61.376
"Line_74","2012",10968.946,61.197,4.453,67.043
"Line_75","2012",12852.205,60.499,3.494,61.17
"Line_76","2012",12997.646,62.042,4.228,59.17
"Line_77","2012",12821.793,61.966,3.694,60.836
"Line_78","2012",13246.952,59.966,4.228,61.503
"Line_79","2012",11650.414,64.066,3.828,69.17
"Line_8","2012",10977.309,60.423,4.121,60.328
"Line_80","2012",13253.014,60.232,4.061,63.17
"Line_81","2012",13627.08,61.132,4.828,60.836
"Line_82","2012",12645.456,61.899,3.628,62.503
"Line_83","2012",13374.231,60.066,3.861,60.836
"Line_84","2012",13045.334,61.899,3.194,60.17
"Line_85","2012",12882.083,60.632,3.694,60.17
"Line_86","2012",12008.59,60.866,3.494,59.836
"Line_87","2012",12704.426,62.432,3.428,60.17
"Line_88","2012",13725.209,61.132,4.961,61.836
"Line_89","2012",12541.867,55.766,11.094,64.17
"Line_9","2012",12337.61,60.89,3.321,63.995
"Line_90","2012",13392.03,62.069,3.885,63.836
"Line_91","2012",13291.999,60.299,4.194,63.503
"Line_92","2012",12355.564,62.066,3.594,60.836
"Line_93","2012",12825.322,61.866,6.828,63.17
"Line_94","2012",12753.221,61.632,3.228,59.17
"Line_95","2012",12955.059,61.466,3.261,67.836
"Line_96","2012",13301.845,62.197,4.198,56.826
"Line_97","2012",12779.716,63.164,4.665,60.826
"Line_98","2012",10656.575,61.664,5.732,68.159
"Line_99","2012",10907.73,60.064,6.365,61.826
