"Env","GID","GY"
"YT_18_19","GID8291702",8.92740368
"YT_18_19","GID8291782",8.93840368
"YT_18_19","GID8292394",9.42340368
"YT_18_19","GID8292446",9.25990368
"YT_18_19","GID8292600",8.82090368
"YT_18_19","GID8292666",8.58990368
"YT_18_19","GID8294148",9.500484253
"YT_18_19","GID8294409",8.773484253
"YT_18_19","GID8485285",8.43190368
"YT_18_19","GID8485291",8.31890368
"YT_18_19","GID8485314",8.383392616
"YT_18_19","GID8485343",8.183303999
"YT_18_19","GID8485344",8.090803999
"YT_18_19","GID8485364",8.310303999
"YT_18_19","GID8485370",8.844480044
"YT_18_19","GID8485377",8.210480044
"YT_18_19","GID8485391",8.654980044
"YT_18_19","GID8485394",9.007980044
"YT_18_19","GID8485401",8.768373236
"YT_18_19","GID8485409",8.831873236
"YT_18_19","GID8485411",8.471373236
"YT_18_19","GID8485412",8.463373236
"YT_18_19","GID8485414",8.383373236
"YT_18_19","GID8485425",8.451873236
"YT_18_19","GID8485430",8.270373236
"YT_18_19","GID8485435",8.91501412
"YT_18_19","GID8485449",9.07001412
"YT_18_19","GID8485456",8.68801412
"YT_18_19","GID8485469",8.408243213
"YT_18_19","GID8485473",7.934743213
"YT_18_19","GID8485477",7.944243213
"YT_18_19","GID8485480",8.186743213
"YT_18_19","GID8485481",8.559743213
"YT_18_19","GID8485488",8.577743213
"YT_18_19","GID8485489",7.971743213
"YT_18_19","GID8485491",7.946243213
"YT_18_19","GID8485498",9.134421702
"YT_18_19","GID8485499",8.515921702
"YT_18_19","GID8485500",8.012421702
"YT_18_19","GID8485521",8.174421702
"YT_18_19","GID8485522",8.451421702
"YT_18_19","GID8485523",7.746921702
"YT_18_19","GID8485524",7.977921702
"YT_18_19","GID8485525",8.058921702
"YT_18_19","GID8485527",7.847421702
"YT_18_19","GID8485529",8.272921702
"YT_18_19","GID8485530",8.199421702
"YT_18_19","GID8485535",8.127465857
"YT_18_19","GID8485547",8.248465857
"YT_18_19","GID8485548",8.747965857
"YT_18_19","GID8485550",8.478965857
"YT_18_19","GID8485563",8.231123575
"YT_18_19","GID8485566",8.365623575
"YT_18_19","GID8485592",8.14689438
"YT_18_19","GID8485604",8.63139438
"YT_18_19","GID8485610",8.46189438
"YT_18_19","GID8485615",8.27089438
"YT_18_19","GID8485626",8.066810176
"YT_18_19","GID8485639",8.145810176
"YT_18_19","GID8485658",8.636256924
"YT_18_19","GID8485661",8.739256924
"YT_18_19","GID8485662",8.860756924
"YT_18_19","GID8485663",8.487256924
"YT_18_19","GID8485670",9.249756924
"YT_18_19","GID8485673",9.158756924
"YT_18_19","GID8485677",9.180256924
"YT_18_19","GID8485680",9.110256924
"YT_18_19","GID8485695",8.652925707
"YT_18_19","GID8485743",8.369222747
"YT_18_19","GID8485763",8.907614276
"YT_18_19","GID8485789",9.051114276
"YT_18_19","GID8485790",9.001114276
"YT_18_19","GID8485791",8.905114276
"YT_18_19","GID8485793",8.657114276
"YT_18_19","GID8485794",8.540114276
"YT_18_19","GID8485843",8.662459681
"YT_18_19","GID8485850",8.385959681
"YT_18_19","GID8485863",8.845459681
"YT_18_19","GID8485867",8.552459681
"YT_18_19","GID8485874",8.544959681
"YT_18_19","GID8485897",9.101959681
"YT_18_19","GID8485950",8.569643057
"YT_18_19","GID8485953",8.740643057
"YT_18_19","GID8485975",8.542643057
"YT_18_19","GID8485976",8.302643057
"YT_18_19","GID8485982",8.635643057
"YT_18_19","GID8485985",8.285643057
"YT_18_19","GID8485986",8.201643057
"YT_18_19","GID8485987",8.509143057
"YT_18_19","GID8486000",9.016047313
"YT_18_19","GID8486005",8.791047313
"YT_18_19","GID8486045",9.207047313
"YT_18_19","GID8486062",8.515361493
"YT_18_19","GID8486157",8.094969387
"YT_18_19","GID8486159",8.551469387
"YT_18_19","GID8486160",8.115469387
"YT_18_19","GID8486175",8.999969387
"YT_18_19","GID8486182",8.847469387
"YT_18_19","GID8486190",8.531469387
"YT_18_19","GID8486191",8.132469387
"YT_18_19","GID8486207",8.195940504
"YT_18_19","GID8486209",8.396940504
"YT_18_19","GID8486219",8.443440504
"YT_18_19","GID8486220",8.195940504
"YT_18_19","GID8486234",8.787440504
"YT_18_19","GID8486235",8.299440504
"YT_18_19","GID8486238",8.114940504
"YT_18_19","GID8486256",8.786290117
"YT_18_19","GID8486258",8.555290117
"YT_18_19","GID8486260",9.224790117
"YT_18_19","GID8486262",9.091290117
"YT_18_19","GID8486265",8.695790117
"YT_18_19","GID8486267",9.255290117
"YT_18_19","GID8486268",9.195790117
"YT_18_19","GID8486272",8.743290117
"YT_18_19","GID8486277",8.546790117
"YT_18_19","GID8486282",8.436290117
"YT_18_19","GID8486284",8.776790117
"YT_18_19","GID8486285",8.773790117
"YT_18_19","GID8486286",8.700845439
"YT_18_19","GID8486288",9.407845439
"YT_18_19","GID8486290",9.432845439
"YT_18_19","GID8486293",9.583845439
"YT_18_19","GID8486304",8.510845439
"YT_18_19","GID8486306",8.578345439
"YT_18_19","GID8486311",8.530345439
"YT_18_19","GID8486312",8.647845439
"YT_18_19","GID8486314",8.399345439
"YT_18_19","GID8486315",8.579345439
"YT_18_19","GID8486318",8.629345439
"YT_18_19","GID8486321",9.044845439
"YT_18_19","GID8486323",9.160845439
"YT_18_19","GID8486329",8.495845439
"YT_18_19","GID8486393",8.029815776
"YT_18_19","GID8486400",8.345315776
"YT_18_19","GID8486403",8.255315776
"YT_18_19","GID8486405",8.614815776
"YT_18_19","GID8486412",8.829315776
"YT_18_19","GID8486421",7.944315776
"YT_18_19","GID8486422",8.583815776
"YT_18_19","GID8486424",8.513815776
"YT_18_19","GID8486427",8.639315776
"YT_18_19","GID8486428",8.562315776
"YT_18_19","GID8486432",8.59878747
"YT_18_19","GID8486475",8.25428747
"YT_18_19","GID8486479",8.39478747
"YT_18_19","GID8486481",8.441700924
"YT_18_19","GID8486526",8.949832915
"YT_18_19","GID8486527",8.434332915
"YT_18_19","GID8486537",8.415832915
"YT_18_19","GID8486545",8.788832915
"YT_18_19","GID8486553",8.576332915
"YT_18_19","GID8486554",8.504832915
"YT_18_19","GID8486555",8.010332915
"YT_18_19","GID8486610",8.260444611
"YT_18_19","GID8486690",9.085518056
"YT_18_19","GID8486699",8.063518056
"YT_18_19","GID8486700",8.199018056
"YT_18_19","GID8486702",8.546518056
"YT_18_19","GID8486706",8.587518056
"YT_18_19","GID8486725",8.37171063
"YT_18_19","GID8486766",8.531439927
"YT_18_19","GID8486777",8.774439927
"YT_18_19","GID8486851",8.378838787
"YT_18_19","GID8486860",8.675543511
"YT_18_19","GID8486862",8.035043511
"YT_18_19","GID8486870",8.172543511
"YT_18_19","GID8486874",8.389043511
"YT_18_19","GID8494605",7.898288963
"YT_18_19","GID8494608",8.200788963
"YT_18_19","GID8494643",7.39506211
"YT_18_19","GID8494646",7.68556211
"YT_18_19","GID8494651",7.57706211
"YT_18_19","GID8494818",8.360463515
"YT_18_19","GID8494880",8.354748032
"YT_18_19","GID8494888",8.669748032
"YT_18_19","GID8494899",8.360248032
"YT_18_19","GID8497755",8.043779358
"YT_18_19","GID8497756",8.501279358
"YT_18_19","GID8497767",8.046279358
"YT_18_19","GID8497827",8.049505125
"YT_18_19","GID8497866",8.184496029
"YT_18_19","GID8497874",8.752996029
"YT_18_19","GID8497887",8.101891258
"YT_18_19","GID8497888",8.219891258
"YT_18_19","GID8497923",8.399375407
"YT_18_19","GID8497933",8.163875407
"YT_18_19","GID8497940",8.180375407
"YT_18_19","GID8497944",7.968875407
"YT_18_19","GID8497945",8.314875407
"YT_18_19","GID8497947",7.981375407
"YT_18_19","GID8497948",7.803375407
"YT_18_19","GID8497950",8.109875407
"YT_18_19","GID8497953",7.818375407
"YT_18_19","GID8497955",8.192875407
"YT_18_19","GID8497957",8.373375407
"YT_18_19","GID8497958",8.099471152
"YT_18_19","GID8497959",8.157471152
"YT_18_19","GID8497961",8.199971152
"YT_18_19","GID8497966",8.241471152
"YT_18_19","GID8497967",7.532971152
"YT_18_19","GID8497969",7.932971152
"YT_18_19","GID8497970",7.795971152
"YT_18_19","GID8497971",8.260471152
"YT_18_19","GID8497976",8.390471152
"YT_18_19","GID8497978",8.135971152
"YT_18_19","GID8497991",8.134471152
"YT_18_19","GID8498043",8.398212972
"YT_18_19","GID8498075",8.23484045
"YT_18_19","GID8498091",8.314770941
"YT_18_19","GID8498093",8.315270941
"YT_18_19","GID8498095",8.169270941
"YT_18_19","GID8498142",8.616193796
"YT_18_19","GID8498144",8.468193796
"YT_18_19","GID8498145",8.544193796
"YT_18_19","GID8498146",8.317193796
"YT_18_19","GID8498150",8.466693796
"YT_18_19","GID8498153",8.482693796
"YT_18_19","GID8498154",8.075718267
"YT_18_19","GID8498155",8.205218267
"YT_18_19","GID8498156",8.235218267
"YT_18_19","GID8498157",8.351718267
"YT_18_19","GID8498158",8.316218267
"YT_18_19","GID8498159",8.155718267
"YT_18_19","GID8498161",8.231718267
"YT_18_19","GID8498163",8.101218267
"YT_18_19","GID8498164",8.223218267
"YT_18_19","GID8498165",8.275218267
"YT_18_19","GID8498206",8.240643769
"YT_18_19","GID8498208",7.865143769
"YT_18_19","GID8498229",8.324143769
"YT_18_19","GID8498236",8.834367092
"YT_18_19","GID8498237",8.565367092
"YT_18_19","GID8498240",8.479867092
"YT_18_19","GID8498244",8.102867092
"YT_18_19","GID8498246",8.034867092
"YT_18_19","GID8498248",8.687867092
"YT_18_19","GID8498251",8.637867092
"YT_18_19","GID8498253",7.834367092
"YT_18_19","GID8498254",8.203367092
"YT_18_19","GID8498255",8.532867092
"YT_18_19","GID8498261",8.779367092
"YT_18_19","GID8498263",8.190867092
"YT_18_19","GID8498264",8.136867092
"YT_18_19","GID8498265",8.269367092
"YT_18_19","GID8498269",8.36493582
"YT_18_19","GID8498283",8.16493582
"YT_18_19","GID8498287",8.31743582
"YT_18_19","GID8498288",8.27793582
"YT_18_19","GID8498297",8.11793582
"YT_18_19","GID8498321",8.453836343
"YT_18_19","GID8498327",8.079336343
"YT_18_19","GID8498333",9.108727033
"YT_18_19","GID8498339",8.266727033
"YT_18_19","GID8498340",8.526227033
"YT_18_19","GID8498343",8.492727033
"YT_18_19","GID8498344",8.224227033
"YT_18_19","GID8498345",8.795227033
"YT_18_19","GID8498347",8.196227033
"YT_18_19","GID8498348",8.208227033
"YT_18_19","GID8498357",8.252227033
"YT_18_19","GID8498358",8.383227033
"YT_18_19","GID8498359",8.796227033
"YT_18_19","GID8498362",8.574727033
"YT_18_19","GID8498364",8.769727033
"YT_18_19","GID8498365",8.631727033
"YT_18_19","GID8498380",7.872330471
"YT_18_19","GID8498386",7.793830471
"YT_18_19","GID8498387",8.035330471
"YT_18_19","GID8498390",7.767830471
"YT_18_19","GID8498391",8.292330471
"YT_18_19","GID8498394",8.399830471
"YT_18_19","GID8498395",8.119330471
"YT_18_19","GID8498397",7.915830471
"YT_18_19","GID8498400",8.294330471
"YT_18_19","GID8498432",8.59071416
"YT_18_19","GID8498441",8.363932087
"YT_18_19","GID8498450",8.112432087
"YT_18_19","GID8498460",8.191432087
"YT_18_19","GID8498465",8.320432087
"YT_18_19","GID8498474",8.139432087
"YT_18_19","GID8498478",8.181577281
"YT_18_19","GID8498480",8.765077281
"YT_18_19","GID8498481",8.842077281
"YT_18_19","GID8498492",8.235577281
"YT_18_19","GID8498496",8.225577281
"YT_18_19","GID8498498",8.359577281
"YT_18_19","GID8498514",8.111075155
"YT_18_19","GID8498518",7.836075155
"YT_18_19","GID8498524",8.193075155
"YT_18_19","GID8498530",7.616075155
"YT_18_19","GID8498534",7.882075155
"YT_18_19","GID8498536",7.920075155
"YT_18_19","GID8498539",8.084075155
"YT_18_19","GID8498552",8.106575155
"YT_18_19","GID8498555",8.273361493
"YT_18_19","GID8498631",8.343734218
"YT_18_19","GID8498651",8.625234218
"YT_18_19","GID8498652",7.977234218
"YT_18_19","GID8498654",8.489734218
"YT_18_19","GID8498662",8.180734218
"YT_18_19","GID8498671",7.941086174
"YT_18_19","GID8498677",7.978586174
"YT_18_19","GID8498678",8.027586174
"YT_18_19","GID8498686",8.429086174
"YT_18_19","GID8498706",8.360654426
"YT_18_19","GID8498708",8.486654426
"YT_18_19","GID8498723",8.275654426
"YT_18_19","GID8498726",8.682154426
"YT_18_19","GID8498732",8.154154426
"YT_18_19","GID8498734",8.194154426
"YT_18_19","GID8498742",8.083341909
"YT_18_19","GID8498752",8.526841909
"YT_18_19","GID8498767",8.326341909
"YT_18_19","GID8498779",8.138536553
"YT_18_19","GID8498787",8.063536553
"YT_18_19","GID8498799",7.951036553
"YT_18_19","GID8498814",8.760036553
"YT_18_19","GID8498829",8.027241278
"YT_18_19","GID8498831",8.197741278
"YT_18_19","GID8498833",8.201241278
"YT_18_19","GID8498835",8.539741278
"YT_18_19","GID8498837",9.177741278
"YT_18_19","GID8498839",8.025741278
"YT_18_19","GID8498891",8.45787198
"YT_18_19","GID8498895",8.09187198
"YT_18_19","GID8498900",8.98137198
"YT_18_19","GID8498902",8.79037198
"YT_18_19","GID8498912",8.51737198
"YT_18_19","GID8498929",8.847160603
"YT_18_19","GID8498933",8.088660603
"YT_18_19","GID8498956",8.723152186
"YT_18_19","GID8498970",8.330152186
"YT_18_19","GID8498973",9.056152186
"YT_18_19","GID8498974",8.643152186
"YT_18_19","GID8498975",8.628652186
"YT_18_19","GID8498976",8.644152186
"YT_18_19","GID8498978",8.681152186
"YT_18_19","GID8498979",8.653152186
"YT_18_19","GID8498989",9.141780444
"YT_18_19","GID8498994",8.403280444
"YT_18_19","GID8499000",8.529780444
"YT_18_19","GID8499001",8.672780444
"YT_18_19","GID8499008",8.681280444
"YT_18_19","GID8499025",8.616075618
"YT_18_19","GID8499026",8.559575618
"YT_18_19","GID8499027",7.964075618
"YT_18_19","GID8499029",8.488075618
"YT_18_19","GID8499032",8.216075618
"YT_18_19","GID8499033",8.120575618
"YT_18_19","GID8499035",7.821075618
"YT_18_19","GID8499037",8.283575618
"YT_18_19","GID8499045",9.083575618
"YT_18_19","GID8499069",8.36261957
"YT_18_19","GID8499142",8.785060243
"YT_18_19","GID8499146",8.601060243
"YT_18_19","GID8499151",8.041560243
"YT_18_19","GID8499155",8.637060243
"YT_18_19","GID8499156",8.152060243
"YT_18_19","GID8499157",8.204060243
"YT_18_19","GID8499161",8.612560243
"YT_18_19","GID8499162",8.523560243
"YT_18_19","GID8499163",8.481060243
"YT_18_19","GID8499164",8.686560243
"YT_18_19","GID8499165",8.379060243
"YT_18_19","GID8499166",8.074052404
"YT_18_19","GID8499167",8.250052404
"YT_18_19","GID8499170",8.462052404
"YT_18_19","GID8499171",8.805552404
"YT_18_19","GID8499173",8.431552404
"YT_18_19","GID8499174",8.306052404
"YT_18_19","GID8499214",9.183494943
"YT_18_19","GID8499218",8.688494943
"YT_18_19","GID8499219",8.588494943
"YT_18_19","GID8499222",9.110994943
"YT_18_19","GID8499223",7.926994943
"YT_18_19","GID8499225",7.939994943
"YT_18_19","GID8499229",8.353994943
"YT_18_19","GID8499244",7.998628801
"YT_18_19","GID8499246",8.926128801
"YT_18_19","GID8499249",8.315128801
"YT_18_19","GID8499251",8.031128801
"YT_18_19","GID8499320",8.122003869
"YT_18_19","GID8499327",8.023503869
"YT_18_19","GID8499341",8.232503869
"YT_18_19","GID8499352",7.952003869
"YT_18_19","GID8499362",8.310132806
"YT_18_19","GID8499363",8.064632806
"YT_18_19","GID8499364",7.994632806
"YT_18_19","GID8499367",8.702632806
"YT_18_19","GID8499443",7.879392648
"YT_18_19","GID8499452",7.971392648
"YT_18_19","GID8499470",7.999606672
"YT_18_19","GID8499471",7.948106672
"YT_18_19","GID8499474",8.318606672
"YT_18_19","GID8499483",8.113606672
"YT_18_19","GID8499487",8.209606672
"YT_18_19","GID8499491",8.223606672
"YT_18_19","GID8499492",7.908606672
"YT_18_19","GID8499493",8.624106672
"YT_18_19","GID8499494",8.285606672
"YT_18_19","GID8499501",8.486606672
"YT_18_19","GID8499502",8.837606672
"YT_18_19","GID8499503",8.399106672
"YT_18_19","GID8499505",9.326606672
"YT_18_19","GID8499516",8.287624185
"YT_18_19","GID8499517",8.034624185
"YT_18_19","GID8499519",8.264124185
"YT_18_19","GID8499542",8.126624185
"YT_18_19","GID8499561",8.693769685
"YT_18_19","GID8499564",8.469769685
"YT_18_19","GID8499577",8.698769685
"YT_18_19","GID8499593",8.415251765
"YT_18_19","GID8499595",8.635751765
"YT_18_19","GID8499596",8.235251765
"YT_18_19","GID8499597",8.294251765
"YT_18_19","GID8499598",8.334251765
"YT_18_19","GID8499599",8.677751765
"YT_18_19","GID8499602",9.089251765
"YT_18_19","GID8499603",8.728751765
"YT_18_19","GID8499608",8.856751765
"YT_18_19","GID8499609",8.379751765
"YT_18_19","GID8499611",8.307251765
"YT_18_19","GID8499627",8.461321273
"YT_18_19","GID8499632",8.722321273
"YT_18_19","GID8499634",8.572821273
"YT_18_19","GID8499635",8.340821273
"YT_18_19","GID8499636",8.467821273
"YT_18_19","GID8499639",9.172821273
"YT_18_19","GID8499640",8.106321273
"YT_18_19","GID8499643",8.307321273
"YT_18_19","GID8499645",8.333321273
"YT_18_19","GID8499651",7.912321273
"YT_18_19","GID8499653",8.801321273
"YT_18_19","GID8499657",8.471321273
"YT_18_19","GID8499658",8.212821273
"YT_18_19","GID8499659",8.431821273
"YT_18_19","GID8499660",8.139396755
"YT_18_19","GID8499662",8.516396755
"YT_18_19","GID8499665",8.508396755
"YT_18_19","GID8499666",8.675896755
"YT_18_19","GID8499671",8.375396755
"YT_18_19","GID8499679",8.540396755
"YT_18_19","GID8499681",8.642896755
"YT_18_19","GID8499690",8.117896755
"YT_18_19","GID8499697",8.614396755
"YT_18_19","GID8499705",8.195916643
"YT_18_19","GID8499706",8.702916643
"YT_18_19","GID8499717",9.103416643
"YT_18_19","GID8499718",9.472916643
"YT_18_19","GID8499723",8.133916643
"YT_18_19","GID8499725",8.282916643
"YT_18_19","GID8499730",8.179416643
"YT_18_19","GID8499735",9.001916643
"YT_18_19","GID8499741",8.468416643
"YT_18_19","GID8499746",8.539325889
"YT_18_19","GID8499748",8.786825889
"YT_18_19","GID8499753",8.145325889
"YT_18_19","GID8499756",8.413325889
"YT_18_19","GID8499758",8.950825889
"YT_18_19","GID8499765",8.515825889
"YT_18_19","GID8499767",8.286325889
"YT_18_19","GID8499770",8.061825889
"YT_18_19","GID8499771",8.213825889
"YT_18_19","GID8499773",9.351825889
"YT_18_19","GID8499778",8.549719556
"YT_18_19","GID8499781",8.113219556
"YT_18_19","GID8499790",8.491719556
"YT_18_19","GID8499794",8.675219556
"YT_18_19","GID8499796",8.752719556
"YT_18_19","GID8499797",8.877219556
"YT_18_19","GID8499801",8.270719556
"YT_18_19","GID8499812",8.170719556
"YT_18_19","GID8499816",8.291719556
"YT_18_19","GID8499817",8.21239421
"YT_18_19","GID8499830",8.02889421
"YT_18_19","GID8499859",8.24689421
"YT_18_19","GID8499868",8.075927504
"YT_18_19","GID8499869",8.246427504
"YT_18_19","GID8499871",8.317427504
"YT_18_19","GID8499875",8.236927504
"YT_18_19","GID8499891",8.209927504
"YT_18_19","GID8499898",8.480271551
"YT_18_19","GID8499918",8.007771551
"YT_18_19","GID8499929",8.394271551
"YT_18_19","GID8499940",8.235720438
"YT_18_19","GID8499941",8.565220438
"YT_18_19","GID8499968",8.259720438
"YT_18_19","GID8499969",8.187720438
"YT_18_19","GID8499972",8.376220438
"YT_18_19","GID8499975",8.299720438
"YT_18_19","GID8499992",8.589361322
"YT_18_19","GID8499995",8.593361322
"YT_18_19","GID8500018",8.980361322
"YT_18_19","GID8500019",8.531861322
"YT_18_19","GID8500022",8.810861322
"YT_18_19","GID8500025",8.485664437
"YT_18_19","GID8500029",8.249664437
"YT_18_19","GID8500032",8.246664437
"YT_18_19","GID8500034",8.313664437
"YT_18_19","GID8500050",8.534664437
"YT_18_19","GID8500062",8.181664437
"YT_18_19","GID8500079",8.210872964
"YT_18_19","GID8500082",8.242372964
"YT_18_19","GID8500084",8.661372964
"YT_18_19","GID8500085",8.802872964
"YT_18_19","GID8500086",8.168372964
"YT_18_19","GID8500090",8.477372964
"YT_18_19","GID8500094",8.260372964
"YT_18_19","GID8500097",8.175872964
"YT_18_19","GID8500100",8.365372964
"YT_18_19","GID8500106",8.440877477
"YT_18_19","GID8500125",8.167877477
"YT_18_19","GID8500128",7.951877477
"YT_18_19","GID8500137",8.586377477
"YT_18_19","GID8500167",8.276365327
"YT_18_19","GID8500181",8.753899402
"YT_18_19","GID8500183",8.286899402
"YT_18_19","GID8500184",8.496899402
"YT_18_19","GID8500186",8.569899402
"YT_18_19","GID8500198",7.978899402
"YT_18_19","GID8500199",8.617399402
"YT_18_19","GID8500219",8.210555457
"YT_18_19","GID8500222",8.204055457
"YT_18_19","GID8500224",7.875055457
"YT_18_19","GID8500233",8.362055457
"YT_18_19","GID8500234",8.637555457
"YT_18_19","GID8500243",8.656555457
"YT_18_19","GID8500244",8.697055457
"YT_18_19","GID8500245",8.761055457
"YT_18_19","GID8500255",8.027676657
"YT_18_19","GID8500258",8.183676657
"YT_18_19","GID8500259",8.600176657
"YT_18_19","GID8500265",8.239176657
"YT_18_19","GID8500276",8.508176657
"YT_18_19","GID8500278",8.666176657
"YT_18_19","GID8500286",8.091676657
"YT_18_19","GID8500293",8.356655919
"YT_18_19","GID8500300",8.449655919
"YT_18_19","GID8500303",8.239155919
"YT_18_19","GID8500310",8.749655919
"YT_18_19","GID8500315",8.474155919
"YT_18_19","GID8500317",8.457655919
"YT_18_19","GID8500319",8.091155919
"YT_18_19","GID8500325",8.183155919
"YT_18_19","GID8500331",8.850729534
"YT_18_19","GID8500340",8.608729534
"YT_18_19","GID8500367",8.581647502
"YT_18_19","GID8500369",8.399147502
"YT_18_19","GID8500375",8.448147502
"YT_18_19","GID8500376",8.485647502
"YT_18_19","GID8500377",8.515647502
"YT_18_19","GID8500378",8.089147502
"YT_18_19","GID8500379",8.065647502
"YT_18_19","GID8500386",8.262147502
"YT_18_19","GID8500392",8.400647502
"YT_18_19","GID8500401",8.849647502
"YT_18_19","GID8500402",8.417647502
"YT_18_19","GID8500403",8.282147502
"YT_18_19","GID8500418",8.133127036
"YT_18_19","GID8500419",8.098127036
"YT_18_19","GID8500423",8.370627036
"YT_18_19","GID8500428",7.966127036
"YT_18_19","GID8500444",7.933627036
"YT_18_19","GID8500451",7.977318829
"YT_18_19","GID8500461",8.532318829
"YT_18_19","GID8500543",8.356246674
"YT_18_19","GID8500561",8.609826466
"YT_18_19","GID8500567",8.313326466
"YT_18_19","GID8500570",8.479326466
"YT_18_19","GID8500573",8.457826466
"YT_18_19","GID8500610",8.172682426
"YT_18_19","GID8500611",8.080182426
"YT_18_19","GID8500615",7.942182426
"YT_18_19","GID8500617",8.575682426
"YT_18_19","GID8500618",7.836682426
"YT_18_19","GID8500628",8.002182426
"YT_18_19","GID8500644",8.172989649
"YT_18_19","GID8500648",8.204989649
"YT_18_19","GID8500650",7.791989649
"YT_18_19","GID8500652",8.090989649
"YT_18_19","GID8500662",8.165489649
"YT_18_19","GID8500664",7.863989649
"YT_18_19","GID8500673",8.028989649
"YT_18_19","GID8500684",7.820048297
"YT_18_19","GID8500688",8.208548297
"YT_18_19","GID8500690",8.327548297
"YT_18_19","GID8500691",8.426548297
"YT_18_19","GID8500692",8.049548297
"YT_18_19","GID8500693",8.206548297
"YT_18_19","GID8500694",8.073048297
"YT_18_19","GID8500695",8.311048297
"YT_18_19","GID8500696",7.511548297
"YT_18_19","GID8500700",8.496048297
"YT_18_19","GID8500707",7.625048297
"YT_18_19","GID8500710",8.221048297
"YT_18_19","GID8500712",8.167048297
"YT_18_19","GID8500713",8.345048297
"YT_18_19","GID8500722",7.987333289
"YT_18_19","GID8500746",8.591833289
"YT_18_19","GID8500748",8.049333289
"YT_18_19","GID8500753",7.975833289
"YT_18_19","GID8500755",7.837039575
"YT_18_19","GID8500763",7.880039575
"YT_18_19","GID8500767",7.972539575
"YT_18_19","GID8500769",7.918039575
"YT_18_19","GID8500794",8.434074634
"YT_18_19","GID8500795",8.220574634
"YT_18_19","GID8500796",8.143074634
"YT_18_19","GID8500798",8.420574634
"YT_18_19","GID8500802",7.934574634
"YT_18_19","GID8500815",8.483074634
"YT_18_19","GID8500817",7.960074634
"YT_18_19","GID8500819",8.564074634
"YT_18_19","GID8500820",8.443574634
"YT_18_19","GID8500834",7.74351697
"YT_18_19","GID8500835",8.00701697
"YT_18_19","GID8500837",8.31151697
"YT_18_19","GID8500856",8.32801697
"YT_18_19","GID8500866",8.31251697
"YT_18_19","GID8500869",8.500647774
"YT_18_19","GID8500870",8.149147774
"YT_18_19","GID8500872",8.194147774
"YT_18_19","GID8500874",8.221147774
"YT_18_19","GID8500876",8.066647774
"YT_18_19","GID8500878",9.185147774
"YT_18_19","GID8500882",8.416647774
"YT_18_19","GID8500884",8.488647774
"YT_18_19","GID8500885",8.115647774
"YT_18_19","GID8500887",8.698147774
"YT_18_19","GID8500890",8.381147774
"YT_18_19","GID8500891",8.223147774
"YT_18_19","GID8500892",7.908147774
"YT_18_19","GID8500893",8.160647774
"YT_18_19","GID8500894",8.422147774
"YT_18_19","GID8500895",8.764647774
"YT_18_19","GID8500926",7.988152661
"YT_18_19","GID8500940",7.789481639
"YT_18_19","GID8500947",8.090981639
"YT_18_19","GID8500948",8.231481639
"YT_18_19","GID8500950",8.260481639
"YT_18_19","GID8500953",8.354981639
"YT_18_19","GID8500962",7.785481639
"YT_18_19","GID8500963",8.463981639
"YT_18_19","GID8500968",7.745481639
"YT_18_19","GID8500970",7.905981639
"YT_18_19","GID8500971",8.707481639
"YT_18_19","GID8500973",8.326546837
"YT_18_19","GID8500983",8.096046837
"YT_18_19","GID8500984",7.938046837
"YT_18_19","GID8500985",8.020046837
"YT_18_19","GID8500988",8.070546837
"YT_18_19","GID8500989",8.137046837
"YT_18_19","GID8500997",8.148046837
"YT_18_19","GID8500998",8.341546837
"YT_18_19","GID8501000",8.266026676
"YT_18_19","GID8501002",8.380026676
"YT_18_19","GID8501004",8.486026676
"YT_18_19","GID8501005",7.745026676
"YT_18_19","GID8501006",7.663526676
"YT_18_19","GID8501011",7.720026676
"YT_18_19","GID8501012",7.809026676
"YT_18_19","GID8501013",7.625026676
"YT_18_19","GID8501016",8.035026676
"YT_18_19","GID8501018",7.855526676
"YT_18_19","GID8501019",7.784026676
"YT_18_19","GID8501021",8.041026676
"YT_18_19","GID8501022",7.991526676
"YT_18_19","GID8501024",7.625526676
"YT_18_19","GID8501025",8.385526676
"YT_18_19","GID8501026",8.017526676
"YT_18_19","GID8501028",7.771026676
"YT_18_19","GID8501029",7.851526676
"YT_18_19","GID8501032",7.796026676
"YT_18_19","GID8501034",7.496026676
"YT_18_19","GID8501035",7.895130838
"YT_18_19","GID8501049",7.844130838
"YT_18_19","GID8501050",7.802130838
"YT_18_19","GID8501058",7.835630838
"YT_18_19","GID8501061",7.903630838
"YT_18_19","GID8501066",8.140286112
"YT_18_19","GID8501077",8.056286112
"YT_18_19","GID8501078",8.030286112
"YT_18_19","GID8501080",8.155786112
"YT_18_19","GID8501081",8.171786112
"YT_18_19","GID8501083",8.041286112
"YT_18_19","GID8501087",8.033286112
"YT_18_19","GID8501089",8.697286112
"YT_18_19","GID8501090",8.396704594
"YT_18_19","GID8501091",8.553286112
"YT_18_19","GID8501092",7.996786112
"YT_18_19","GID8501093",8.550286112
"YT_18_19","GID8501095",8.150806578
"YT_18_19","GID8501096",8.608306578
"YT_18_19","GID8501100",7.756306578
"YT_18_19","GID8501102",7.768806578
"YT_18_19","GID8501104",8.129306578
"YT_18_19","GID8501106",8.193806578
"YT_18_19","GID8501108",8.130306578
"YT_18_19","GID8501109",8.827806578
"YT_18_19","GID8501110",8.036306578
"YT_18_19","GID8501111",8.373306578
"YT_18_19","GID8501120",8.541306578
"YT_18_19","GID8501131",8.075634266
"YT_18_19","GID8501132",7.945134266
"YT_18_19","GID8501133",8.183134266
"YT_18_19","GID8501136",8.105134266
"YT_18_19","GID8501137",8.158134266
"YT_18_19","GID8501140",8.504634266
"YT_18_19","GID8501153",7.758634266
"YT_18_19","GID8501155",7.814134266
"YT_18_19","GID8501156",7.775634266
"YT_18_19","GID8501198",8.043472815
"YT_18_19","GID8501213",7.988495147
"YT_18_19","GID8501217",8.270995147
"YT_18_19","GID8501228",8.506495147
"YT_18_19","GID8501231",8.631995147
"YT_18_19","GID8501234",8.044377376
"YT_18_19","GID8501238",7.642377376
"YT_18_19","GID8501240",7.920377376
"YT_18_19","GID8501257",7.957377376
"YT_18_19","GID8501258",7.863877376
"YT_18_19","GID8501259",7.983877376
"YT_18_19","GID8501260",8.464377376
"YT_18_19","GID8501262",8.090877376
"YT_18_19","GID8501263",8.195377376
"YT_18_19","GID8501268",8.019877376
"YT_18_19","GID8501283",8.553377376
"YT_18_19","GID8501284",8.180377376
"YT_18_19","GID8501291",8.544373269
"YT_18_19","GID8501292",8.175373269
"YT_18_19","GID8501295",8.336373269
"YT_18_19","GID8501297",8.089373269
"YT_18_19","GID8501298",8.312373269
"YT_18_19","GID8501299",8.311873269
"YT_18_19","GID8501301",8.150873269
"YT_18_19","GID8501303",8.168873269
"YT_18_19","GID8501304",8.362373269
"YT_18_19","GID8501305",8.775373269
"YT_18_19","GID8501306",8.807373269
"YT_18_19","GID8501315",8.241373269
"YT_18_19","GID8501317",8.889873269
"YT_18_19","GID8501318",8.216373269
"YT_18_19","GID8501325",8.201873269
"YT_18_19","GID8501345",8.206339092
"YT_18_19","GID8501347",8.570839092
"YT_18_19","GID8501356",8.795839092
"YT_18_19","GID8501374",8.570857792
"YT_18_19","GID8501375",8.274357792
"YT_18_19","GID8501376",8.458357792
"YT_18_19","GID8501380",8.180857792
"YT_18_19","GID8501381",8.044857792
"YT_18_19","GID8501382",8.350857792
"YT_18_19","GID8501387",8.071857792
"YT_18_19","GID8501390",7.975357792
"YT_18_19","GID8501391",8.444857792
"YT_18_19","GID8501392",8.693357792
"YT_18_19","GID8501393",8.710857792
"YT_18_19","GID8501397",8.637357792
"YT_18_19","GID8501399",8.435857792
"YT_18_19","GID8501401",8.856357792
"YT_18_19","GID8501402",7.744357792
"YT_18_19","GID8501403",9.422857792
"YT_18_19","GID8501406",9.251235711
"YT_18_19","GID8501407",8.572735711
"YT_18_19","GID8501416",8.374235711
"YT_18_19","GID8501424",8.531735711
"YT_18_19","GID8501434",8.429735711
"YT_18_19","GID8501436",8.522235711
"YT_18_19","GID8501437",8.511735711
"YT_18_19","GID8501440",8.630235711
"YT_18_19","GID8501444",8.622735711
"YT_18_19","GID8501445",8.276235711
"YT_18_19","GID8501448",8.770735711
"YT_18_19","GID8501449",7.791235711
"YT_18_19","GID8501450",7.688235711
"YT_18_19","GID8501453",8.588235711
"YT_18_19","GID8501455",8.672235711
"YT_18_19","GID8501456",8.131235711
"YT_18_19","GID8501485",8.725124491
"YT_18_19","GID8501502",8.725663657
"YT_18_19","GID8501504",7.938663657
"YT_18_19","GID8501508",8.015163657
"YT_18_19","GID8501515",8.175163657
"YT_18_19","GID8501521",8.114663657
"YT_18_19","GID8501522",8.597163657
"YT_18_19","GID8501523",8.773163657
"YT_18_19","GID8501524",8.597663657
"YT_18_19","GID8501525",8.637163657
"YT_18_19","GID8501526",8.473163657
"YT_18_19","GID8501527",8.532663657
"YT_18_19","GID8501528",8.820663657
"YT_18_19","GID8501531",8.347223866
"YT_18_19","GID8501536",8.443723866
"YT_18_19","GID8501550",8.399223866
"YT_18_19","GID8501551",8.276723866
"YT_18_19","GID8501552",8.545723866
"YT_18_19","GID8501554",7.920723866
"YT_18_19","GID8501555",8.619723866
"YT_18_19","GID8501566",8.775723866
"YT_18_19","GID8501570",8.205979195
"YT_18_19","GID8501573",8.150479195
"YT_18_19","GID8501580",7.849979195
"YT_18_19","GID8501583",7.877479195
"YT_18_19","GID8501587",7.895479195
"YT_18_19","GID8501591",7.844979195
"YT_18_19","GID8501605",8.031979195
"YT_18_19","GID8501606",7.952479195
"YT_18_19","GID8501610",7.760979195
"YT_18_19","GID8501638",8.029901574
"YT_18_19","GID8501653",8.54296365
"YT_18_19","GID8501655",8.68496365
"YT_18_19","GID8501658",8.16996365
"YT_18_19","GID8501659",8.18496365
"YT_18_19","GID8501666",8.08246365
"YT_18_19","GID8501668",8.73646365
"YT_18_19","GID8501670",8.47146365
"YT_18_19","GID8501709",8.473421734
"YT_18_19","GID8501710",8.091921734
"YT_18_19","GID8501712",8.183921734
"YT_18_19","GID8501715",8.417421734
"YT_18_19","GID8501717",7.983421734
"YT_18_19","GID8501741",8.077185887
"YT_18_19","GID8501770",8.049796701
"YT_18_19","GID8501777",8.090796701
"YT_18_19","GID8501782",8.054796701
"YT_18_19","GID8501821",8.161112442
"YT_18_19","GID8501830",8.364612442
"YT_18_19","GID8501840",8.482992906
"YT_18_19","GID8501841",8.303492906
"YT_18_19","GID8501842",8.344492906
"YT_18_19","GID8501870",8.241492906
"YT_18_19","GID8501878",8.440899028
"YT_18_19","GID8501883",9.519899028
"YT_18_19","GID8501904",8.224846151
"YT_18_19","GID8501912",8.207346151
"YT_18_19","GID8501918",8.589846151
"YT_18_19","GID8501919",8.185846151
"YT_18_19","GID8501974",8.383563297
"YT_18_19","GID8501994",8.620563297
"YT_18_19","GID8502004",8.605792594
"YT_18_19","GID8502005",8.645792594
"YT_18_19","GID8502007",8.261292594
"YT_18_19","GID8502011",9.266513372
"YT_18_19","GID8502023",9.383292594
"YT_18_19","GID8502028",8.621792594
"YT_18_19","GID8502035",8.593292594
"YT_18_19","GID8502052",8.348159245
"YT_18_19","GID8502055",8.308659245
"YT_18_19","GID8502058",8.388159245
"YT_18_19","GID8502070",8.489159245
"YT_18_19","GID8502093",8.25680169
"YT_18_19","GID8502117",8.544976344
"YT_18_19","GID8502121",8.025976344
"YT_18_19","GID8502147",8.790476344
"YT_18_19","GID8502150",8.37610579
"YT_18_19","GID8502166",8.35560579
"YT_18_19","GID8502168",8.13360579
"YT_18_19","GID8502170",8.30610579
"YT_18_19","GID8502177",8.28110579
"YT_18_19","GID8502183",8.24929945
"YT_18_19","GID8502184",8.23729945
"YT_18_19","GID8502185",8.00429945
"YT_18_19","GID8502186",8.61779945
"YT_18_19","GID8502187",7.93229945
"YT_18_19","GID8502188",8.03379945
"YT_18_19","GID8502189",8.24379945
"YT_18_19","GID8502190",8.17229945
"YT_18_19","GID8502191",8.43179945
"YT_18_19","GID8502192",8.52879945
"YT_18_19","GID8502193",8.40979945
"YT_18_19","GID8502194",7.95179945
"YT_18_19","GID8502195",8.46279945
"YT_18_19","GID8502196",8.14879945
"YT_18_19","GID8502199",8.40429945
"YT_18_19","GID8502200",8.33479945
"YT_18_19","GID8502201",8.97079945
"YT_18_19","GID8502202",8.23179945
"YT_18_19","GID8502207",7.98079945
"YT_18_19","GID8502208",8.05829945
"YT_18_19","GID8502212",8.66279945
"YT_18_19","GID8502213",7.89779945
"YT_18_19","GID8502250",9.412013372
"YT_18_19","GID8502251",9.464013372
"YT_18_19","GID8502256",8.11948096
"YT_18_19","GID8502257",7.94348096
"YT_18_19","GID8502259",7.94848096
"YT_18_19","GID8502264",7.60148096
"YT_18_19","GID8502265",8.10948096
"YT_18_19","GID8502266",7.92698096
"YT_18_19","GID8502271",8.17048096
"YT_18_19","GID8502272",8.04098096
"YT_18_19","GID8502273",7.84698096
"YT_18_19","GID8502277",7.97448096
"YT_18_19","GID8502281",8.11098096
"YT_18_19","GID8502285",7.94848096
"YT_18_19","GID8502287",8.23698096
"YT_18_19","GID8502288",8.18998096
"YT_18_19","GID8502298",7.950092757
"YT_18_19","GID8502300",7.965592757
"YT_18_19","GID8502306",8.613592757
"YT_18_19","GID8502307",8.099092757
"YT_18_19","GID8502310",7.961592757
"YT_18_19","GID8502312",8.195592757
"YT_18_19","GID8502321",8.310592757
"YT_18_19","GID8502323",8.171092757
"YT_18_19","GID8502324",8.371592757
"YT_18_19","GID8502326",8.225592757
"YT_18_19","GID8502342",8.134592757
"YT_18_19","GID8502346",7.977092757
"YT_18_19","GID8502352",8.568350835
"YT_18_19","GID8502361",8.499350835
"YT_18_19","GID8502379",8.882350835
"YT_18_19","GID8502385",8.225350835
"YT_18_19","GID8502386",8.356850835
"YT_18_19","GID8502391",7.95599681
"YT_18_19","GID8502409",8.12649681
"YT_18_19","GID8502418",8.41699681
"YT_18_19","GID8502419",8.68799681
"YT_18_19","GID8502462",7.987144822
"YT_18_19","GID8502505",8.876017649
"YT_18_19","GID8502544",8.505561024
"YT_18_19","GID8502549",8.940561024
"YT_18_19","GID8502554",8.517561024
"YT_18_19","GID8502575",9.334061024
"YT_18_19","GID8502583",8.778561024
"YT_18_19","GID8502586",8.738561024
"YT_18_19","GID8502595",8.804061024
"YT_18_19","GID8502609",8.895071308
"YT_18_19","GID8502611",9.222571308
"YT_18_19","GID8502619",9.139071308
"YT_18_19","GID8502633",8.870571308
"YT_18_19","GID8502649",8.967071308
"YT_18_19","GID8502653",8.510071308
"YT_18_19","GID8502658",8.534571308
"YT_18_19","GID8502659",8.807071308
"YT_18_19","GID8502661",9.111071308
"YT_18_19","GID8502663",8.701071308
"YT_18_19","GID8502805",9.045143565
"YT_18_19","GID8502812",9.163643565
"YT_18_19","GID8502836",8.716562891
"YT_18_19","GID8502837",8.752062891
"YT_18_19","GID8502889",8.630153747
"YT_18_19","GID8502951",8.468953537
"YT_18_19","GID8502954",8.584453537
"YT_18_19","GID8502955",8.716453537
"YT_18_19","GID8502956",8.369953537
"YT_18_19","GID8502958",8.667953537
"YT_18_19","GID8502964",8.870453537
"YT_18_19","GID8502968",8.731953537
"YT_18_19","GID8503010",8.659571987
"YT_18_19","GID8503011",8.303571987
"YT_18_19","GID8503017",8.778071987
"YT_18_19","GID8503024",9.907571987
"YT_18_19","GID8503035",8.621823786
"YT_18_19","GID8503058",8.822823786
"YT_18_19","GID8503102",8.390684667
"YT_18_19","GID8503120",8.333684667
"YT_18_19","GID8503201",8.312267208
"YT_18_19","GID8503202",8.000267208
"YT_18_19","GID8503203",8.389767208
"YT_18_19","GID8503204",8.427767208
"YT_18_19","GID8503208",8.820767208
"YT_18_19","GID8503214",8.390267208
"YT_18_19","GID8503218",8.206267208
"YT_18_19","GID8503220",8.689767208
"YT_18_19","GID8503224",8.402267208
"YT_18_19","GID8503225",8.675767208
"YT_18_19","GID8503226",8.648767208
"YT_18_19","GID8503232",9.394767208
"YT_18_19","GID8503237",8.317267208
"YT_18_19","GID8503238",8.174267208
"YT_18_19","GID8503244",8.399336818
"YT_18_19","GID8503270",8.746336818
"YT_18_19","GID8503275",8.595836818
"YT_18_19","GID8503349",8.456795786
"YT_18_19","GID8503426",9.00646528
"YT_18_19","GID8503441",9.12496528
"YT_18_19","GID8503445",8.86896528
"YT_18_19","GID8503448",8.69046528
"YT_18_19","GID8503468",9.23396528
"YT_18_19","GID8503471",8.90996528
"YT_18_19","GID8503478",9.43446528
"YT_18_19","GID8503479",8.64346528
"YT_18_19","GID8503484",8.620402525
"YT_18_19","GID8503488",8.597902525
"YT_18_19","GID8503550",8.143591672
"YT_18_19","GID8503579",9.244591672
"YT_18_19","GID8503582",8.547091672
"YT_18_19","GID8503591",8.639091672
"YT_18_19","GID8503625",8.744380295
"YT_18_19","GID8503628",8.973380295
"YT_18_19","GID8503656",9.439380295
"YT_18_19","GID8503724",8.781430017
"YT_18_19","GID8503726",8.443430017
"YT_18_19","GID8503838",9.081793749
"YT_18_19","GID8503874",8.754293749
"YT_18_19","GID8503876",8.896293749
"YT_18_19","GID8504038",8.68266264
"YT_18_19","GID8504068",9.22016264
"YT_18_19","GID8504069",8.83916264
"YT_18_19","GID8504085",8.52916264
"YT_18_19","GID8504143",9.311079725
"YT_18_19","GID8504253",8.599106436
"YT_18_19","GID8504280",8.979106436
"YT_18_19","GID8504287",9.149106436
"YT_18_19","GID8504382",9.07641729
"YT_18_19","GID8504387",9.330716298
"YT_18_19","GID8504392",8.993216298
"YT_18_19","GID8504402",9.143716298
"YT_18_19","GID8504403",8.852216298
"YT_18_19","GID8504405",9.282716298
"YT_18_19","GID8504413",9.015216298
"YT_18_19","GID8504422",8.831216298
"YT_18_19","GID8504442",9.030930221
"YT_18_19","GID8504456",9.044430221
"YT_18_19","GID8504476",9.066430221
"YT_18_19","GID8504479",9.062430221
"YT_18_19","GID8504503",9.084033906
"YT_18_19","GID8504506",8.563033906
"YT_18_19","GID8504507",9.248033906
"YT_18_19","GID8504521",8.816533906
"YT_18_19","GID8504522",8.557033906
"YT_18_19","GID8504526",9.025047788
"YT_18_19","GID8504590",8.753798433
"YT_18_19","GID8504598",8.720798433
"YT_18_19","GID8504654",9.126118281
"YT_18_19","GID8504672",8.581118281
"YT_18_19","GID8504692",8.482618281
"YT_18_19","GID8504716",8.650338176
"YT_18_19","GID8504717",8.670838176
"YT_18_19","GID8504731",9.117838176
"YT_18_19","GID8504745",9.215338176
"YT_18_19","GID8504760",8.649338176
"YT_18_19","GID8504783",8.818956253
"YT_18_19","GID8504828",8.857869808
"YT_18_19","GID8504847",8.766869808
"YT_18_19","GID8504849",9.179369808
"YT_18_19","GID8504862",8.906869808
"YT_18_19","GID8504864",8.825369808
"YT_18_19","GID8505018",9.720581864
"YT_18_19","GID8505093",9.026532312
"YT_18_19","GID8505094",8.826532312
"YT_18_19","GID8505190",9.563559532
"YT_18_19","GID8505237",9.645582339
"YT_18_19","GID8505241",8.447127377
"YT_18_19","GID8505246",8.833127377
"YT_18_19","GID8505248",9.003127377
"YT_18_19","GID8505253",8.965127377
"YT_18_19","GID8505260",8.308127377
"YT_18_19","GID8505267",8.158127377
"YT_18_19","GID8505271",8.064627377
"YT_18_19","GID8505338",9.081151271
"YT_18_19","GID8505346",8.968651271
"YT_18_19","GID8505428",9.170814283
"YT_18_19","GID8505461",8.332314283
"YT_18_19","GID8505469",8.169347374
"YT_18_19","GID8505474",8.486847374
"YT_18_19","GID8505478",8.989847374
"YT_18_19","GID8505482",9.351847374
"YT_18_19","GID8505486",8.782347374
"YT_18_19","GID8505490",8.070847374
"YT_18_19","GID8505504",8.121347374
"YT_18_19","GID8505505",8.655847374
"YT_18_19","GID8505508",9.255085698
"YT_18_19","GID8505509",8.162085698
"YT_18_19","GID8505512",8.439585698
"YT_18_19","GID8505519",8.285085698
"YT_18_19","GID8505522",8.590085698
"YT_18_19","GID8505529",8.888085698
"YT_18_19","GID8505530",9.461585698
"YT_18_19","GID8505531",8.819585698
"YT_18_19","GID8505532",8.821085698
"YT_18_19","GID8505533",8.598085698
"YT_18_19","GID8505534",8.850585698
"YT_18_19","GID8505536",8.993085698
"YT_18_19","GID8505537",8.638585698
"YT_18_19","GID8505539",8.393585698
"YT_18_19","GID8505561",8.692359626
"YT_18_19","GID8505568",8.669359626
"YT_18_19","GID8505571",8.458859626
"YT_18_19","GID8505578",8.339859626
"YT_18_19","GID8505601",8.290043681
"YT_18_19","GID8505625",8.273543681
"YT_18_19","GID8505626",8.660543681
"YT_18_19","GID8505637",8.97742591
"YT_18_19","GID8505644",8.43292591
"YT_18_19","GID8505678",8.53192591
"YT_18_19","GID8505679",8.41892591
"YT_18_19","GID8505684",8.37892591
"YT_18_19","GID8505686",9.540416603
"YT_18_19","GID8505693",8.86742591
"YT_18_19","GID8505697",9.025331727
"YT_18_19","GID8505705",8.770331727
"YT_18_19","GID8505715",9.733331727
"YT_18_19","GID8505718",8.408331727
"YT_18_19","GID8505719",8.110831727
"YT_18_19","GID8505736",8.376831727
"YT_18_19","GID8505740",8.818206897
"YT_18_19","GID8505794",8.649657651
"YT_18_19","GID8505824",8.476157651
"YT_18_19","GID8505913",8.908537131
"YT_18_19","GID8505956",8.837037131
"YT_18_19","GID8506169",9.266334647
"YT_18_19","GID8506194",8.999799214
"YT_18_19","GID8506196",9.058299214
"YT_18_19","GID8506213",9.258299214
"YT_18_19","GID8506274",9.026474547
"YT_18_19","GID8506312",8.807921295
"YT_18_19","GID8506351",8.877803524
"YT_18_19","GID8506359",8.373803524
"YT_18_19","GID8506377",8.973303524
"YT_18_19","GID8506391",8.419303524
"YT_18_19","GID8506396",9.093303524
"YT_18_19","GID8506398",8.802303524
"YT_18_19","GID8506441",8.829671057
"YT_18_19","GID8506505",8.549423739
"YT_18_19","GID8506512",8.943423739
"YT_18_19","GID8506513",9.056423739
"YT_18_19","GID8506515",9.227423739
"YT_18_19","GID8506516",9.036923739
"YT_18_19","GID8506517",8.822923739
"YT_18_19","GID8506521",8.863423739
"YT_18_19","GID8506524",8.867423739
"YT_18_19","GID8506525",8.931423739
"YT_18_19","GID8506527",8.797923739
"YT_18_19","GID8506529",9.352423739
"YT_18_19","GID8506530",8.722923739
"YT_18_19","GID8506531",8.706423739
"YT_18_19","GID8506532",9.046423739
"YT_18_19","GID8506600",9.100253395
"YT_18_19","GID8506681",8.891907482
"YT_18_19","GID8506754",8.559174078
"YT_18_19","GID8506782",8.943553762
"YT_18_19","GID8506802",8.927053762
"YT_18_19","GID8506808",8.986553762
"YT_18_19","GID8506820",8.675552981
"YT_18_19","GID8506889",9.038249662
"YT_18_19","GID8506939",8.492428151
"YT_18_19","GID8507135",8.818651169
"YT_18_19","GID8507147",8.781151169
"YT_18_19","GID8507171",8.304203063
"YT_18_19","GID8507172",8.334703063
"YT_18_19","GID8507183",8.603203063
"YT_18_19","GID8507188",8.705203063
"YT_18_19","GID8507191",8.900203063
"YT_18_19","GID8507199",8.246203063
"YT_18_19","GID8507204",8.473703063
"YT_18_19","GID8507207",8.858703063
"YT_18_19","GID8507287",8.764030072
"YT_18_19","GID8507302",8.620530072
"YT_18_19","GID8507328",9.005030072
"YT_18_19","GID8507335",8.390530072
"YT_18_19","GID8507336",8.366530072
"YT_18_19","GID8507346",8.25077386
"YT_18_19","GID8507356",8.65027386
"YT_18_19","GID8507380",9.02927386
"YT_18_19","GID8507383",8.998877648
"YT_18_19","GID8507420",8.816377648
"YT_18_19","GID8507421",8.495877648
"YT_18_19","GID8507429",8.407250272
"YT_18_19","GID8507441",8.966250272
"YT_18_19","GID8507443",8.571250272
"YT_18_19","GID8507461",8.424120249
"YT_18_19","GID8507470",8.535620249
"YT_18_19","GID8507477",8.353620249
"YT_18_19","GID8507584",8.896401643
"YT_18_19","GID8507589",8.974401643
"YT_18_19","GID8507591",8.663901643
"YT_18_19","GID8507592",8.476993654
"YT_18_19","GID8507606",8.799993654
"YT_18_19","GID8507611",8.327493654
"YT_18_19","GID8507619",9.123493654
"YT_18_19","GID8507622",8.555993654
"YT_18_19","GID8507626",8.420993654
"YT_18_19","GID8507868",9.433777492
"YT_18_19","GID8507870",9.918777492
"YT_18_19","GID8507873",9.703777492
"YT_18_19","GID8507876",9.271777492
"YT_18_19","GID8508104",8.656288149
"YT_18_19","GID8508123",8.323288149
"YT_18_19","GID8508281",8.879333968
"YT_18_19","GID8508292",8.967833968
"YT_18_19","GID8508331",9.071333968
"YT_18_19","GID8508484",8.236758181
"YT_18_19","GID8508488",8.226472985
"YT_18_19","GID8508505",9.180972985
"YT_18_19","GID8508509",9.189472985
"YT_18_19","GID8508541",8.627584206
"YT_18_19","GID8508543",8.608584206
"YT_18_19","GID8508599",8.586603586
"YT_18_19","GID8508625",8.105324262
"YT_18_19","GID8508628",8.343824262
"YT_18_19","GID8508660",8.781324262
"YT_18_19","GID8508706",8.459982081
"YT_18_19","GID8508708",8.526482081
"YT_18_19","GID8508729",8.450482081
"YT_18_19","GID8508738",8.388982081
"YT_18_19","GID8508749",8.380483167
"YT_18_19","GID8508773",8.591483167
"YT_18_19","GID8508774",8.649483167
"YT_18_19","GID8508775",9.325483167
"YT_18_19","GID8508794",8.667903477
"YT_18_19","GID8508808",8.692403477
"YT_18_19","GID8508835",8.809497761
"YT_18_19","GID8508837",8.875497761
"YT_18_19","GID8508839",8.581997761
"YT_18_19","GID8508867",9.635497761
"YT_18_19","GID8508876",8.942997761
"YT_18_19","GID8508884",8.610694849
"YT_18_19","GID8508892",9.207194849
"YT_18_19","GID8508898",9.360694849
"YT_18_19","GID8508933",8.945400252
"YT_18_19","GID8508936",8.473400252
"YT_18_19","GID8508951",8.616400252
"YT_18_19","GID8508959",8.609900252
"YT_18_19","GID8508961",8.988900252
"YT_18_19","GID8508967",9.475400252
"YT_18_19","GID8508968",9.439900252
"YT_18_19","GID8509029",9.038486697
"YT_18_19","GID8509066",9.174530547
"YT_18_19","GID8509067",9.034530547
"YT_18_19","GID8509126",8.804446648
"YT_18_19","GID8509132",8.467446648
"YT_18_19","GID8509134",8.428946648
"YT_18_19","GID8509136",8.705446648
"YT_18_19","GID8509193",8.810879482
"YT_18_19","GID8509212",8.826697191
"YT_18_19","GID8509220",8.809197191
"YT_18_19","GID8509245",8.807697191
"YT_18_19","GID8509311",8.405951739
"YT_18_19","GID8509322",8.381451739
"YT_18_19","GID8509323",8.674451739
"YT_18_19","GID8509335",8.609951739
"YT_18_19","GID8509437",9.06089937
"YT_18_19","GID8509470",9.232034484
"YT_18_19","GID8509472",9.224034484
"YT_18_19","GID8509489",9.007995317
"YT_18_19","GID8509576",8.805789711
"YT_18_19","GID8509594",8.386665966
"YT_18_19","GID8509639",7.523665966
"YT_18_19","GID8509774",8.340677913
"YT_18_19","GID8509775",8.465177913
"YT_18_19","GID8509779",8.395177913
"YT_18_19","GID8509785",8.890549655
"YT_18_19","GID8509786",8.505549655
"YT_18_19","GID8509787",9.110549655
"YT_18_19","GID8509788",8.335049655
"YT_18_19","GID8509792",9.127549655
"YT_18_19","GID8509793",9.423513372
"YT_18_19","GID8509796",9.114049655
"YT_18_19","GID8509797",9.333513372
"YT_18_19","GID8509801",9.476049655
"YT_18_19","GID8509802",8.774049655
"YT_18_19","GID8509803",8.901049655
"YT_18_19","GID8509810",8.137049655
"YT_18_19","GID8509823",8.940549655
"YT_18_19","GID8509827",8.726049655
"YT_18_19","GID8509828",8.794049655
"YT_18_19","GID8509829",8.476549655
"YT_18_19","GID8509831",8.109049655
"YT_18_19","GID8509834",8.786049655
"YT_18_19","GID8509835",8.482549655
"YT_18_19","GID8509858",7.106890172
"YT_18_19","GID8509862",8.363390172
"YT_18_19","GID8509875",8.954890172
"YT_18_19","GID8509882",8.682890172
"YT_18_19","GID8509894",9.039390172
"YT_18_19","GID8509895",9.067890172
"YT_18_19","GID8509896",9.074829759
"YT_18_19","GID8509901",8.000829759
"YT_18_19","GID8509902",8.369829759
"YT_18_19","GID8509907",9.163829759
"YT_18_19","GID8509932",8.783329759
"YT_18_19","GID8509958",8.826984253
"YT_18_19","GID8509963",9.246984253
"YT_19_20","GID8485523",5.3465905304302
"YT_19_20","GID8485743",5.74910768478107
"YT_19_20","GID8486290",5.95235930671391
"YT_19_20","GID8486311",5.97878594867241
"YT_19_20","GID8486315",6.13951830877242
"YT_19_20","GID8486329",6.22292514076875
"YT_19_20","GID8486393",6.02947363567693
"YT_19_20","GID8486526",6.3790573260858
"YT_19_20","GID8486700",6.29464835789424
"YT_19_20","GID8497755",6.3867537047508
"YT_19_20","GID8497888",6.20277170135821
"YT_19_20","GID8497966",5.91179872940005
"YT_19_20","GID8498154",6.28989564559258
"YT_19_20","GID8498229",6.28989175825471
"YT_19_20","GID8498237",6.25908341284708
"YT_19_20","GID8498265",6.0256241238765
"YT_19_20","GID8498348",5.92794274422495
"YT_19_20","GID8498359",6.08960696658067
"YT_19_20","GID8498364",6.24275367824621
"YT_19_20","GID8498365",6.1642678846992
"YT_19_20","GID8498390",5.82302456043949
"YT_19_20","GID8498394",6.04580360599585
"YT_19_20","GID8498400",6.42654937400844
"YT_19_20","GID8498492",6.51936676164654
"YT_19_20","GID8498518",6.6367301018741
"YT_19_20","GID8498651",6.48859515762165
"YT_19_20","GID8498726",6.08829716010826
"YT_19_20","GID8498734",6.27472792131971
"YT_19_20","GID8498900",5.78381905178405
"YT_19_20","GID8498912",5.9622308368231
"YT_19_20","GID8498976",5.71456614953293
"YT_19_20","GID8499001",5.90302906079561
"YT_19_20","GID8499026",5.34802906079562
"YT_19_20","GID8499155",5.77466598343759
"YT_19_20","GID8499165",6.17745355809214
"YT_19_20","GID8499222",6.1490034003163
"YT_19_20","GID8499244",5.95747987860905
"YT_19_20","GID8499249",5.98010271075556
"YT_19_20","GID8499471",5.25180894286497
"YT_19_20","GID8499474",5.8202338660753
"YT_19_20","GID8499608",6.16946702241698
"YT_19_20","GID8499643",6.38757947691746
"YT_19_20","GID8499653",6.46935004336443
"YT_19_20","GID8499657",6.1004576972235
"YT_19_20","GID8499666",6.26582069396343
"YT_19_20","GID8499718",6.14826154458365
"YT_19_20","GID8499735",5.88642286689696
"YT_19_20","GID8499748",6.53796196004288
"YT_19_20","GID8499781",6.22574042927107
"YT_19_20","GID8499817",6.3492931965697
"YT_19_20","GID8499868",6.31377110058781
"YT_19_20","GID8499929",6.01114449706094
"YT_19_20","GID8499940",5.61114449706094
"YT_19_20","GID8499992",5.84575647006161
"YT_19_20","GID8500029",5.82529268414791
"YT_19_20","GID8500379",6.48966733627534
"YT_19_20","GID8500618",6.31159645898858
"YT_19_20","GID8500688",6.49386650970067
"YT_19_20","GID8500693",6.84149892214723
"YT_19_20","GID8500878",7.25074003354302
"YT_19_20","GID8500893",6.38974652372301
"YT_19_20","GID8500950",6.11330223606246
"YT_19_20","GID8500988",6.18595867933913
"YT_19_20","GID8501058",5.95518787511338
"YT_19_20","GID8501091",6.09132540736062
"YT_19_20","GID8501109",5.71279292526593
"YT_19_20","GID8501133",6.3245927295738
"YT_19_20","GID8501356",6.94554490464242
"YT_19_20","GID8501374",5.72013576233052
"YT_19_20","GID8501437",6.43122621214263
"YT_19_20","GID8501524",6.9691566409425
"YT_19_20","GID8501531",6.87381159553133
"YT_19_20","GID8501550",7.01212949915183
"YT_19_20","GID8501555",6.68888596847723
"YT_19_20","GID8501573",6.52792993736085
"YT_19_20","GID8501583",6.32514024234019
"YT_19_20","GID8501918",6.46291258790684
"YT_19_20","GID8502004",6.44910547054458
"YT_19_20","GID8502023",6.65401500159028
"YT_19_20","GID8502052",6.26014668074356
"YT_19_20","GID8502147",6.80151626055765
"YT_19_20","GID8502168",6.2903889988338
"YT_19_20","GID8502186",6.73021033590133
"YT_19_20","GID8502201",6.1859572698372
"YT_19_20","GID8502212",6.78202788907246
"YT_19_20","GID8502265",5.94612159821124
"YT_19_20","GID8502277",5.88035770318703
"YT_19_20","GID8502287",6.52157704622693
"YT_19_20","GID8502419",6.35282618298761
"YT_19_20","GID8502611",6.97135679135597
"YT_19_20","GID8502633",6.32177575692653
"YT_19_20","GID8502659",6.40448760027565
"YT_19_20","GID8503010",6.05868156849666
"YT_19_20","GID8503058",5.57964190660671
"YT_19_20","GID8503234",6.7692238834211
"YT_19_20","GID8503484",6.1116492178205
"YT_19_20","GID8503625",6.09338801742823
"YT_19_20","GID8504253",6.26093204079348
"YT_19_20","GID8504442",6.68193983313897
"YT_19_20","GID8504598",6.19540472672309
"YT_19_20","GID8504654",6.40168885688706
"YT_19_20","GID8504849",6.28720288553851
"YT_19_20","GID8505530",5.91692281400592
"YT_19_20","GID8505537",5.75826259678475
"YT_19_20","GID8505679",6.11962663420409
"YT_19_20","GID8505718",6.23977225434024
"YT_19_20","GID8506505",6.11468178534248
"YT_19_20","GID8506517",6.37462752922298
"YT_19_20","GID8506529",6.88042702454525
"YT_19_20","GID8506802",6.04305391782839
"YT_19_20","GID8507171",6.43782299186994
"YT_19_20","GID8507191",6.22291293023589
"YT_19_20","GID8507356",6.06989860527029
"YT_19_20","GID8507873",6.29363115642412
"YT_19_20","GID8508331",6.07076296368284
"YT_19_20","GID8508775",6.20192803860245
"YT_19_20","GID8508867",6.71773119353052
"YT_19_20","GID8509639",6.12090133320914
"YT_19_20","GID8509803",6.55687215443921
"YT_19_20","GID8509810",6.40903033375152
"YT_19_20","GID8509823",6.48867590498404
"YT_19_20","GID8509875",6.24502701137353
"YT_19_20","GID8509894",6.24295695362289
"YT_19_20","GID8509963",6.74073551797378
